ISO-10303-21;
HEADER;
FILE_DESCRIPTION (( 'STEP AP214' ),
    '1' );
FILE_NAME ('ºó¸Ç.STEP',
    '2026-03-07T13:34:14',
    ( '' ),
    ( '' ),
    'SwSTEP 2.0',
    'SolidWorks 2025',
    '' );
FILE_SCHEMA (( 'AUTOMOTIVE_DESIGN' ));
ENDSEC;

DATA;
#1 = EDGE_CURVE ( 'NONE', #2547, #3679, #2959, .T. ) ;
#2 = ORIENTED_EDGE ( 'NONE', *, *, #2489, .T. ) ;
#3 = AXIS2_PLACEMENT_3D ( 'NONE', #1735, #685, #1385 ) ;
#4 = DIRECTION ( 'NONE',  ( -9.130123557772672032E-17, -1.000000000000000000, -0.000000000000000000 ) ) ;
#5 = VECTOR ( 'NONE', #1091, 1000.000000000000114 ) ;
#6 = VECTOR ( 'NONE', #995, 999.9999999999998863 ) ;
#7 = ORIENTED_EDGE ( 'NONE', *, *, #1665, .F. ) ;
#8 = CARTESIAN_POINT ( 'NONE',  ( -11.26320336827019553, 59.89599872398927261, -2.201247317918999968 ) ) ;
#9 = CIRCLE ( 'NONE', #475, 0.8999999295153868761 ) ;
#10 = AXIS2_PLACEMENT_3D ( 'NONE', #1704, #967, #2093 ) ;
#11 = CARTESIAN_POINT ( 'NONE',  ( 1.916370136197112162, 42.58749999999978542, -8.800012294714003147 ) ) ;
#12 = CYLINDRICAL_SURFACE ( 'NONE', #2377, 2.399999999999999467 ) ;
#13 = VECTOR ( 'NONE', #3349, 1000.000000000000114 ) ;
#14 = CIRCLE ( 'NONE', #637, 4.000000000000000000 ) ;
#15 = VERTEX_POINT ( 'NONE', #3303 ) ;
#16 = DIRECTION ( 'NONE',  ( -0.000000000000000000, -0.000000000000000000, -1.000000000000000000 ) ) ;
#17 = VERTEX_POINT ( 'NONE', #22 ) ;
#18 = LINE ( 'NONE', #3706, #2280 ) ;
#19 = DIRECTION ( 'NONE',  ( 0.000000000000000000, 0.000000000000000000, -1.000000000000000000 ) ) ;
#20 = VECTOR ( 'NONE', #1336, 1000.000000000000000 ) ;
#21 = DIRECTION ( 'NONE',  ( -0.000000000000000000, -0.000000000000000000, -1.000000000000000000 ) ) ;
#22 = CARTESIAN_POINT ( 'NONE',  ( -14.46320334143921826, 57.64599865991467453, -7.550012294714003147 ) ) ;
#23 = EDGE_CURVE ( 'NONE', #4295, #869, #4017, .T. ) ;
#24 = CARTESIAN_POINT ( 'NONE',  ( -15.79999999999998117, -44.74283101375676353, -0.7012473179190029660 ) ) ;
#25 = CARTESIAN_POINT ( 'NONE',  ( -16.01320335948379991, 56.98599862774710800, -7.550012294714003147 ) ) ;
#26 = VERTEX_POINT ( 'NONE', #2241 ) ;
#27 = ORIENTED_EDGE ( 'NONE', *, *, #2568, .F. ) ;
#28 = EDGE_CURVE ( 'NONE', #1576, #3483, #1555, .T. ) ;
#29 = ADVANCED_FACE ( 'NONE', ( #4478 ), #724, .T. ) ;
#30 = DIRECTION ( 'NONE',  ( -9.130123557772670799E-17, 1.000000000000000000, -0.000000000000000000 ) ) ;
#31 = ORIENTED_EDGE ( 'NONE', *, *, #2139, .F. ) ;
#32 = ORIENTED_EDGE ( 'NONE', *, *, #501, .T. ) ;
#33 = CARTESIAN_POINT ( 'NONE',  ( -25.00231832797400600, 59.50231832796998788, -10.80001229471400137 ) ) ;
#34 = FACE_OUTER_BOUND ( 'NONE', #1102, .T. ) ;
#35 = VERTEX_POINT ( 'NONE', #1479 ) ;
#36 = DIRECTION ( 'NONE',  ( 1.000000000000000000, 0.000000000000000000, 0.000000000000000000 ) ) ;
#37 = FACE_OUTER_BOUND ( 'NONE', #4025, .T. ) ;
#38 = CARTESIAN_POINT ( 'NONE',  ( -26.43284812093930114, 49.72304779445453704, -10.80001229471400492 ) ) ;
#39 = CARTESIAN_POINT ( 'NONE',  ( 16.79999999999999716, -44.74283101375674931, -3.201247317919003077 ) ) ;
#40 = CARTESIAN_POINT ( 'NONE',  ( 18.30000000000000426, 72.19499999999997897, -16.98531814000003948 ) ) ;
#41 = CARTESIAN_POINT ( 'NONE',  ( 28.25000000766948816, -17.75735931288073033, -12.49999999999999822 ) ) ;
#42 = CARTESIAN_POINT ( 'NONE',  ( 34.49999999999998579, 60.97499999999998721, -16.98531814000003948 ) ) ;
#43 = LINE ( 'NONE', #3327, #13 ) ;
#44 = ORIENTED_EDGE ( 'NONE', *, *, #3399, .F. ) ;
#45 = DIRECTION ( 'NONE',  ( -3.278354092634916196E-08, 0.9999999999999995559, 0.000000000000000000 ) ) ;
#46 = ADVANCED_FACE ( 'NONE', ( #2535 ), #429, .T. ) ;
#47 = VERTEX_POINT ( 'NONE', #1886 ) ;
#48 = DIRECTION ( 'NONE',  ( 1.000000000000000000, 0.000000000000000000, 0.000000000000000000 ) ) ;
#49 = CARTESIAN_POINT ( 'NONE',  ( -26.43284812093930114, 30.19321696788128762, -4.800012294714003147 ) ) ;
#50 = EDGE_CURVE ( 'NONE', #4056, #2980, #4128, .T. ) ;
#51 = EDGE_CURVE ( 'NONE', #3278, #3008, #3268, .T. ) ;
#52 = ORIENTED_EDGE ( 'NONE', *, *, #1350, .T. ) ;
#53 = ORIENTED_EDGE ( 'NONE', *, *, #2111, .F. ) ;
#54 = LINE ( 'NONE', #4081, #1762 ) ;
#55 = CARTESIAN_POINT ( 'NONE',  ( 1.416370136197056429, 64.08749999999999147, -8.801247317919001389 ) ) ;
#56 = EDGE_CURVE ( 'NONE', #3381, #232, #4573, .T. ) ;
#57 = ORIENTED_EDGE ( 'NONE', *, *, #650, .T. ) ;
#58 = CARTESIAN_POINT ( 'NONE',  ( -28.25000003450509922, 59.49999999997535838, 133.4883807175925483 ) ) ;
#59 = ORIENTED_EDGE ( 'NONE', *, *, #2431, .F. ) ;
#60 = DIRECTION ( 'NONE',  ( -0.000000000000000000, -0.000000000000000000, -1.000000000000000000 ) ) ;
#61 = DIRECTION ( 'NONE',  ( 1.000000000000000000, 0.000000000000000000, 0.000000000000000000 ) ) ;
#62 = CARTESIAN_POINT ( 'NONE',  ( -28.21973646549589887, 18.15331983567558893, -12.49972361657218656 ) ) ;
#63 = FACE_OUTER_BOUND ( 'NONE', #3663, .T. ) ;
#64 = ORIENTED_EDGE ( 'NONE', *, *, #3324, .T. ) ;
#65 = CARTESIAN_POINT ( 'NONE',  ( -28.94502695242551127, -19.74502695242551198, -12.63799288430710277 ) ) ;
#66 = AXIS2_PLACEMENT_3D ( 'NONE', #2647, #3754, #4583 ) ;
#67 = DIRECTION ( 'NONE',  ( 1.000000000000000000, 0.000000000000000000, 0.000000000000000000 ) ) ;
#68 = CARTESIAN_POINT ( 'NONE',  ( -21.90000000000001279, 74.97499999999998010, 133.4883807175925483 ) ) ;
#69 = ORIENTED_EDGE ( 'NONE', *, *, #1865, .F. ) ;
#70 = DIRECTION ( 'NONE',  ( 1.192487775192319408E-08, -1.000000000000000000, 0.000000000000000000 ) ) ;
#71 = EDGE_LOOP ( 'NONE', ( #3154, #491, #3870, #4150 ) ) ;
#72 = CARTESIAN_POINT ( 'NONE',  ( 13.61637013619706060, 45.08749999999977831, -6.800012294714002259 ) ) ;
#73 = DIRECTION ( 'NONE',  ( 1.000000000000000000, 0.000000000000000000, -6.672013369141566696E-17 ) ) ;
#74 = AXIS2_PLACEMENT_3D ( 'NONE', #3111, #123, #4502 ) ;
#75 = VECTOR ( 'NONE', #2204, 1000.000000000000000 ) ;
#76 = EDGE_LOOP ( 'NONE', ( #2196, #1586, #3863, #3315 ) ) ;
#77 = ORIENTED_EDGE ( 'NONE', *, *, #2162, .F. ) ;
#78 = EDGE_CURVE ( 'NONE', #1183, #1492, #4418, .T. ) ;
#79 = CARTESIAN_POINT ( 'NONE',  ( -12.76320265401771259, -1.521996350978276988E-07, -6.050012294714004035 ) ) ;
#80 = VECTOR ( 'NONE', #960, 1000.000000000000114 ) ;
#81 = VECTOR ( 'NONE', #1890, 1000.000000000000000 ) ;
#82 = LINE ( 'NONE', #4468, #3218 ) ;
#83 = ORIENTED_EDGE ( 'NONE', *, *, #4102, .T. ) ;
#84 = AXIS2_PLACEMENT_3D ( 'NONE', #534, #1633, #2375 ) ;
#85 = CARTESIAN_POINT ( 'NONE',  ( -18.20000000000001350, 72.19499999999997897, -3.201247317919003077 ) ) ;
#86 = CIRCLE ( 'NONE', #4532, 1.500000000000001332 ) ;
#87 = ORIENTED_EDGE ( 'NONE', *, *, #3191, .F. ) ;
#88 = CYLINDRICAL_SURFACE ( 'NONE', #2667, 2.399999999999999467 ) ;
#89 = EDGE_CURVE ( 'NONE', #2644, #26, #507, .T. ) ;
#90 = ADVANCED_FACE ( 'NONE', ( #1577 ), #140, .T. ) ;
#91 = CARTESIAN_POINT ( 'NONE',  ( -25.00000000000387601, -42.75000001150425533, 133.4883807175925483 ) ) ;
#92 = DIRECTION ( 'NONE',  ( 0.000000000000000000, 0.000000000000000000, -1.000000000000000000 ) ) ;
#93 = CIRCLE ( 'NONE', #3769, 2.399999999999999467 ) ;
#94 = VECTOR ( 'NONE', #794, 1000.000000000000000 ) ;
#95 = DIRECTION ( 'NONE',  ( 0.000000000000000000, 0.000000000000000000, -1.000000000000000000 ) ) ;
#96 = EDGE_LOOP ( 'NONE', ( #3643, #1133, #4658, #727, #4230, #1360, #4248, #3473 ) ) ;
#97 = CARTESIAN_POINT ( 'NONE',  ( -28.35634157471229599, -18.73331537554221171, -12.50464820943020250 ) ) ;
#98 = AXIS2_PLACEMENT_3D ( 'NONE', #2912, #1740, #627 ) ;
#99 = AXIS2_PLACEMENT_3D ( 'NONE', #2724, #2036, #3087 ) ;
#100 = CARTESIAN_POINT ( 'NONE',  ( 26.20000000000000284, -26.19999999999999929, -16.98531814000003948 ) ) ;
#101 = DIRECTION ( 'NONE',  ( -1.000000000000000000, 0.000000000000000000, -0.000000000000000000 ) ) ;
#102 = ORIENTED_EDGE ( 'NONE', *, *, #2050, .F. ) ;
#103 = CARTESIAN_POINT ( 'NONE',  ( 30.23237425276818513, -21.86764890741886802, -14.19381955380516480 ) ) ;
#104 = ORIENTED_EDGE ( 'NONE', *, *, #1844, .T. ) ;
#105 = FACE_OUTER_BOUND ( 'NONE', #3143, .T. ) ;
#106 = CARTESIAN_POINT ( 'NONE',  ( -24.00320351891279458, 56.98599853246730618, -10.80001229471400492 ) ) ;
#107 = VERTEX_POINT ( 'NONE', #216 ) ;
#108 = ORIENTED_EDGE ( 'NONE', *, *, #2534, .T. ) ;
#109 = CARTESIAN_POINT ( 'NONE',  ( 29.87749480427345361, 20.78059383111677150, -13.32523974557599189 ) ) ;
#110 = DIRECTION ( 'NONE',  ( -1.000000000000000000, -0.000000000000000000, -0.000000000000000000 ) ) ;
#111 = EDGE_CURVE ( 'NONE', #2348, #1717, #146, .T. ) ;
#112 = ORIENTED_EDGE ( 'NONE', *, *, #2982, .T. ) ;
#113 = CARTESIAN_POINT ( 'NONE',  ( 29.12867966410985687, 19.87867965644035806, -12.70335812072289805 ) ) ;
#114 = ORIENTED_EDGE ( 'NONE', *, *, #800, .F. ) ;
#115 = CARTESIAN_POINT ( 'NONE',  ( -24.70320358342639011, 62.39599856371889786, -7.550012294714004923 ) ) ;
#116 = CARTESIAN_POINT ( 'NONE',  ( -18.19999999999998153, -44.74283101375676353, -3.201247317919003077 ) ) ;
#117 = DIRECTION ( 'NONE',  ( -1.000000000000000000, 0.000000000000000000, 0.000000000000000000 ) ) ;
#118 = PLANE ( 'NONE',  #711 ) ;
#119 = ADVANCED_FACE ( 'NONE', ( #3132 ), #2726, .T. ) ;
#120 = ADVANCED_FACE ( 'NONE', ( #3424 ), #1128, .F. ) ;
#121 = ORIENTED_EDGE ( 'NONE', *, *, #3950, .T. ) ;
#122 = CARTESIAN_POINT ( 'NONE',  ( -24.00320352678321001, 57.64599854615131136, -7.550012294714003147 ) ) ;
#123 = DIRECTION ( 'NONE',  ( 0.000000000000000000, 0.000000000000000000, 1.000000000000000000 ) ) ;
#124 = DIRECTION ( 'NONE',  ( 0.000000000000000000, 0.000000000000000000, 1.000000000000000000 ) ) ;
#125 = EDGE_LOOP ( 'NONE', ( #1646, #3049, #3693, #2999, #4614, #928, #673, #1661, #519, #1729, #1150, #2751, #4294, #769, #2156, #3196, #3655, #1668, #728, #3519, #1968, #294, #2490, #3391, #1973, #398, #4458, #3620, #523, #2210, #2713, #2684, #1624, #809, #3493, #4167, #2514, #4704, #1173 ) ) ;
#126 = ORIENTED_EDGE ( 'NONE', *, *, #4406, .T. ) ;
#127 = CYLINDRICAL_SURFACE ( 'NONE', #3360, 3.249999999999999556 ) ;
#128 = DIRECTION ( 'NONE',  ( 0.000000000000000000, 0.000000000000000000, 1.000000000000000000 ) ) ;
#129 = ORIENTED_EDGE ( 'NONE', *, *, #4223, .T. ) ;
#130 = ORIENTED_EDGE ( 'NONE', *, *, #3807, .F. ) ;
#131 = CARTESIAN_POINT ( 'NONE',  ( 16.79999999999999005, 72.19499999999997897, -3.201247317919002633 ) ) ;
#132 = CARTESIAN_POINT ( 'NONE',  ( -18.19999999999998153, -44.74283101375676353, -0.7012473179190029660 ) ) ;
#133 = ORIENTED_EDGE ( 'NONE', *, *, #2207, .F. ) ;
#134 = FACE_OUTER_BOUND ( 'NONE', #3207, .T. ) ;
#135 = ORIENTED_EDGE ( 'NONE', *, *, #2546, .T. ) ;
#136 = DIRECTION ( 'NONE',  ( -0.000000000000000000, -0.000000000000000000, -1.000000000000000000 ) ) ;
#137 = EDGE_CURVE ( 'NONE', #4708, #4659, #3512, .T. ) ;
#138 = DIRECTION ( 'NONE',  ( -1.000000000000000000, 0.000000000000000000, 0.000000000000000000 ) ) ;
#139 = VERTEX_POINT ( 'NONE', #2322 ) ;
#140 = CYLINDRICAL_SURFACE ( 'NONE', #4663, 2.999999999999999112 ) ;
#141 = DIRECTION ( 'NONE',  ( -1.000000000000000000, -5.277844581858584883E-11, 0.000000000000000000 ) ) ;
#142 = CARTESIAN_POINT ( 'NONE',  ( -15.79999999999998117, -44.74283101375676353, -3.201247317919003077 ) ) ;
#143 = ADVANCED_FACE ( 'NONE', ( #1196 ), #4194, .T. ) ;
#144 = ORIENTED_EDGE ( 'NONE', *, *, #735, .T. ) ;
#145 = EDGE_CURVE ( 'NONE', #3003, #805, #2652, .T. ) ;
#146 = CIRCLE ( 'NONE', #4580, 1.500000000000001554 ) ;
#147 = VERTEX_POINT ( 'NONE', #2394 ) ;
#148 = CARTESIAN_POINT ( 'NONE',  ( -29.60628393937266267, -20.43955789814053503, -13.06781059718852944 ) ) ;
#149 = DIRECTION ( 'NONE',  ( 1.000000000000000000, 0.000000000000000000, 0.000000000000000000 ) ) ;
#150 = EDGE_CURVE ( 'NONE', #15, #631, #1248, .T. ) ;
#151 = EDGE_CURVE ( 'NONE', #1257, #495, #1821, .T. ) ;
#152 = AXIS2_PLACEMENT_3D ( 'NONE', #1710, #3369, #2407 ) ;
#153 = EDGE_LOOP ( 'NONE', ( #1879, #1100, #2169, #4599 ) ) ;
#154 = ORIENTED_EDGE ( 'NONE', *, *, #816, .F. ) ;
#155 = VECTOR ( 'NONE', #4722, 1000.000000000000000 ) ;
#156 = CARTESIAN_POINT ( 'NONE',  ( -28.24999998847751570, -29.63474890599621148, -16.98531814000003948 ) ) ;
#157 = AXIS2_PLACEMENT_3D ( 'NONE', #1765, #337, #691 ) ;
#158 = DIRECTION ( 'NONE',  ( 0.000000000000000000, 1.000000000000000000, 0.000000000000000000 ) ) ;
#159 = ORIENTED_EDGE ( 'NONE', *, *, #3270, .F. ) ;
#160 = DIRECTION ( 'NONE',  ( -0.000000000000000000, -0.000000000000000000, 1.000000000000000000 ) ) ;
#161 = ORIENTED_EDGE ( 'NONE', *, *, #1871, .T. ) ;
#162 = AXIS2_PLACEMENT_3D ( 'NONE', #116, #931, #1286 ) ;
#163 = CARTESIAN_POINT ( 'NONE',  ( -35.90000000000000568, 60.97499999999998721, 133.4883807175925483 ) ) ;
#164 = CARTESIAN_POINT ( 'NONE',  ( -29.07867965644034314, -19.87867965644034385, -12.70335811543928450 ) ) ;
#165 = CIRCLE ( 'NONE', #2003, 2.399999999999999467 ) ;
#166 = VECTOR ( 'NONE', #4490, 1000.000000000000000 ) ;
#167 = EDGE_LOOP ( 'NONE', ( #4085, #4465, #1881, #581 ) ) ;
#168 = CARTESIAN_POINT ( 'NONE',  ( -26.19999999999997087, -30.19999999999999929, -0.7012473179190029660 ) ) ;
#169 = DIRECTION ( 'NONE',  ( 0.7071067811865536790, 0.7071067811865414665, 6.536822994078879841E-33 ) ) ;
#170 = CIRCLE ( 'NONE', #2307, 1.550000025915001967 ) ;
#171 = CARTESIAN_POINT ( 'NONE',  ( 19.11637013174453514, 62.74999999071071954, 133.4883807175925483 ) ) ;
#172 = ORIENTED_EDGE ( 'NONE', *, *, #23, .F. ) ;
#173 = AXIS2_PLACEMENT_3D ( 'NONE', #3271, #3635, #3164 ) ;
#174 = CIRCLE ( 'NONE', #1396, 4.000000000000000000 ) ;
#175 = EDGE_CURVE ( 'NONE', #1558, #3831, #1945, .T. ) ;
#176 = AXIS2_PLACEMENT_3D ( 'NONE', #1642, #4591, #2770 ) ;
#177 = VERTEX_POINT ( 'NONE', #122 ) ;
#178 = DIRECTION ( 'NONE',  ( -0.000000000000000000, 0.000000000000000000, 1.000000000000000000 ) ) ;
#179 = CARTESIAN_POINT ( 'NONE',  ( -9.763203368270195526, 59.89599874187658912, -2.201247317918999968 ) ) ;
#180 = AXIS2_PLACEMENT_3D ( 'NONE', #2834, #2319, #3508 ) ;
#181 = ADVANCED_FACE ( 'NONE', ( #3038 ), #2706, .F. ) ;
#182 = EDGE_CURVE ( 'NONE', #4728, #878, #3809, .T. ) ;
#183 = ORIENTED_EDGE ( 'NONE', *, *, #4689, .T. ) ;
#184 = ORIENTED_EDGE ( 'NONE', *, *, #4605, .T. ) ;
#185 = DIRECTION ( 'NONE',  ( -0.000000000000000000, 0.000000000000000000, 1.000000000000000000 ) ) ;
#186 = CARTESIAN_POINT ( 'NONE',  ( -16.69999999999997797, -44.74283101375676353, -3.201247317919002633 ) ) ;
#187 = EDGE_LOOP ( 'NONE', ( #2668, #4021, #1680, #1935 ) ) ;
#188 = DIRECTION ( 'NONE',  ( 9.714451465470119729E-17, -2.394758726656991011E-17, 1.000000000000000000 ) ) ;
#189 = ORIENTED_EDGE ( 'NONE', *, *, #1082, .T. ) ;
#190 = DIRECTION ( 'NONE',  ( 0.9999999999999998890, 1.192488004752119933E-08, 0.000000000000000000 ) ) ;
#191 = CARTESIAN_POINT ( 'NONE',  ( -14.46320333356880106, 56.98599864623067646, -7.550012294714003147 ) ) ;
#192 = ORIENTED_EDGE ( 'NONE', *, *, #2459, .T. ) ;
#193 = CARTESIAN_POINT ( 'NONE',  ( -18.19999999999998153, -44.74283101375676353, -0.7012473179190029660 ) ) ;
#194 = CARTESIAN_POINT ( 'NONE',  ( 14.39999999999999503, -44.74283101375674931, -3.201247317919003077 ) ) ;
#195 = CARTESIAN_POINT ( 'NONE',  ( 13.11637013619705527, 45.58749999999999858, -4.800012294714003147 ) ) ;
#196 = VERTEX_POINT ( 'NONE', #168 ) ;
#197 = VERTEX_POINT ( 'NONE', #2059 ) ;
#198 = LINE ( 'NONE', #1706, #2205 ) ;
#199 = LINE ( 'NONE', #2446, #861 ) ;
#200 = EDGE_CURVE ( 'NONE', #4155, #4002, #3550, .T. ) ;
#201 = ORIENTED_EDGE ( 'NONE', *, *, #2207, .T. ) ;
#202 = ORIENTED_EDGE ( 'NONE', *, *, #1122, .F. ) ;
#203 = DIRECTION ( 'NONE',  ( 6.842277657835970718E-49, 9.244463733058734832E-33, -1.000000000000000000 ) ) ;
#204 = LINE ( 'NONE', #4640, #4682 ) ;
#205 = FACE_BOUND ( 'NONE', #509, .T. ) ;
#206 = EDGE_CURVE ( 'NONE', #1518, #4310, #3159, .T. ) ;
#207 = EDGE_CURVE ( 'NONE', #2825, #885, #3947, .T. ) ;
#208 = DIRECTION ( 'NONE',  ( 0.000000000000000000, 0.000000000000000000, -1.000000000000000000 ) ) ;
#209 = ORIENTED_EDGE ( 'NONE', *, *, #4356, .F. ) ;
#210 = DIRECTION ( 'NONE',  ( 0.000000000000000000, -0.000000000000000000, -1.000000000000000000 ) ) ;
#211 = ORIENTED_EDGE ( 'NONE', *, *, #619, .T. ) ;
#212 = LINE ( 'NONE', #2703, #1306 ) ;
#213 = EDGE_CURVE ( 'NONE', #705, #2718, #1776, .T. ) ;
#214 = CARTESIAN_POINT ( 'NONE',  ( 12.61637013619705527, 63.08749999999999147, -6.800012294714002259 ) ) ;
#215 = ORIENTED_EDGE ( 'NONE', *, *, #521, .T. ) ;
#216 = CARTESIAN_POINT ( 'NONE',  ( 13.61637013619706060, 46.08749999999998437, -6.800012294714002259 ) ) ;
#217 = DIRECTION ( 'NONE',  ( 0.000000000000000000, -0.000000000000000000, -1.000000000000000000 ) ) ;
#218 = LINE ( 'NONE', #1322, #554 ) ;
#219 = ORIENTED_EDGE ( 'NONE', *, *, #3573, .T. ) ;
#220 = CARTESIAN_POINT ( 'NONE',  ( -29.07867965644034314, -19.87867965644034385, -12.49999999999999822 ) ) ;
#221 = FACE_OUTER_BOUND ( 'NONE', #4052, .T. ) ;
#222 = ORIENTED_EDGE ( 'NONE', *, *, #4411, .F. ) ;
#223 = ORIENTED_EDGE ( 'NONE', *, *, #28, .T. ) ;
#224 = CARTESIAN_POINT ( 'NONE',  ( -12.03355894091131795, 49.72304779445453704, -0.7012473179190114037 ) ) ;
#225 = CIRCLE ( 'NONE', #4044, 3.000000000000000000 ) ;
#226 = LINE ( 'NONE', #2496, #3225 ) ;
#227 = CARTESIAN_POINT ( 'NONE',  ( 16.11637013619705527, 59.74999999071071954, -8.800012294714003147 ) ) ;
#228 = VECTOR ( 'NONE', #3621, 1000.000000000000114 ) ;
#229 = ORIENTED_EDGE ( 'NONE', *, *, #137, .T. ) ;
#230 = FACE_OUTER_BOUND ( 'NONE', #4103, .T. ) ;
#231 = EDGE_CURVE ( 'NONE', #3381, #147, #3231, .T. ) ;
#232 = VERTEX_POINT ( 'NONE', #3965 ) ;
#233 = CARTESIAN_POINT ( 'NONE',  ( 13.61637013619705705, 64.08749999999999147, -8.801247317919001389 ) ) ;
#234 = VECTOR ( 'NONE', #3012, 1000.000000000000000 ) ;
#235 = CARTESIAN_POINT ( 'NONE',  ( -13.76320338019507261, 60.89599869417707367, -7.550012294714003147 ) ) ;
#236 = EDGE_CURVE ( 'NONE', #3526, #1576, #240, .T. ) ;
#237 = VECTOR ( 'NONE', #1029, 1000.000000000000000 ) ;
#238 = EDGE_CURVE ( 'NONE', #4577, #2965, #1369, .T. ) ;
#239 = ORIENTED_EDGE ( 'NONE', *, *, #972, .T. ) ;
#240 = LINE ( 'NONE', #3882, #2507 ) ;
#241 = CYLINDRICAL_SURFACE ( 'NONE', #1681, 3.251094394703408330 ) ;
#242 = DIRECTION ( 'NONE',  ( -0.000000000000000000, -0.000000000000000000, 1.000000000000000000 ) ) ;
#243 = VECTOR ( 'NONE', #3177, 1000.000000000000000 ) ;
#244 = VECTOR ( 'NONE', #3768, 1000.000000000000000 ) ;
#245 = FACE_OUTER_BOUND ( 'NONE', #853, .T. ) ;
#246 = VERTEX_POINT ( 'NONE', #1764 ) ;
#247 = AXIS2_PLACEMENT_3D ( 'NONE', #3888, #1255, #565 ) ;
#248 = TOROIDAL_SURFACE ( 'NONE', #4449, 1.000000000000000000, 1.500000000000000000 ) ;
#249 = DIRECTION ( 'NONE',  ( 1.000000000000000000, 0.000000000000000000, -1.006759160165111119E-16 ) ) ;
#250 = DIRECTION ( 'NONE',  ( 1.000000000000000000, 0.000000000000000000, 0.000000000000000000 ) ) ;
#251 = CIRCLE ( 'NONE', #2007, 0.5000000000000000000 ) ;
#252 = AXIS2_PLACEMENT_3D ( 'NONE', #904, #2033, #2077 ) ;
#253 = EDGE_LOOP ( 'NONE', ( #3440, #478, #2734, #3570 ) ) ;
#254 = ORIENTED_EDGE ( 'NONE', *, *, #1127, .T. ) ;
#255 = LINE ( 'NONE', #1355, #2584 ) ;
#256 = MECHANICAL_DESIGN_GEOMETRIC_PRESENTATION_REPRESENTATION (  '', ( #3389 ), #1774 ) ;
#257 = CARTESIAN_POINT ( 'NONE',  ( 26.19999999999997442, 30.19999999999999929, -16.98531814000003948 ) ) ;
#258 = DIRECTION ( 'NONE',  ( 0.9999999999999998890, 1.192488125248453485E-08, 0.000000000000000000 ) ) ;
#259 = ORIENTED_EDGE ( 'NONE', *, *, #1261, .T. ) ;
#260 = DIRECTION ( 'NONE',  ( -1.000000000000000000, 0.000000000000000000, 0.000000000000000000 ) ) ;
#261 = ORIENTED_EDGE ( 'NONE', *, *, #1726, .T. ) ;
#262 = CARTESIAN_POINT ( 'NONE',  ( -24.70320355361419118, 59.89599856371889786, -7.550012294714003147 ) ) ;
#263 = EDGE_CURVE ( 'NONE', #1898, #2681, #2152, .T. ) ;
#264 = DIRECTION ( 'NONE',  ( 0.000000000000000000, 0.000000000000000000, 1.000000000000000000 ) ) ;
#265 = ORIENTED_EDGE ( 'NONE', *, *, #4023, .T. ) ;
#266 = CARTESIAN_POINT ( 'NONE',  ( 29.12867966410985687, 19.87867965644035806, -12.70335812072289805 ) ) ;
#267 = DIRECTION ( 'NONE',  ( 0.000000000000000000, 0.000000000000000000, 1.000000000000000000 ) ) ;
#268 = DIRECTION ( 'NONE',  ( 1.000000000000000000, 9.130123557772670799E-17, 8.440309610817461295E-49 ) ) ;
#269 = EDGE_CURVE ( 'NONE', #3359, #2010, #528, .T. ) ;
#270 = ADVANCED_FACE ( 'NONE', ( #1390, #2778 ), #4701, .T. ) ;
#271 = CARTESIAN_POINT ( 'NONE',  ( 13.61637013619705705, 63.08749999999999147, -6.800012294714002259 ) ) ;
#272 = ORIENTED_EDGE ( 'NONE', *, *, #3869, .F. ) ;
#273 = DIRECTION ( 'NONE',  ( -0.000000000000000000, -0.000000000000000000, -1.000000000000000000 ) ) ;
#274 = CARTESIAN_POINT ( 'NONE',  ( -25.82892616430178379, -40.47192797955396770, -2.201247317919003521 ) ) ;
#275 = ORIENTED_EDGE ( 'NONE', *, *, #823, .T. ) ;
#276 = ORIENTED_EDGE ( 'NONE', *, *, #3242, .T. ) ;
#277 = DIRECTION ( 'NONE',  ( 1.192487775192318085E-08, -1.000000000000000000, 0.000000000000000000 ) ) ;
#278 = CARTESIAN_POINT ( 'NONE',  ( 34.49999999999998579, -33.52500000000002700, 133.4883807175925483 ) ) ;
#279 = FACE_BOUND ( 'NONE', #2339, .T. ) ;
#280 = ORIENTED_EDGE ( 'NONE', *, *, #2162, .T. ) ;
#281 = LINE ( 'NONE', #4009, #4071 ) ;
#282 = CARTESIAN_POINT ( 'NONE',  ( -13.76320327692561740, 52.23599862866309707, -7.550012294714004923 ) ) ;
#283 = LINE ( 'NONE', #4283, #1151 ) ;
#284 = ORIENTED_EDGE ( 'NONE', *, *, #4545, .F. ) ;
#285 = CARTESIAN_POINT ( 'NONE',  ( 16.79999999999999005, 72.19499999999997897, -3.201247317919003077 ) ) ;
#286 = EDGE_CURVE ( 'NONE', #4043, #1763, #4648, .T. ) ;
#287 = LINE ( 'NONE', #1719, #4358 ) ;
#288 = LINE ( 'NONE', #2888, #3078 ) ;
#289 = ORIENTED_EDGE ( 'NONE', *, *, #793, .F. ) ;
#290 = EDGE_CURVE ( 'NONE', #2970, #2305, #1050, .T. ) ;
#291 = EDGE_CURVE ( 'NONE', #2965, #4577, #1743, .T. ) ;
#292 = DIRECTION ( 'NONE',  ( -1.000000000000000000, -1.484173008126763085E-09, 0.000000000000000000 ) ) ;
#293 = LINE ( 'NONE', #4723, #3612 ) ;
#294 = ORIENTED_EDGE ( 'NONE', *, *, #676, .T. ) ;
#295 = ORIENTED_EDGE ( 'NONE', *, *, #702, .F. ) ;
#296 = EDGE_CURVE ( 'NONE', #3831, #2335, #1738, .T. ) ;
#297 = LINE ( 'NONE', #661, #3589 ) ;
#298 = LINE ( 'NONE', #257, #629 ) ;
#299 = FACE_OUTER_BOUND ( 'NONE', #3340, .T. ) ;
#300 = VECTOR ( 'NONE', #1625, 1000.000000000000000 ) ;
#301 = VERTEX_POINT ( 'NONE', #2466 ) ;
#302 = CARTESIAN_POINT ( 'NONE',  ( 19.11637013619705527, 59.74999999071071954, -4.800012294713996042 ) ) ;
#303 = CIRCLE ( 'NONE', #916, 4.000000000000000000 ) ;
#304 = CYLINDRICAL_SURFACE ( 'NONE', #772, 4.000000000000000000 ) ;
#305 = AXIS2_PLACEMENT_3D ( 'NONE', #1561, #3412, #2198 ) ;
#306 = CARTESIAN_POINT ( 'NONE',  ( -30.19999999999999929, 26.19999999999997087, -16.98531814000003948 ) ) ;
#307 = ORIENTED_EDGE ( 'NONE', *, *, #2273, .F. ) ;
#308 = DIRECTION ( 'NONE',  ( -0.000000000000000000, -0.000000000000000000, -1.000000000000000000 ) ) ;
#309 = AXIS2_PLACEMENT_3D ( 'NONE', #3616, #3966, #2821 ) ;
#310 = FACE_OUTER_BOUND ( 'NONE', #2034, .T. ) ;
#311 = DIRECTION ( 'NONE',  ( 1.000000000000000000, 0.000000000000000000, 0.000000000000000000 ) ) ;
#312 = CIRCLE ( 'NONE', #4214, 1.500000000000001332 ) ;
#313 = ORIENTED_EDGE ( 'NONE', *, *, #231, .F. ) ;
#314 = DIRECTION ( 'NONE',  ( 0.000000000000000000, -0.000000000000000000, 1.000000000000000000 ) ) ;
#315 = CIRCLE ( 'NONE', #4618, 1.000000000000000000 ) ;
#316 = CARTESIAN_POINT ( 'NONE',  ( 11.81637013619705989, 64.08749999999999147, -6.800012294714002259 ) ) ;
#317 = VECTOR ( 'NONE', #2903, 1000.000000000000000 ) ;
#318 = EDGE_CURVE ( 'NONE', #3532, #536, #3930, .T. ) ;
#319 = AXIS2_PLACEMENT_3D ( 'NONE', #4546, #901, #2355 ) ;
#320 = AXIS2_PLACEMENT_3D ( 'NONE', #1241, #3341, #500 ) ;
#321 = ORIENTED_EDGE ( 'NONE', *, *, #2683, .T. ) ;
#322 = VERTEX_POINT ( 'NONE', #2849 ) ;
#323 = CARTESIAN_POINT ( 'NONE',  ( -18.19999999999998153, -44.74283101375676353, -3.201247317919002633 ) ) ;
#324 = PLANE ( 'NONE',  #1317 ) ;
#325 = CARTESIAN_POINT ( 'NONE',  ( -16.01320334100023146, 55.43599860183210382, -16.98531814000003948 ) ) ;
#326 = AXIS2_PLACEMENT_3D ( 'NONE', #1493, #1904, #3781 ) ;
#327 = ADVANCED_FACE ( 'NONE', ( #3615, #1791 ), #3567, .T. ) ;
#328 = EDGE_CURVE ( 'NONE', #608, #2359, #3584, .T. ) ;
#329 = VERTEX_POINT ( 'NONE', #1860 ) ;
#330 = VECTOR ( 'NONE', #21, 1000.000000000000000 ) ;
#331 = CARTESIAN_POINT ( 'NONE',  ( -25.70320355361419473, 59.89599855179402255, -7.550012294714003147 ) ) ;
#332 = AXIS2_PLACEMENT_3D ( 'NONE', #3880, #2415, #3518 ) ;
#333 = DIRECTION ( 'NONE',  ( -0.000000000000000000, -0.000000000000000000, 1.000000000000000000 ) ) ;
#334 = LINE ( 'NONE', #306, #856 ) ;
#335 = ORIENTED_EDGE ( 'NONE', *, *, #1630, .F. ) ;
#336 = DIRECTION ( 'NONE',  ( 1.000000000000000000, 2.775557561562892929E-15, 0.000000000000000000 ) ) ;
#337 = DIRECTION ( 'NONE',  ( 0.000000000000000000, 0.000000000000000000, 1.000000000000000000 ) ) ;
#338 = SURFACE_STYLE_FILL_AREA ( #3618 ) ;
#339 = ORIENTED_EDGE ( 'NONE', *, *, #428, .F. ) ;
#340 = DIRECTION ( 'NONE',  ( 0.9999999999999998890, 1.192488004752120264E-08, -0.000000000000000000 ) ) ;
#341 = DIRECTION ( 'NONE',  ( -0.000000000000000000, 0.000000000000000000, 1.000000000000000000 ) ) ;
#342 = ORIENTED_EDGE ( 'NONE', *, *, #2546, .F. ) ;
#343 = ORIENTED_EDGE ( 'NONE', *, *, #3247, .T. ) ;
#344 = DIRECTION ( 'NONE',  ( 1.192487804382836169E-08, -1.000000000000000000, -2.394758842500640245E-17 ) ) ;
#345 = EDGE_CURVE ( 'NONE', #1033, #4413, #2062, .T. ) ;
#346 = EDGE_LOOP ( 'NONE', ( #1993, #4615, #992, #2252 ) ) ;
#347 = DIRECTION ( 'NONE',  ( 0.000000000000000000, 0.000000000000000000, -1.000000000000000000 ) ) ;
#348 = ADVANCED_FACE ( 'NONE', ( #373, #2175, #447, #2259, #3320, #37 ), #1495, .F. ) ;
#349 = EDGE_CURVE ( 'NONE', #1927, #3109, #760, .T. ) ;
#350 = DIRECTION ( 'NONE',  ( 0.000000000000000000, -0.000000000000000000, -1.000000000000000000 ) ) ;
#351 = LINE ( 'NONE', #1161, #4436 ) ;
#352 = DIRECTION ( 'NONE',  ( 0.000000000000000000, -0.000000000000000000, 1.000000000000000000 ) ) ;
#353 = ORIENTED_EDGE ( 'NONE', *, *, #4434, .F. ) ;
#354 = CARTESIAN_POINT ( 'NONE',  ( -18.19999999999998153, -44.74283101375676353, -16.98531814000003948 ) ) ;
#355 = LINE ( 'NONE', #2911, #4133 ) ;
#356 = LINE ( 'NONE', #1766, #4158 ) ;
#357 = VERTEX_POINT ( 'NONE', #4719 ) ;
#358 = CARTESIAN_POINT ( 'NONE',  ( -18.19999999999998153, -44.74283101375676353, -3.201247317919003077 ) ) ;
#359 = DIRECTION ( 'NONE',  ( 1.000000000000000000, 0.000000000000000000, 0.000000000000000000 ) ) ;
#360 = ORIENTED_EDGE ( 'NONE', *, *, #1891, .F. ) ;
#361 = ORIENTED_EDGE ( 'NONE', *, *, #2251, .T. ) ;
#362 = VERTEX_POINT ( 'NONE', #2529 ) ;
#363 = CARTESIAN_POINT ( 'NONE',  ( 30.20000000000000284, 26.19999999999997087, -4.800012294714003147 ) ) ;
#364 = DIRECTION ( 'NONE',  ( -1.000000000000000000, 0.000000000000000000, 0.000000000000000000 ) ) ;
#365 = ORIENTED_EDGE ( 'NONE', *, *, #2660, .T. ) ;
#366 = CARTESIAN_POINT ( 'NONE',  ( -25.00231832797400600, 62.75000000361709596, -10.80001229471400492 ) ) ;
#367 = DIRECTION ( 'NONE',  ( -1.192488237785244736E-08, 0.9999999999999998890, 0.000000000000000000 ) ) ;
#368 = CARTESIAN_POINT ( 'NONE',  ( -12.03355894091131795, 0.000000000000000000, 145.1871456943875671 ) ) ;
#369 = ADVANCED_FACE ( 'NONE', ( #1882 ), #3252, .F. ) ;
#370 = VECTOR ( 'NONE', #308, 1000.000000000000000 ) ;
#371 = CARTESIAN_POINT ( 'NONE',  ( 34.49999999999998579, -33.52500000000002700, -0.7012473179190126249 ) ) ;
#372 = ORIENTED_EDGE ( 'NONE', *, *, #3784, .T. ) ;
#373 = FACE_BOUND ( 'NONE', #2738, .T. ) ;
#374 = CARTESIAN_POINT ( 'NONE',  ( -30.19999999999999929, -22.24264068711928743, -14.49999999999999822 ) ) ;
#375 = DIRECTION ( 'NONE',  ( 1.000000000000000000, 0.000000000000000000, -1.734723475976806848E-16 ) ) ;
#376 = AXIS2_PLACEMENT_3D ( 'NONE', #4495, #1190, #3118 ) ;
#377 = ADVANCED_FACE ( 'NONE', ( #4445 ), #3343, .T. ) ;
#378 = EDGE_CURVE ( 'NONE', #903, #4215, #1986, .T. ) ;
#379 = CIRCLE ( 'NONE', #3828, 2.500000000000000444 ) ;
#380 = DIRECTION ( 'NONE',  ( -0.000000000000000000, -0.000000000000000000, -1.000000000000000000 ) ) ;
#381 = FACE_OUTER_BOUND ( 'NONE', #3309, .T. ) ;
#382 = CARTESIAN_POINT ( 'NONE',  ( 13.11637013619711212, 42.58749999999999147, -8.800012294714003147 ) ) ;
#383 = ORIENTED_EDGE ( 'NONE', *, *, #2844, .T. ) ;
#384 = VECTOR ( 'NONE', #4628, 1000.000000000000000 ) ;
#385 = VERTEX_POINT ( 'NONE', #2623 ) ;
#386 = VECTOR ( 'NONE', #2864, 1000.000000000000000 ) ;
#387 = FACE_OUTER_BOUND ( 'NONE', #2353, .T. ) ;
#388 = DIRECTION ( 'NONE',  ( -0.000000000000000000, -0.000000000000000000, -1.000000000000000000 ) ) ;
#389 = AXIS2_PLACEMENT_3D ( 'NONE', #214, #1667, #4262 ) ;
#390 = VECTOR ( 'NONE', #4320, 1000.000000000000000 ) ;
#391 = VERTEX_POINT ( 'NONE', #1519 ) ;
#392 = ORIENTED_EDGE ( 'NONE', *, *, #997, .F. ) ;
#393 = AXIS2_PLACEMENT_3D ( 'NONE', #2329, #1874, #3413 ) ;
#394 = CARTESIAN_POINT ( 'NONE',  ( 31.25000000766948460, -17.75735931288073033, -11.00000000000000000 ) ) ;
#395 = DIRECTION ( 'NONE',  ( -1.141265444721571432E-16, -1.000000000000000000, 0.000000000000000000 ) ) ;
#396 = AXIS2_PLACEMENT_3D ( 'NONE', #3204, #268, #2488 ) ;
#397 = CIRCLE ( 'NONE', #2308, 2.999999999999999112 ) ;
#398 = ORIENTED_EDGE ( 'NONE', *, *, #3399, .T. ) ;
#399 = CARTESIAN_POINT ( 'NONE',  ( -13.76320336827019375, 59.89599869417707367, -0.7012473179190003014 ) ) ;
#400 = ORIENTED_EDGE ( 'NONE', *, *, #2310, .F. ) ;
#401 = DIRECTION ( 'NONE',  ( 0.000000000000000000, 0.000000000000000000, 1.000000000000000000 ) ) ;
#402 = LINE ( 'NONE', #2554, #1832 ) ;
#403 = AXIS2_PLACEMENT_3D ( 'NONE', #3940, #1215, #3579 ) ;
#404 = DIRECTION ( 'NONE',  ( 0.000000000000000000, 0.000000000000000000, 1.000000000000000000 ) ) ;
#405 = EDGE_CURVE ( 'NONE', #2718, #3825, #721, .T. ) ;
#406 = DIRECTION ( 'NONE',  ( -1.000000000000000000, 0.000000000000000000, 0.000000000000000000 ) ) ;
#407 = CARTESIAN_POINT ( 'NONE',  ( 28.99477342255067924, -19.74477341488121240, -12.63786889072020614 ) ) ;
#408 = DIRECTION ( 'NONE',  ( -0.000000000000000000, -0.000000000000000000, -1.000000000000000000 ) ) ;
#409 = LINE ( 'NONE', #3734, #4064 ) ;
#410 = ADVANCED_FACE ( 'NONE', ( #2597 ), #3968, .T. ) ;
#411 = EDGE_LOOP ( 'NONE', ( #2449, #83, #360, #1166 ) ) ;
#412 = DIRECTION ( 'NONE',  ( 1.000000000000000000, 1.820037745287141957E-14, 0.000000000000000000 ) ) ;
#413 = EDGE_CURVE ( 'NONE', #1239, #3116, #2236, .T. ) ;
#414 = EDGE_LOOP ( 'NONE', ( #121, #2001 ) ) ;
#415 = LINE ( 'NONE', #1893, #686 ) ;
#416 = DIRECTION ( 'NONE',  ( -1.000000000000000000, 0.000000000000000000, 0.000000000000000000 ) ) ;
#417 = ORIENTED_EDGE ( 'NONE', *, *, #4568, .T. ) ;
#418 = ORIENTED_EDGE ( 'NONE', *, *, #2867, .F. ) ;
#419 = LINE ( 'NONE', #1974, #930 ) ;
#420 = FACE_OUTER_BOUND ( 'NONE', #3027, .T. ) ;
#421 = VERTEX_POINT ( 'NONE', #4033 ) ;
#422 = CARTESIAN_POINT ( 'NONE',  ( -12.03355894091131795, 36.83822922263945543, -0.7012473179190114037 ) ) ;
#423 = ORIENTED_EDGE ( 'NONE', *, *, #2753, .F. ) ;
#424 = DIRECTION ( 'NONE',  ( 1.000000000000000000, 0.000000000000000000, -0.000000000000000000 ) ) ;
#425 = DIRECTION ( 'NONE',  ( 1.000000000000000000, 0.000000000000000000, 0.000000000000000000 ) ) ;
#426 = DIRECTION ( 'NONE',  ( 1.000000000000000000, 0.000000000000000000, 0.000000000000000000 ) ) ;
#427 = CARTESIAN_POINT ( 'NONE',  ( -24.70320355361419118, 59.89599856371889786, -0.7012473179189991912 ) ) ;
#428 = EDGE_CURVE ( 'NONE', #4626, #541, #18, .T. ) ;
#429 = CYLINDRICAL_SURFACE ( 'NONE', #1441, 2.999999999999999112 ) ;
#430 = DIRECTION ( 'NONE',  ( 1.000000000000000000, 0.000000000000000000, 0.000000000000000000 ) ) ;
#431 = LINE ( 'NONE', #3713, #4371 ) ;
#432 = EDGE_LOOP ( 'NONE', ( #4076, #3044, #1750, #3876 ) ) ;
#433 = CARTESIAN_POINT ( 'NONE',  ( -21.90000000000000924, -47.52500000000001279, -0.7012473179190126249 ) ) ;
#434 = EDGE_CURVE ( 'NONE', #3575, #4359, #4086, .T. ) ;
#435 = EDGE_CURVE ( 'NONE', #771, #517, #2553, .T. ) ;
#436 = EDGE_LOOP ( 'NONE', ( #2725, #595, #2768, #3725 ) ) ;
#437 = PLANE ( 'NONE',  #305 ) ;
#438 = DIRECTION ( 'NONE',  ( -0.000000000000000000, -0.000000000000000000, 1.000000000000000000 ) ) ;
#439 = EDGE_CURVE ( 'NONE', #3048, #4460, #225, .T. ) ;
#440 = EDGE_LOOP ( 'NONE', ( #2426, #527, #699, #102 ) ) ;
#441 = EDGE_LOOP ( 'NONE', ( #114, #3282, #4536, #4172 ) ) ;
#442 = CARTESIAN_POINT ( 'NONE',  ( -26.43284812093930114, 42.72339333194054234, 145.1871456943875671 ) ) ;
#443 = DIRECTION ( 'NONE',  ( 0.000000000000000000, 0.000000000000000000, -1.000000000000000000 ) ) ;
#444 = ORIENTED_EDGE ( 'NONE', *, *, #2310, .T. ) ;
#445 = PLANE ( 'NONE',  #326 ) ;
#446 = ORIENTED_EDGE ( 'NONE', *, *, #3514, .T. ) ;
#447 = FACE_BOUND ( 'NONE', #750, .T. ) ;
#448 = CARTESIAN_POINT ( 'NONE',  ( -22.45320350086822003, 57.64599856463487981, -7.550012294714003147 ) ) ;
#449 = DIRECTION ( 'NONE',  ( -1.000000000000000000, 0.000000000000000000, 0.000000000000000000 ) ) ;
#450 = VECTOR ( 'NONE', #2108, 1000.000000000000000 ) ;
#451 = DIRECTION ( 'NONE',  ( 0.000000000000000000, 0.000000000000000000, -1.000000000000000000 ) ) ;
#452 = ORIENTED_EDGE ( 'NONE', *, *, #4164, .T. ) ;
#453 = VERTEX_POINT ( 'NONE', #2191 ) ;
#454 = VECTOR ( 'NONE', #1570, 1000.000000000000000 ) ;
#455 = CARTESIAN_POINT ( 'NONE',  ( -25.00231832797400600, 59.50231832796998788, 133.4883807175925483 ) ) ;
#456 = DIRECTION ( 'NONE',  ( -0.000000000000000000, 0.000000000000000000, -1.000000000000000000 ) ) ;
#457 = ORIENTED_EDGE ( 'NONE', *, *, #2050, .T. ) ;
#458 = CARTESIAN_POINT ( 'NONE',  ( 30.24999999907936044, -22.05665954579647803, -14.34814711707645074 ) ) ;
#459 = AXIS2_PLACEMENT_3D ( 'NONE', #2944, #2582, #48 ) ;
#460 = ORIENTED_EDGE ( 'NONE', *, *, #1507, .T. ) ;
#461 = LINE ( 'NONE', #1950, #1064 ) ;
#462 = CARTESIAN_POINT ( 'NONE',  ( -21.90000000000000568, -33.52500000000001279, -0.7012473179190126249 ) ) ;
#463 = AXIS2_PLACEMENT_3D ( 'NONE', #2631, #796, #1887 ) ;
#464 = EDGE_CURVE ( 'NONE', #640, #2603, #1475, .T. ) ;
#465 =( BOUNDED_CURVE ( )  B_SPLINE_CURVE ( 3, ( #3887, #4537, #4199, #3070 ),
 .UNSPECIFIED., .F., .F. ) 
 B_SPLINE_CURVE_WITH_KNOTS ( ( 4, 4 ),
 ( 5.167252626366336088, 5.307571830021140080 ),
 .UNSPECIFIED. ) 
 CURVE ( )  GEOMETRIC_REPRESENTATION_ITEM ( )  RATIONAL_B_SPLINE_CURVE ( ( 1.000000000000000000, 0.9983598830279319936, 0.9983598830279319936, 1.000000000000000000 ) ) 
 REPRESENTATION_ITEM ( '' )  );
#466 = VECTOR ( 'NONE', #3086, 1000.000000000000000 ) ;
#467 = ORIENTED_EDGE ( 'NONE', *, *, #3067, .F. ) ;
#468 = VERTEX_POINT ( 'NONE', #1113 ) ;
#469 = FACE_OUTER_BOUND ( 'NONE', #1420, .T. ) ;
#470 = ADVANCED_FACE ( 'NONE', ( #2211 ), #3145, .F. ) ;
#471 = CIRCLE ( 'NONE', #3069, 1.500000000000001554 ) ;
#472 = EDGE_CURVE ( 'NONE', #490, #2097, #4282, .T. ) ;
#473 = PLANE ( 'NONE',  #2758 ) ;
#474 = ORIENTED_EDGE ( 'NONE', *, *, #1634, .F. ) ;
#475 = AXIS2_PLACEMENT_3D ( 'NONE', #274, #2807, #1995 ) ;
#476 = DIRECTION ( 'NONE',  ( 1.000000000000000000, 5.163819860439229035E-10, -0.000000000000000000 ) ) ;
#477 = CIRCLE ( 'NONE', #320, 1.550000025915001967 ) ;
#478 = ORIENTED_EDGE ( 'NONE', *, *, #942, .T. ) ;
#479 = CARTESIAN_POINT ( 'NONE',  ( -20.59999999999998010, -44.74283101375676353, -0.7012473179190029660 ) ) ;
#480 = DIRECTION ( 'NONE',  ( 0.000000000000000000, 0.000000000000000000, 1.000000000000000000 ) ) ;
#481 = LINE ( 'NONE', #1140, #1326 ) ;
#482 = AXIS2_PLACEMENT_3D ( 'NONE', #4000, #1418, #4019 ) ;
#483 = CIRCLE ( 'NONE', #2458, 13.99999999999999467 ) ;
#484 = CARTESIAN_POINT ( 'NONE',  ( -16.32892793338690041, -7.137601084778720352E-07, -2.201247317919003521 ) ) ;
#485 = ORIENTED_EDGE ( 'NONE', *, *, #2587, .T. ) ;
#486 = DIRECTION ( 'NONE',  ( 1.000000000000000000, 0.000000000000000000, 0.000000000000000000 ) ) ;
#487 = AXIS2_PLACEMENT_3D ( 'NONE', #3035, #1096, #375 ) ;
#488 = DIRECTION ( 'NONE',  ( 0.000000000000000000, -0.000000000000000000, -1.000000000000000000 ) ) ;
#489 = DIRECTION ( 'NONE',  ( -0.000000000000000000, -0.000000000000000000, -1.000000000000000000 ) ) ;
#490 = VERTEX_POINT ( 'NONE', #994 ) ;
#491 = ORIENTED_EDGE ( 'NONE', *, *, #3335, .T. ) ;
#492 = DIRECTION ( 'NONE',  ( 0.000000000000000000, 0.000000000000000000, -1.000000000000000000 ) ) ;
#493 = DIRECTION ( 'NONE',  ( 1.000000000000000000, 0.000000000000000000, 0.000000000000000000 ) ) ;
#494 = ORIENTED_EDGE ( 'NONE', *, *, #4588, .F. ) ;
#495 = VERTEX_POINT ( 'NONE', #479 ) ;
#496 = ADVANCED_FACE ( 'NONE', ( #1334 ), #587, .T. ) ;
#497 = DIRECTION ( 'NONE',  ( -1.000000000000000000, 0.000000000000000000, 0.000000000000000000 ) ) ;
#498 = DIRECTION ( 'NONE',  ( -9.714451465470119729E-17, 2.394758726656991011E-17, -1.000000000000000000 ) ) ;
#499 = ORIENTED_EDGE ( 'NONE', *, *, #50, .T. ) ;
#500 = DIRECTION ( 'NONE',  ( 1.000000000000000000, 0.000000000000000000, 0.000000000000000000 ) ) ;
#501 = EDGE_CURVE ( 'NONE', #1870, #47, #975, .T. ) ;
#502 = ADVANCED_FACE ( 'NONE', ( #4472 ), #88, .F. ) ;
#503 = EDGE_LOOP ( 'NONE', ( #4494, #1072, #826, #2941 ) ) ;
#504 = CARTESIAN_POINT ( 'NONE',  ( -21.52892635226175599, -36.17192779159400828, -1.201247317919001745 ) ) ;
#505 = DIRECTION ( 'NONE',  ( 4.879091124591368331E-43, -9.244463732570824328E-33, 1.000000000000000000 ) ) ;
#506 = ORIENTED_EDGE ( 'NONE', *, *, #2660, .F. ) ;
#507 = LINE ( 'NONE', #2678, #4732 ) ;
#508 = CARTESIAN_POINT ( 'NONE',  ( 20.49999999999998579, -47.52500000000002700, -16.98531814000003948 ) ) ;
#509 = EDGE_LOOP ( 'NONE', ( #2079, #755 ) ) ;
#510 = ORIENTED_EDGE ( 'NONE', *, *, #1122, .T. ) ;
#511 = LINE ( 'NONE', #4251, #3667 ) ;
#512 = CARTESIAN_POINT ( 'NONE',  ( -28.70320349208182265, 54.73599845050538448, -2.201247317918998636 ) ) ;
#513 = EDGE_LOOP ( 'NONE', ( #3566, #883, #4721, #4433 ) ) ;
#514 = ORIENTED_EDGE ( 'NONE', *, *, #3597, .F. ) ;
#515 = DIRECTION ( 'NONE',  ( -1.000000000000000000, 0.000000000000000000, 0.000000000000000000 ) ) ;
#516 = CARTESIAN_POINT ( 'NONE',  ( -26.19999999999997087, -30.19999999999999929, -2.201247317919003521 ) ) ;
#517 = VERTEX_POINT ( 'NONE', #609 ) ;
#518 = CARTESIAN_POINT ( 'NONE',  ( -24.70320349208182265, 54.73599849820489283, -2.201247317918999968 ) ) ;
#519 = ORIENTED_EDGE ( 'NONE', *, *, #2338, .T. ) ;
#520 = CYLINDRICAL_SURFACE ( 'NONE', #3911, 3.251094398538163954 ) ;
#521 = EDGE_CURVE ( 'NONE', #4135, #3032, #1444, .T. ) ;
#522 = DIRECTION ( 'NONE',  ( -0.000000000000000000, 1.000000000000000000, -0.000000000000000000 ) ) ;
#523 = ORIENTED_EDGE ( 'NONE', *, *, #1782, .T. ) ;
#524 = DIRECTION ( 'NONE',  ( 1.000000000000000000, 0.000000000000000000, 0.000000000000000000 ) ) ;
#525 = DIRECTION ( 'NONE',  ( 0.000000000000000000, 0.000000000000000000, 1.000000000000000000 ) ) ;
#526 = LINE ( 'NONE', #2419, #3921 ) ;
#527 = ORIENTED_EDGE ( 'NONE', *, *, #1803, .T. ) ;
#528 = CIRCLE ( 'NONE', #2892, 2.499999999999998668 ) ;
#529 = EDGE_CURVE ( 'NONE', #2112, #35, #2671, .T. ) ;
#530 = ADVANCED_FACE ( 'NONE', ( #3485 ), #3505, .F. ) ;
#531 = VECTOR ( 'NONE', #1466, 1000.000000000000000 ) ;
#532 = ORIENTED_EDGE ( 'NONE', *, *, #328, .F. ) ;
#533 = LINE ( 'NONE', #220, #3058 ) ;
#534 = CARTESIAN_POINT ( 'NONE',  ( 12.61637013619705527, 46.08749999999998437, -0.7012473179190039652 ) ) ;
#535 = VECTOR ( 'NONE', #2806, 1000.000000000000000 ) ;
#536 = VERTEX_POINT ( 'NONE', #224 ) ;
#537 = EDGE_LOOP ( 'NONE', ( #223, #2579, #1663, #3993 ) ) ;
#538 = PLANE ( 'NONE',  #2378 ) ;
#539 = AXIS2_PLACEMENT_3D ( 'NONE', #1839, #3733, #3306 ) ;
#540 = LINE ( 'NONE', #2005, #3840 ) ;
#541 = VERTEX_POINT ( 'NONE', #1906 ) ;
#542 = DIRECTION ( 'NONE',  ( -1.000000000000000000, 0.000000000000000000, 0.000000000000000000 ) ) ;
#543 = ORIENTED_EDGE ( 'NONE', *, *, #1546, .F. ) ;
#544 = AXIS2_PLACEMENT_3D ( 'NONE', #2255, #443, #3029 ) ;
#545 = VECTOR ( 'NONE', #2936, 1000.000000000000000 ) ;
#546 = DIRECTION ( 'NONE',  ( -0.000000000000000000, -0.000000000000000000, -1.000000000000000000 ) ) ;
#547 = DIRECTION ( 'NONE',  ( 9.714451465470119729E-17, -2.394758726656991011E-17, 1.000000000000000000 ) ) ;
#548 = VECTOR ( 'NONE', #158, 1000.000000000000000 ) ;
#549 = VECTOR ( 'NONE', #3216, 1000.000000000000000 ) ;
#550 = ORIENTED_EDGE ( 'NONE', *, *, #4410, .T. ) ;
#551 = DIRECTION ( 'NONE',  ( 1.000000000000000000, 0.000000000000000000, 0.000000000000000000 ) ) ;
#552 = EDGE_CURVE ( 'NONE', #3797, #1580, #3053, .T. ) ;
#553 = CARTESIAN_POINT ( 'NONE',  ( -13.76320341596971275, 63.89599869417707367, -0.7012473179190001904 ) ) ;
#554 = VECTOR ( 'NONE', #580, 1000.000000000000000 ) ;
#555 = DIRECTION ( 'NONE',  ( -8.052216045020057883E-10, 1.000000000000000000, 0.000000000000000000 ) ) ;
#556 = ORIENTED_EDGE ( 'NONE', *, *, #2138, .T. ) ;
#557 = CIRCLE ( 'NONE', #3685, 4.000000000000000000 ) ;
#558 = UNCERTAINTY_MEASURE_WITH_UNIT (LENGTH_MEASURE( 1.000000000000000082E-05 ), #1431, 'distance_accuracy_value', 'NONE');
#559 = AXIS2_PLACEMENT_3D ( 'NONE', #3646, #388, #364 ) ;
#560 = VECTOR ( 'NONE', #2014, 1000.000000000000000 ) ;
#561 = VERTEX_POINT ( 'NONE', #1682 ) ;
#562 = ADVANCED_FACE ( 'NONE', ( #1549 ), #4639, .F. ) ;
#563 = EDGE_CURVE ( 'NONE', #3526, #1905, #2791, .T. ) ;
#564 = DIRECTION ( 'NONE',  ( 0.000000000000000000, -9.244463733058732095E-33, 1.000000000000000000 ) ) ;
#565 = DIRECTION ( 'NONE',  ( -1.000000000000000000, 0.000000000000000000, 0.000000000000000000 ) ) ;
#566 = ORIENTED_EDGE ( 'NONE', *, *, #464, .T. ) ;
#567 = VERTEX_POINT ( 'NONE', #1213 ) ;
#568 = CARTESIAN_POINT ( 'NONE',  ( -21.90000000000000568, -33.52500000000001279, 133.4883807175925483 ) ) ;
#569 = DIRECTION ( 'NONE',  ( -0.9999999999999998890, -1.192487804382835507E-08, 0.000000000000000000 ) ) ;
#570 = LINE ( 'NONE', #2454, #2092 ) ;
#571 = PLANE ( 'NONE',  #2525 ) ;
#572 = ORIENTED_EDGE ( 'NONE', *, *, #3864, .F. ) ;
#573 = CARTESIAN_POINT ( 'NONE',  ( -29.32132034355964834, -20.12132034355964905, -12.84390800765196161 ) ) ;
#574 = ORIENTED_EDGE ( 'NONE', *, *, #4182, .F. ) ;
#575 = CARTESIAN_POINT ( 'NONE',  ( 26.19999999999997442, 30.19999999999999929, -4.800012294714003147 ) ) ;
#576 = DIRECTION ( 'NONE',  ( 1.000000000000000000, 4.380839319655782558E-34, -9.714451465470119729E-17 ) ) ;
#577 = EDGE_LOOP ( 'NONE', ( #4118, #958, #4181, #1348 ) ) ;
#578 = CARTESIAN_POINT ( 'NONE',  ( -28.19999999999999218, -17.75735931288070546, -12.49999999999999822 ) ) ;
#579 = CARTESIAN_POINT ( 'NONE',  ( -6.407954045876452253E-07, 53.73599879278765457, -6.050012294714004035 ) ) ;
#580 = DIRECTION ( 'NONE',  ( 0.000000000000000000, -0.000000000000000000, 1.000000000000000000 ) ) ;
#581 = ORIENTED_EDGE ( 'NONE', *, *, #405, .T. ) ;
#582 = CARTESIAN_POINT ( 'NONE',  ( -30.20000000000000284, 22.05665955452493421, -14.34814711706625090 ) ) ;
#583 = CARTESIAN_POINT ( 'NONE',  ( 28.25000000766948460, 17.75735931288069480, -12.49999999999999822 ) ) ;
#584 = ADVANCED_FACE ( 'NONE', ( #864 ), #2428, .F. ) ;
#585 = ORIENTED_EDGE ( 'NONE', *, *, #3192, .T. ) ;
#586 = ORIENTED_EDGE ( 'NONE', *, *, #3539, .F. ) ;
#587 = CYLINDRICAL_SURFACE ( 'NONE', #2895, 14.00000000000000178 ) ;
#588 = DIRECTION ( 'NONE',  ( -0.000000000000000000, -0.000000000000000000, -1.000000000000000000 ) ) ;
#589 = FACE_BOUND ( 'NONE', #3418, .T. ) ;
#590 = EDGE_CURVE ( 'NONE', #1813, #329, #2072, .T. ) ;
#591 = CARTESIAN_POINT ( 'NONE',  ( -26.43284812093930114, 49.48001540195568282, -10.80001229471400137 ) ) ;
#592 = EDGE_CURVE ( 'NONE', #2616, #706, #2317, .T. ) ;
#593 = ORIENTED_EDGE ( 'NONE', *, *, #1082, .F. ) ;
#594 = DIRECTION ( 'NONE',  ( 0.000000000000000000, -0.000000000000000000, -1.000000000000000000 ) ) ;
#595 = ORIENTED_EDGE ( 'NONE', *, *, #2744, .F. ) ;
#596 = CARTESIAN_POINT ( 'NONE',  ( 11.81637013619705989, 45.08749999999977831, -8.800012294714003147 ) ) ;
#597 = LINE ( 'NONE', #2082, #4143 ) ;
#598 = ORIENTED_EDGE ( 'NONE', *, *, #521, .F. ) ;
#599 = CARTESIAN_POINT ( 'NONE',  ( -12.03355894091131795, 30.19999999999999929, 145.1871456943875671 ) ) ;
#600 = LINE ( 'NONE', #3833, #1229 ) ;
#601 = FACE_OUTER_BOUND ( 'NONE', #2607, .T. ) ;
#602 = LINE ( 'NONE', #2209, #1159 ) ;
#603 = ORIENTED_EDGE ( 'NONE', *, *, #800, .T. ) ;
#604 = DIRECTION ( 'NONE',  ( -1.000000000000000000, 0.000000000000000000, 0.000000000000000000 ) ) ;
#605 = LINE ( 'NONE', #1298, #4057 ) ;
#606 = VECTOR ( 'NONE', #4311, 1000.000000000000114 ) ;
#607 = EDGE_LOOP ( 'NONE', ( #3376, #87, #265, #2819 ) ) ;
#608 = VERTEX_POINT ( 'NONE', #3534 ) ;
#609 = CARTESIAN_POINT ( 'NONE',  ( -9.763203306737819887, 54.73599867636261251, -0.7012473179190007455 ) ) ;
#610 = EDGE_CURVE ( 'NONE', #2124, #2825, #255, .T. ) ;
#611 = VECTOR ( 'NONE', #1449, 1000.000000000000114 ) ;
#612 = CARTESIAN_POINT ( 'NONE',  ( 19.19999999999999574, -44.74283101375674931, -0.7012473179190029660 ) ) ;
#613 = FACE_BOUND ( 'NONE', #2102, .T. ) ;
#614 = CIRCLE ( 'NONE', #3444, 1.550000025914998636 ) ;
#615 = ORIENTED_EDGE ( 'NONE', *, *, #1380, .T. ) ;
#616 = CARTESIAN_POINT ( 'NONE',  ( -26.19999999999999929, -26.19999999999999929, -0.7012473179190029660 ) ) ;
#617 = EDGE_LOOP ( 'NONE', ( #3004, #494, #2799, #2921 ) ) ;
#618 = EDGE_CURVE ( 'NONE', #3144, #301, #1779, .T. ) ;
#619 = EDGE_CURVE ( 'NONE', #2129, #1402, #4685, .T. ) ;
#620 = CARTESIAN_POINT ( 'NONE',  ( 29.21278312892792073, -19.96278312125845034, -12.74449041495828006 ) ) ;
#621 = AXIS2_PLACEMENT_3D ( 'NONE', #872, #4555, #2418 ) ;
#622 = DIRECTION ( 'NONE',  ( 1.000000000000000000, 0.000000000000000000, 0.000000000000000000 ) ) ;
#623 = AXIS2_PLACEMENT_3D ( 'NONE', #504, #3826, #833 ) ;
#624 = ORIENTED_EDGE ( 'NONE', *, *, #3928, .F. ) ;
#625 = CARTESIAN_POINT ( 'NONE',  ( 29.37132034030093308, 20.12132033263142716, -12.84390800757613782 ) ) ;
#626 = DIRECTION ( 'NONE',  ( -0.000000000000000000, -0.000000000000000000, -1.000000000000000000 ) ) ;
#627 = DIRECTION ( 'NONE',  ( -5.163819860439229035E-10, 1.000000000000000000, 0.000000000000000000 ) ) ;
#628 = VECTOR ( 'NONE', #3989, 1000.000000000000000 ) ;
#629 = VECTOR ( 'NONE', #1043, 1000.000000000000000 ) ;
#630 = DIRECTION ( 'NONE',  ( 0.000000000000000000, 1.000000000000000000, 0.000000000000000000 ) ) ;
#631 = VERTEX_POINT ( 'NONE', #3938 ) ;
#632 = AXIS2_PLACEMENT_3D ( 'NONE', #4124, #2662, #493 ) ;
#633 = AXIS2_PLACEMENT_3D ( 'NONE', #2443, #1806, #1012 ) ;
#634 = CARTESIAN_POINT ( 'NONE',  ( -28.19999999999999218, -18.99999999999998934, -12.49999999999999822 ) ) ;
#635 = DIRECTION ( 'NONE',  ( 0.000000000000000000, 1.000000000000000000, 2.394758726656990703E-17 ) ) ;
#636 = CIRCLE ( 'NONE', #1770, 1.000000000000000888 ) ;
#637 = AXIS2_PLACEMENT_3D ( 'NONE', #427, #1170, #3373 ) ;
#638 = B_SPLINE_CURVE_WITH_KNOTS ( 'NONE', 3,
 ( #1330, #2350, #3527, #4178, #3139, #4559, #946, #1970, #582, #3431 ),
 .UNSPECIFIED., .F., .F.,
 ( 4, 2, 2, 2, 4 ),
 ( 0.000000000000000000, 0.0007203012529654795239, 0.001440602505930959048, 0.002160903758896438355, 0.002881205011861918096 ),
 .UNSPECIFIED. ) ;
#639 = ORIENTED_EDGE ( 'NONE', *, *, #2973, .F. ) ;
#640 = VERTEX_POINT ( 'NONE', #4709 ) ;
#641 = DIRECTION ( 'NONE',  ( 0.9999999999999998890, 1.192487775192319243E-08, 0.000000000000000000 ) ) ;
#642 = VECTOR ( 'NONE', #2101, 1000.000000000000000 ) ;
#643 = CARTESIAN_POINT ( 'NONE',  ( -12.03355894091131795, 49.72304779445453704, -4.800012294714002259 ) ) ;
#644 = FACE_OUTER_BOUND ( 'NONE', #2456, .T. ) ;
#645 = EDGE_CURVE ( 'NONE', #2248, #1619, #2140, .T. ) ;
#646 = ORIENTED_EDGE ( 'NONE', *, *, #2395, .F. ) ;
#647 = FACE_OUTER_BOUND ( 'NONE', #577, .T. ) ;
#648 = CARTESIAN_POINT ( 'NONE',  ( -26.43284812093930114, 49.48001540195568282, 145.1871456943875671 ) ) ;
#649 = DIRECTION ( 'NONE',  ( -0.000000000000000000, -0.000000000000000000, 1.000000000000000000 ) ) ;
#650 = EDGE_CURVE ( 'NONE', #4499, #385, #1421, .T. ) ;
#651 = EDGE_CURVE ( 'NONE', #4135, #3959, #1799, .T. ) ;
#652 = ORIENTED_EDGE ( 'NONE', *, *, #4001, .T. ) ;
#653 = CARTESIAN_POINT ( 'NONE',  ( -1.417225713293482466E-14, 49.72304779445453704, -0.7012473179190126249 ) ) ;
#654 = DIRECTION ( 'NONE',  ( 4.879084282313711292E-43, -9.244463732570824328E-33, 1.000000000000000000 ) ) ;
#655 = EDGE_CURVE ( 'NONE', #3332, #4295, #3664, .T. ) ;
#656 = ORIENTED_EDGE ( 'NONE', *, *, #4547, .F. ) ;
#657 = LINE ( 'NONE', #3571, #4740 ) ;
#658 = CARTESIAN_POINT ( 'NONE',  ( 34.49999999999998579, -33.52500000000002700, -16.98531814000003948 ) ) ;
#659 = ORIENTED_EDGE ( 'NONE', *, *, #3835, .F. ) ;
#660 = ORIENTED_EDGE ( 'NONE', *, *, #4680, .T. ) ;
#661 = CARTESIAN_POINT ( 'NONE',  ( 1.416370136197057317, 64.08749999999999147, -6.800012294714002259 ) ) ;
#662 = CARTESIAN_POINT ( 'NONE',  ( 29.52630235953065707, -20.27630235186119378, -12.94884450233955064 ) ) ;
#663 = CARTESIAN_POINT ( 'NONE',  ( -35.90000000000000568, 60.97499999999998721, -0.7012473179190126249 ) ) ;
#664 = ORIENTED_EDGE ( 'NONE', *, *, #2239, .F. ) ;
#665 = DIRECTION ( 'NONE',  ( 0.000000000000000000, -0.000000000000000000, 1.000000000000000000 ) ) ;
#666 = DIRECTION ( 'NONE',  ( 1.000000000000000000, 0.000000000000000000, 0.000000000000000000 ) ) ;
#667 = CARTESIAN_POINT ( 'NONE',  ( 0.000000000000000000, 49.72304779445453704, -10.80001229471400492 ) ) ;
#668 = ORIENTED_EDGE ( 'NONE', *, *, #4297, .F. ) ;
#669 = CARTESIAN_POINT ( 'NONE',  ( -5.763203276925626284, 59.74999995378512807, -10.80001229471400137 ) ) ;
#670 = CARTESIAN_POINT ( 'NONE',  ( 20.49999999999997868, -47.52500000000002700, -0.7012473179190126249 ) ) ;
#671 = LINE ( 'NONE', #1392, #3850 ) ;
#672 = ADVANCED_FACE ( 'NONE', ( #729 ), #1084, .T. ) ;
#673 = ORIENTED_EDGE ( 'NONE', *, *, #3393, .F. ) ;
#674 = CARTESIAN_POINT ( 'NONE',  ( -24.70320346226962016, 52.23599849820489283, -0.7012473179190021888 ) ) ;
#675 = DIRECTION ( 'NONE',  ( 0.000000000000000000, 1.000000000000000000, 0.000000000000000000 ) ) ;
#676 = EDGE_CURVE ( 'NONE', #4427, #4741, #2544, .T. ) ;
#677 = EDGE_CURVE ( 'NONE', #385, #4208, #2877, .T. ) ;
#678 = EDGE_LOOP ( 'NONE', ( #1952, #2389, #4341, #598 ) ) ;
#679 = CARTESIAN_POINT ( 'NONE',  ( 1.416370136197056429, 64.08749999999999147, -0.7012473179190029660 ) ) ;
#680 = DIRECTION ( 'NONE',  ( 1.000000000000000000, -1.156482317317871725E-15, 0.000000000000000000 ) ) ;
#681 = AXIS2_PLACEMENT_3D ( 'NONE', #1343, #1034, #2869 ) ;
#682 = ORIENTED_EDGE ( 'NONE', *, *, #4127, .F. ) ;
#683 = CARTESIAN_POINT ( 'NONE',  ( -18.20000000000001350, 72.19499999999997897, -3.201247317919003077 ) ) ;
#684 = VECTOR ( 'NONE', #1439, 1000.000000000000000 ) ;
#685 = DIRECTION ( 'NONE',  ( 0.000000000000000000, -0.000000000000000000, -1.000000000000000000 ) ) ;
#686 = VECTOR ( 'NONE', #30, 1000.000000000000000 ) ;
#687 = CARTESIAN_POINT ( 'NONE',  ( -24.70320347121328197, 52.23599849820489283, -6.050012294714004035 ) ) ;
#688 = VERTEX_POINT ( 'NONE', #363 ) ;
#689 = DIRECTION ( 'NONE',  ( 0.000000000000000000, 1.000000000000000000, 0.000000000000000000 ) ) ;
#690 = VECTOR ( 'NONE', #2218, 1000.000000000000000 ) ;
#691 = DIRECTION ( 'NONE',  ( 1.000000000000000000, 0.000000000000000000, 0.000000000000000000 ) ) ;
#692 = DIRECTION ( 'NONE',  ( 1.000000000000000000, 0.000000000000000000, 0.000000000000000000 ) ) ;
#693 = AXIS2_PLACEMENT_3D ( 'NONE', #3723, #4343, #1065 ) ;
#694 = EDGE_CURVE ( 'NONE', #3265, #362, #4421, .T. ) ;
#695 = VERTEX_POINT ( 'NONE', #3601 ) ;
#696 = LINE ( 'NONE', #1370, #535 ) ;
#697 = CIRCLE ( 'NONE', #389, 1.000000000000000888 ) ;
#698 = DIRECTION ( 'NONE',  ( 0.000000000000000000, 0.000000000000000000, -1.000000000000000000 ) ) ;
#699 = ORIENTED_EDGE ( 'NONE', *, *, #1478, .F. ) ;
#700 = CIRCLE ( 'NONE', #4690, 3.251094394703408330 ) ;
#701 = AXIS2_PLACEMENT_3D ( 'NONE', #1205, #3773, #73 ) ;
#702 = EDGE_CURVE ( 'NONE', #4002, #1516, #1751, .T. ) ;
#703 = AXIS2_PLACEMENT_3D ( 'NONE', #399, #1188, #2336 ) ;
#704 = EDGE_CURVE ( 'NONE', #3823, #2644, #303, .T. ) ;
#705 = VERTEX_POINT ( 'NONE', #3263 ) ;
#706 = VERTEX_POINT ( 'NONE', #2926 ) ;
#707 = DIRECTION ( 'NONE',  ( -0.9999999999999998890, -1.192487951123138445E-08, 0.000000000000000000 ) ) ;
#708 = CARTESIAN_POINT ( 'NONE',  ( -27.20320355361419118, 59.89599853390670603, -0.7012473179189987471 ) ) ;
#709 = LINE ( 'NONE', #325, #1162 ) ;
#710 = VECTOR ( 'NONE', #675, 1000.000000000000000 ) ;
#711 = AXIS2_PLACEMENT_3D ( 'NONE', #1552, #3014, #1194 ) ;
#712 = EDGE_CURVE ( 'NONE', #4374, #4420, #297, .T. ) ;
#713 = ORIENTED_EDGE ( 'NONE', *, *, #1409, .T. ) ;
#714 = CIRCLE ( 'NONE', #4308, 13.99999999999999645 ) ;
#715 = DIRECTION ( 'NONE',  ( -0.000000000000000000, -0.000000000000000000, 1.000000000000000000 ) ) ;
#716 = CIRCLE ( 'NONE', #2685, 2.399999999999999467 ) ;
#717 = CARTESIAN_POINT ( 'NONE',  ( -27.20320349208182265, 54.73599846839270100, -7.550012294714004923 ) ) ;
#718 = FACE_OUTER_BOUND ( 'NONE', #2256, .T. ) ;
#719 = LINE ( 'NONE', #3295, #2766 ) ;
#720 = ORIENTED_EDGE ( 'NONE', *, *, #3428, .T. ) ;
#721 = LINE ( 'NONE', #4415, #4351 ) ;
#722 = DIRECTION ( 'NONE',  ( 0.000000000000000000, 0.000000000000000000, 1.000000000000000000 ) ) ;
#723 = CARTESIAN_POINT ( 'NONE',  ( 16.79999999999999005, 72.19499999999997897, -3.201247317919002633 ) ) ;
#724 = CYLINDRICAL_SURFACE ( 'NONE', #1294, 13.99999999999999645 ) ;
#725 = DIRECTION ( 'NONE',  ( -1.000000000000000000, 0.000000000000000000, 0.000000000000000000 ) ) ;
#726 = DIRECTION ( 'NONE',  ( 0.7071067811865543451, 0.7071067811865408004, 0.000000000000000000 ) ) ;
#727 = ORIENTED_EDGE ( 'NONE', *, *, #182, .T. ) ;
#728 = ORIENTED_EDGE ( 'NONE', *, *, #4541, .T. ) ;
#729 = FACE_OUTER_BOUND ( 'NONE', #2352, .T. ) ;
#730 = EDGE_CURVE ( 'NONE', #453, #3575, #1515, .T. ) ;
#731 = ORIENTED_EDGE ( 'NONE', *, *, #3186, .F. ) ;
#732 = CYLINDRICAL_SURFACE ( 'NONE', #2013, 1.550000025914998636 ) ;
#733 = DIRECTION ( 'NONE',  ( 1.000000000000000000, 0.000000000000000000, 0.000000000000000000 ) ) ;
#734 = EDGE_CURVE ( 'NONE', #3088, #1905, #3215, .T. ) ;
#735 = EDGE_CURVE ( 'NONE', #3189, #899, #4660, .T. ) ;
#736 = FACE_OUTER_BOUND ( 'NONE', #1610, .T. ) ;
#737 = DIRECTION ( 'NONE',  ( 9.714451465470119729E-17, -2.394758726656991011E-17, 1.000000000000000000 ) ) ;
#738 = ORIENTED_EDGE ( 'NONE', *, *, #2216, .T. ) ;
#739 = DIRECTION ( 'NONE',  ( -1.000000000000000000, 0.000000000000000000, 0.000000000000000000 ) ) ;
#740 = CARTESIAN_POINT ( 'NONE',  ( 30.25000000766948460, 20.99999999999996447, -11.00000000000000000 ) ) ;
#741 = CARTESIAN_POINT ( 'NONE',  ( -28.29703753721296167, 18.53938515027760658, -12.50198126772020046 ) ) ;
#742 = ORIENTED_EDGE ( 'NONE', *, *, #1696, .T. ) ;
#743 = CARTESIAN_POINT ( 'NONE',  ( 13.61637013619706060, 64.08749999999999147, -8.800012294714003147 ) ) ;
#744 = FACE_OUTER_BOUND ( 'NONE', #917, .T. ) ;
#745 = ORIENTED_EDGE ( 'NONE', *, *, #2974, .F. ) ;
#746 = ORIENTED_EDGE ( 'NONE', *, *, #3868, .F. ) ;
#747 = DIRECTION ( 'NONE',  ( -0.000000000000000000, -0.000000000000000000, 1.000000000000000000 ) ) ;
#748 = DIRECTION ( 'NONE',  ( 0.000000000000000000, 0.000000000000000000, 1.000000000000000000 ) ) ;
#749 = EDGE_LOOP ( 'NONE', ( #339, #4224, #2208, #3937 ) ) ;
#750 = EDGE_LOOP ( 'NONE', ( #460, #2032 ) ) ;
#751 = ADVANCED_FACE ( 'NONE', ( #3625 ), #1042, .F. ) ;
#752 = DIRECTION ( 'NONE',  ( -0.000000000000000000, -0.000000000000000000, 1.000000000000000000 ) ) ;
#753 = CARTESIAN_POINT ( 'NONE',  ( -16.70000000000001350, 72.19499999999997897, -16.98531814000003948 ) ) ;
#754 = VECTOR ( 'NONE', #4329, 1000.000000000000000 ) ;
#755 = ORIENTED_EDGE ( 'NONE', *, *, #3248, .F. ) ;
#756 = DIRECTION ( 'NONE',  ( -0.000000000000000000, -0.000000000000000000, -1.000000000000000000 ) ) ;
#757 = EDGE_CURVE ( 'NONE', #1263, #3554, #1902, .T. ) ;
#758 = EDGE_CURVE ( 'NONE', #869, #517, #2512, .T. ) ;
#759 = VERTEX_POINT ( 'NONE', #2661 ) ;
#760 = LINE ( 'NONE', #2955, #3963 ) ;
#761 = CARTESIAN_POINT ( 'NONE',  ( 13.61637013619705705, 45.08750000000000568, -8.801247317919001389 ) ) ;
#762 = LINE ( 'NONE', #2213, #1088 ) ;
#763 = VECTOR ( 'NONE', #203, 1000.000000000000000 ) ;
#764 = DIRECTION ( 'NONE',  ( -0.9999999999999998890, -1.192487951123138445E-08, 9.714451436912909993E-17 ) ) ;
#765 = VECTOR ( 'NONE', #2299, 1000.000000000000000 ) ;
#766 = CARTESIAN_POINT ( 'NONE',  ( 28.55807308394745903, -19.09625052932152656, -12.52238017726461017 ) ) ;
#767 = DIRECTION ( 'NONE',  ( 0.000000000000000000, -0.000000000000000000, 1.000000000000000000 ) ) ;
#768 = DIRECTION ( 'NONE',  ( 1.000000000000000000, 0.000000000000000000, 0.000000000000000000 ) ) ;
#769 = ORIENTED_EDGE ( 'NONE', *, *, #2889, .T. ) ;
#770 = AXIS2_PLACEMENT_3D ( 'NONE', #3181, #626, #3905 ) ;
#771 = VERTEX_POINT ( 'NONE', #824 ) ;
#772 = AXIS2_PLACEMENT_3D ( 'NONE', #2817, #333, #2081 ) ;
#773 = CARTESIAN_POINT ( 'NONE',  ( -11.26320330673782166, 54.73599865847529600, -2.201247317918999968 ) ) ;
#774 = CARTESIAN_POINT ( 'NONE',  ( -24.70320355361419118, 59.89599856371889786, -2.201247317918999968 ) ) ;
#775 = AXIS2_PLACEMENT_3D ( 'NONE', #2424, #3556, #3910 ) ;
#776 = VECTOR ( 'NONE', #3383, 1000.000000000000000 ) ;
#777 = ORIENTED_EDGE ( 'NONE', *, *, #51, .T. ) ;
#778 = ORIENTED_EDGE ( 'NONE', *, *, #472, .F. ) ;
#779 = CIRCLE ( 'NONE', #1018, 1.550000025915001967 ) ;
#780 = VECTOR ( 'NONE', #831, 1000.000000000000000 ) ;
#781 = LINE ( 'NONE', #717, #3529 ) ;
#782 = EDGE_CURVE ( 'NONE', #688, #1106, #461, .T. ) ;
#783 = CARTESIAN_POINT ( 'NONE',  ( 30.19999999999999929, -25.00000000000000000, -16.98531814000003948 ) ) ;
#784 = AXIS2_PLACEMENT_3D ( 'NONE', #4727, #1849, #3981 ) ;
#785 = AXIS2_PLACEMENT_3D ( 'NONE', #683, #2103, #4694 ) ;
#786 = ORIENTED_EDGE ( 'NONE', *, *, #2251, .F. ) ;
#787 = PLANE ( 'NONE',  #3302 ) ;
#788 = ORIENTED_EDGE ( 'NONE', *, *, #2715, .T. ) ;
#789 = DIRECTION ( 'NONE',  ( -1.000000000000000000, -1.192488006488781658E-08, 0.000000000000000000 ) ) ;
#790 = AXIS2_PLACEMENT_3D ( 'NONE', #4257, #3147, #977 ) ;
#791 = LINE ( 'NONE', #4037, #2922 ) ;
#792 = EDGE_CURVE ( 'NONE', #1892, #1253, #1486, .T. ) ;
#793 = EDGE_CURVE ( 'NONE', #1650, #3915, #4486, .T. ) ;
#794 = DIRECTION ( 'NONE',  ( -0.000000000000000000, -0.000000000000000000, 1.000000000000000000 ) ) ;
#795 = CARTESIAN_POINT ( 'NONE',  ( -11.26320330673782166, 54.73599865847529600, -0.7012473179190021888 ) ) ;
#796 = DIRECTION ( 'NONE',  ( 0.000000000000000000, 0.000000000000000000, -1.000000000000000000 ) ) ;
#797 = LINE ( 'NONE', #4423, #2157 ) ;
#798 = VERTEX_POINT ( 'NONE', #1533 ) ;
#799 = CARTESIAN_POINT ( 'NONE',  ( -28.25000003450509922, 59.49999999997535838, -16.98531814000003948 ) ) ;
#800 = EDGE_CURVE ( 'NONE', #895, #4314, #1299, .T. ) ;
#801 = ORIENTED_EDGE ( 'NONE', *, *, #3744, .T. ) ;
#802 = DIRECTION ( 'NONE',  ( 1.192488004752120429E-08, -1.000000000000000000, 0.000000000000000000 ) ) ;
#803 = CARTESIAN_POINT ( 'NONE',  ( -1.083629863802943794, 59.74999995627790383, -4.800012294714003147 ) ) ;
#804 = ORIENTED_EDGE ( 'NONE', *, *, #816, .T. ) ;
#805 = VERTEX_POINT ( 'NONE', #4022 ) ;
#806 = B_SPLINE_CURVE_WITH_KNOTS ( 'NONE', 3,
 ( #3939, #662, #2118, #3578, #3980, #1559, #2878, #103, #458, #2996 ),
 .UNSPECIFIED., .F., .F.,
 ( 4, 2, 2, 2, 4 ),
 ( 0.000000000000000000, 0.0007203012529224877636, 0.001440602505844975527, 0.002160903758767463399, 0.002881205011689951054 ),
 .UNSPECIFIED. ) ;
#807 = DIRECTION ( 'NONE',  ( 0.000000000000000000, 0.000000000000000000, 1.000000000000000000 ) ) ;
#808 = DIRECTION ( 'NONE',  ( -1.000000000000000000, -1.192488006488787118E-08, 0.000000000000000000 ) ) ;
#809 = ORIENTED_EDGE ( 'NONE', *, *, #4007, .F. ) ;
#810 = DIRECTION ( 'NONE',  ( -4.879084282828732417E-43, 9.244463733546641230E-33, -1.000000000000000000 ) ) ;
#811 = LINE ( 'NONE', #4062, #4516 ) ;
#812 = CYLINDRICAL_SURFACE ( 'NONE', #4617, 3.247682551242192517 ) ;
#813 = CARTESIAN_POINT ( 'NONE',  ( -27.19999999999999929, -22.24264068711928743, -11.00000000000000000 ) ) ;
#814 = ORIENTED_EDGE ( 'NONE', *, *, #3185, .T. ) ;
#815 = CARTESIAN_POINT ( 'NONE',  ( -28.60391367334157664, -19.27341796947126440, -12.53795757247831233 ) ) ;
#816 = EDGE_CURVE ( 'NONE', #4607, #4155, #2638, .T. ) ;
#817 = PLANE ( 'NONE',  #539 ) ;
#818 = CARTESIAN_POINT ( 'NONE',  ( -30.19999999999999929, 25.00000000000000000, -16.98531814000003948 ) ) ;
#819 = ORIENTED_EDGE ( 'NONE', *, *, #1896, .T. ) ;
#820 = DIRECTION ( 'NONE',  ( 0.000000000000000000, 0.000000000000000000, 1.000000000000000000 ) ) ;
#821 = VERTEX_POINT ( 'NONE', #3000 ) ;
#822 = ADVANCED_FACE ( 'NONE', ( #1922 ), #127, .F. ) ;
#823 = EDGE_CURVE ( 'NONE', #35, #2848, #2141, .T. ) ;
#824 = CARTESIAN_POINT ( 'NONE',  ( -9.763203368270193749, 59.89599874187658912, -0.7012473179190006345 ) ) ;
#825 = FACE_OUTER_BOUND ( 'NONE', #96, .T. ) ;
#826 = ORIENTED_EDGE ( 'NONE', *, *, #1962, .F. ) ;
#827 = ORIENTED_EDGE ( 'NONE', *, *, #3596, .F. ) ;
#828 = CARTESIAN_POINT ( 'NONE',  ( 2.416370136197056429, 63.08749999999999147, -8.801247317919001389 ) ) ;
#829 = CARTESIAN_POINT ( 'NONE',  ( 2.416370136197074636, 45.08749999999979963, -0.7012473179190021888 ) ) ;
#830 = ORIENTED_EDGE ( 'NONE', *, *, #3074, .T. ) ;
#831 = DIRECTION ( 'NONE',  ( 6.797739561872961325E-09, -1.000000000000000000, 0.000000000000000000 ) ) ;
#832 = DIRECTION ( 'NONE',  ( -9.714451465470119729E-17, 2.394758726656991011E-17, -1.000000000000000000 ) ) ;
#833 = DIRECTION ( 'NONE',  ( 1.000000000000000000, -1.172963063274974611E-34, -9.714451465470119729E-17 ) ) ;
#834 = CYLINDRICAL_SURFACE ( 'NONE', #1853, 2.999999999999999112 ) ;
#835 = AXIS2_PLACEMENT_3D ( 'NONE', #2747, #3789, #3832 ) ;
#836 = CARTESIAN_POINT ( 'NONE',  ( -24.70320358342639366, 62.39599856371889786, -2.201247317918998636 ) ) ;
#837 = EDGE_LOOP ( 'NONE', ( #4162, #788, #2046, #2275 ) ) ;
#838 = DIRECTION ( 'NONE',  ( 0.000000000000000000, 0.000000000000000000, 1.000000000000000000 ) ) ;
#839 = VECTOR ( 'NONE', #4616, 1000.000000000000000 ) ;
#840 = DIRECTION ( 'NONE',  ( -9.714451465470119729E-17, 2.394758726656991011E-17, -1.000000000000000000 ) ) ;
#841 = DIRECTION ( 'NONE',  ( -2.326376742162036420E-33, -1.000000000000000000, -2.394758726656991011E-17 ) ) ;
#842 = ORIENTED_EDGE ( 'NONE', *, *, #1288, .T. ) ;
#843 = DIRECTION ( 'NONE',  ( -0.9999999999999995559, -3.278354092634916196E-08, 0.000000000000000000 ) ) ;
#844 = ADVANCED_FACE ( 'NONE', ( #105 ), #437, .F. ) ;
#845 = VECTOR ( 'NONE', #1417, 1000.000000000000000 ) ;
#846 = ORIENTED_EDGE ( 'NONE', *, *, #2722, .F. ) ;
#847 = CYLINDRICAL_SURFACE ( 'NONE', #1909, 2.499999999999998668 ) ;
#848 = FACE_OUTER_BOUND ( 'NONE', #2306, .T. ) ;
#849 = VECTOR ( 'NONE', #4087, 1000.000000000000000 ) ;
#850 = EDGE_CURVE ( 'NONE', #2681, #15, #4403, .T. ) ;
#851 = ADVANCED_FACE ( 'NONE', ( #387 ), #1848, .T. ) ;
#852 = CIRCLE ( 'NONE', #3220, 1.500000000000001554 ) ;
#853 = EDGE_LOOP ( 'NONE', ( #3780, #254, #2938, #3814 ) ) ;
#854 = ORIENTED_EDGE ( 'NONE', *, *, #2186, .T. ) ;
#855 = DIRECTION ( 'NONE',  ( -0.000000000000000000, -0.000000000000000000, -1.000000000000000000 ) ) ;
#856 = VECTOR ( 'NONE', #1411, 1000.000000000000000 ) ;
#857 = CIRCLE ( 'NONE', #1312, 1.500000000000015099 ) ;
#858 = CARTESIAN_POINT ( 'NONE',  ( -12.03355894091131795, 0.000000000000000000, 145.1871456943875671 ) ) ;
#859 = ADVANCED_FACE ( 'NONE', ( #2225 ), #847, .F. ) ;
#860 = ORIENTED_EDGE ( 'NONE', *, *, #2563, .F. ) ;
#861 = VECTOR ( 'NONE', #2786, 1000.000000000000000 ) ;
#862 = CARTESIAN_POINT ( 'NONE',  ( -26.72892616388181963, -30.16487542214900230, -4.800012294714003147 ) ) ;
#863 = VECTOR ( 'NONE', #2357, 1000.000000000000000 ) ;
#864 = FACE_OUTER_BOUND ( 'NONE', #749, .T. ) ;
#865 = CYLINDRICAL_SURFACE ( 'NONE', #162, 2.399999999999999467 ) ;
#866 = DIRECTION ( 'NONE',  ( 0.000000000000000000, 1.000000000000000000, 0.000000000000000000 ) ) ;
#867 = AXIS2_PLACEMENT_3D ( 'NONE', #3174, #1688, #260 ) ;
#868 = LINE ( 'NONE', #4419, #94 ) ;
#869 = VERTEX_POINT ( 'NONE', #773 ) ;
#870 = DIRECTION ( 'NONE',  ( -0.9999999999999998890, -1.192487775192317919E-08, 0.000000000000000000 ) ) ;
#871 = PRESENTATION_LAYER_ASSIGNMENT (  '', '', ( #3389 ) ) ;
#872 = CARTESIAN_POINT ( 'NONE',  ( -28.19999999999998863, 18.99999999999999645, -12.49999999999999822 ) ) ;
#873 = CARTESIAN_POINT ( 'NONE',  ( 2.416370136197074192, 45.08749999999979963, -6.800012294714002259 ) ) ;
#874 = VERTEX_POINT ( 'NONE', #3313 ) ;
#875 = ORIENTED_EDGE ( 'NONE', *, *, #948, .T. ) ;
#876 = LINE ( 'NONE', #3479, #2516 ) ;
#877 = FACE_OUTER_BOUND ( 'NONE', #2789, .T. ) ;
#878 = VERTEX_POINT ( 'NONE', #1505 ) ;
#879 = ORIENTED_EDGE ( 'NONE', *, *, #3539, .T. ) ;
#880 = EDGE_CURVE ( 'NONE', #4056, #2565, #415, .T. ) ;
#881 = LINE ( 'NONE', #4544, #1394 ) ;
#882 = LINE ( 'NONE', #2334, #548 ) ;
#883 = ORIENTED_EDGE ( 'NONE', *, *, #3894, .F. ) ;
#884 = DIRECTION ( 'NONE',  ( 1.000000000000000000, 0.000000000000000000, 0.000000000000000000 ) ) ;
#885 = VERTEX_POINT ( 'NONE', #2966 ) ;
#886 = ADVANCED_FACE ( 'NONE', ( #1152 ), #2613, .F. ) ;
#887 = EDGE_CURVE ( 'NONE', #1558, #2811, #4049, .T. ) ;
#888 = CYLINDRICAL_SURFACE ( 'NONE', #2455, 0.8999999999999980238 ) ;
#889 = DIRECTION ( 'NONE',  ( -0.000000000000000000, -0.000000000000000000, 1.000000000000000000 ) ) ;
#890 = ORIENTED_EDGE ( 'NONE', *, *, #2401, .T. ) ;
#891 = DIRECTION ( 'NONE',  ( 0.000000000000000000, 0.000000000000000000, -1.000000000000000000 ) ) ;
#892 = FACE_OUTER_BOUND ( 'NONE', #503, .T. ) ;
#893 = DIRECTION ( 'NONE',  ( -1.000000000000000000, 0.000000000000000000, 0.000000000000000000 ) ) ;
#894 = ORIENTED_EDGE ( 'NONE', *, *, #2086, .T. ) ;
#895 = VERTEX_POINT ( 'NONE', #2328 ) ;
#896 = CARTESIAN_POINT ( 'NONE',  ( -29.82749480750156224, -20.78059384199202597, -13.32523974564235303 ) ) ;
#897 = CARTESIAN_POINT ( 'NONE',  ( 28.99502696026572224, 19.74502695259621987, -12.63799288867484627 ) ) ;
#898 = ORIENTED_EDGE ( 'NONE', *, *, #998, .T. ) ;
#899 = VERTEX_POINT ( 'NONE', #2687 ) ;
#900 = DIRECTION ( 'NONE',  ( -0.000000000000000000, -0.000000000000000000, -1.000000000000000000 ) ) ;
#901 = DIRECTION ( 'NONE',  ( 0.000000000000000000, 0.000000000000000000, -1.000000000000000000 ) ) ;
#902 = EDGE_CURVE ( 'NONE', #47, #4481, #969, .T. ) ;
#903 = VERTEX_POINT ( 'NONE', #1605 ) ;
#904 = CARTESIAN_POINT ( 'NONE',  ( 2.416370136197056429, 46.08749999999979963, -6.800012294714002259 ) ) ;
#905 = EDGE_LOOP ( 'NONE', ( #2019, #777, #4424, #4202 ) ) ;
#906 = PLANE ( 'NONE',  #4431 ) ;
#907 = CARTESIAN_POINT ( 'NONE',  ( 18.30000000000000426, 72.19499999999997897, -16.98531814000003948 ) ) ;
#908 = EDGE_CURVE ( 'NONE', #706, #3974, #465, .T. ) ;
#909 = EDGE_CURVE ( 'NONE', #2848, #4310, #2402, .T. ) ;
#910 = ORIENTED_EDGE ( 'NONE', *, *, #1727, .T. ) ;
#911 = CARTESIAN_POINT ( 'NONE',  ( -28.29770942336700656, -18.54222528428575956, -12.50200677207727828 ) ) ;
#912 = FACE_OUTER_BOUND ( 'NONE', #3328, .T. ) ;
#913 = FACE_OUTER_BOUND ( 'NONE', #1857, .T. ) ;
#914 = ORIENTED_EDGE ( 'NONE', *, *, #4159, .F. ) ;
#915 = AXIS2_PLACEMENT_3D ( 'NONE', #4285, #2439, #1364 ) ;
#916 = AXIS2_PLACEMENT_3D ( 'NONE', #4726, #2561, #2898 ) ;
#917 = EDGE_LOOP ( 'NONE', ( #2316, #219, #3801, #910 ) ) ;
#918 = CARTESIAN_POINT ( 'NONE',  ( -26.43284812093930114, 30.19321696788128762, -16.98531814000003948 ) ) ;
#919 = CARTESIAN_POINT ( 'NONE',  ( 29.12867966410982845, -19.87867965644035095, -12.49999999999999822 ) ) ;
#920 = VECTOR ( 'NONE', #340, 1000.000000000000114 ) ;
#921 = ORIENTED_EDGE ( 'NONE', *, *, #3075, .F. ) ;
#922 = ORIENTED_EDGE ( 'NONE', *, *, #286, .F. ) ;
#923 = CIRCLE ( 'NONE', #1302, 2.999999999999999112 ) ;
#924 = CARTESIAN_POINT ( 'NONE',  ( -35.90000000000000568, 60.97499999999998721, -16.98531814000003948 ) ) ;
#925 = CARTESIAN_POINT ( 'NONE',  ( -25.00000000000387601, -42.75000001150425533, -16.98531814000003948 ) ) ;
#926 = ORIENTED_EDGE ( 'NONE', *, *, #269, .T. ) ;
#927 = DIRECTION ( 'NONE',  ( 1.000000000000000000, 5.277844581858582298E-11, 0.000000000000000000 ) ) ;
#928 = ORIENTED_EDGE ( 'NONE', *, *, #4297, .T. ) ;
#929 = CIRCLE ( 'NONE', #1327, 1.500000000000001554 ) ;
#930 = VECTOR ( 'NONE', #2278, 1000.000000000000000 ) ;
#931 = DIRECTION ( 'NONE',  ( -0.000000000000000000, -0.000000000000000000, 1.000000000000000000 ) ) ;
#932 = DIRECTION ( 'NONE',  ( 0.9999999999999998890, 1.192487775192317919E-08, 0.000000000000000000 ) ) ;
#933 = VECTOR ( 'NONE', #3460, 1000.000000000000000 ) ;
#934 = VERTEX_POINT ( 'NONE', #3794 ) ;
#935 = DIRECTION ( 'NONE',  ( 0.000000000000000000, -1.000000000000000000, 0.000000000000000000 ) ) ;
#936 = DIRECTION ( 'NONE',  ( -9.130123557772672032E-17, -1.000000000000000000, -0.000000000000000000 ) ) ;
#937 = VECTOR ( 'NONE', #1815, 1000.000000000000000 ) ;
#938 = DIRECTION ( 'NONE',  ( 1.000000000000000000, 0.000000000000000000, 0.000000000000000000 ) ) ;
#939 = EDGE_CURVE ( 'NONE', #1713, #980, #511, .T. ) ;
#940 = ORIENTED_EDGE ( 'NONE', *, *, #1380, .F. ) ;
#941 = VECTOR ( 'NONE', #4450, 1000.000000000000000 ) ;
#942 = EDGE_CURVE ( 'NONE', #4577, #980, #3904, .T. ) ;
#943 = CIRCLE ( 'NONE', #3695, 3.249999999999999556 ) ;
#944 = AXIS2_PLACEMENT_3D ( 'NONE', #1063, #1089, #2121 ) ;
#945 = ORIENTED_EDGE ( 'NONE', *, *, #1891, .T. ) ;
#946 = CARTESIAN_POINT ( 'NONE',  ( -30.11244882770138886, 21.49912414833848473, -13.89494328465293371 ) ) ;
#947 = DIRECTION ( 'NONE',  ( 0.000000000000000000, -0.000000000000000000, 1.000000000000000000 ) ) ;
#948 = EDGE_CURVE ( 'NONE', #4056, #1609, #876, .T. ) ;
#949 = EDGE_CURVE ( 'NONE', #3974, #3430, #638, .T. ) ;
#950 = ORIENTED_EDGE ( 'NONE', *, *, #4159, .T. ) ;
#951 = ORIENTED_EDGE ( 'NONE', *, *, #4187, .F. ) ;
#952 = CARTESIAN_POINT ( 'NONE',  ( -29.07867965644035024, 19.87867965644035095, -12.49999999999999822 ) ) ;
#953 = DIRECTION ( 'NONE',  ( 1.000000000000000000, 0.000000000000000000, 0.000000000000000000 ) ) ;
#954 = LINE ( 'NONE', #2119, #20 ) ;
#955 = CARTESIAN_POINT ( 'NONE',  ( -29.32132034355964834, -20.12132034355964905, -12.84390800765196161 ) ) ;
#956 = EDGE_LOOP ( 'NONE', ( #2560, #2520, #543, #921 ) ) ;
#957 = DIRECTION ( 'NONE',  ( -0.000000000000000000, -0.000000000000000000, 1.000000000000000000 ) ) ;
#958 = ORIENTED_EDGE ( 'NONE', *, *, #4007, .T. ) ;
#959 = DIRECTION ( 'NONE',  ( -0.000000000000000000, -0.000000000000000000, -1.000000000000000000 ) ) ;
#960 = DIRECTION ( 'NONE',  ( -1.192487792521975753E-08, 0.9999999999999998890, 0.000000000000000000 ) ) ;
#961 =( BOUNDED_CURVE ( )  B_SPLINE_CURVE ( 3, ( #3924, #620, #3544, #1410 ),
 .UNSPECIFIED., .F., .F. ) 
 B_SPLINE_CURVE_WITH_KNOTS ( ( 4, 4 ),
 ( 5.167252631211521674, 5.307571830088758880 ),
 .UNSPECIFIED. ) 
 CURVE ( )  GEOMETRIC_REPRESENTATION_ITEM ( )  RATIONAL_B_SPLINE_CURVE ( ( 1.000000000000000000, 0.9983598831395710249, 0.9983598831395710249, 1.000000000000000000 ) ) 
 REPRESENTATION_ITEM ( '' )  );
#962 = ORIENTED_EDGE ( 'NONE', *, *, #3506, .T. ) ;
#963 = CARTESIAN_POINT ( 'NONE',  ( 11.81637013619705989, 45.08749999999977831, -6.800012294714002259 ) ) ;
#964 = CARTESIAN_POINT ( 'NONE',  ( 16.11637013619705527, 45.58749999999999858, -4.800012294714003147 ) ) ;
#965 = CYLINDRICAL_SURFACE ( 'NONE', #3845, 2.499999999999998668 ) ;
#966 = EDGE_CURVE ( 'NONE', #3278, #3716, #533, .T. ) ;
#967 = DIRECTION ( 'NONE',  ( -1.192487951123138611E-08, 1.000000000000000000, 0.000000000000000000 ) ) ;
#968 = EDGE_LOOP ( 'NONE', ( #4122, #1548, #3042, #1809 ) ) ;
#969 = LINE ( 'NONE', #3501, #2590 ) ;
#970 = CARTESIAN_POINT ( 'NONE',  ( 26.20000000000000284, 26.19999999999999929, -16.98531814000003948 ) ) ;
#971 = ADVANCED_FACE ( 'NONE', ( #2785 ), #1601, .F. ) ;
#972 = EDGE_CURVE ( 'NONE', #3788, #1059, #614, .T. ) ;
#973 = ORIENTED_EDGE ( 'NONE', *, *, #3107, .F. ) ;
#974 = ORIENTED_EDGE ( 'NONE', *, *, #618, .T. ) ;
#975 = LINE ( 'NONE', #3849, #839 ) ;
#976 = LINE ( 'NONE', #1731, #2222 ) ;
#977 = DIRECTION ( 'NONE',  ( 1.000000000000000000, 0.000000000000000000, -1.084202172485503448E-16 ) ) ;
#978 = EDGE_LOOP ( 'NONE', ( #4700, #4337, #1293, #3914 ) ) ;
#979 = CYLINDRICAL_SURFACE ( 'NONE', #867, 2.999999999999999112 ) ;
#980 = VERTEX_POINT ( 'NONE', #3815 ) ;
#981 = CARTESIAN_POINT ( 'NONE',  ( -21.52892635226175599, -36.17192779159400828, -2.201247317919003077 ) ) ;
#982 = VERTEX_POINT ( 'NONE', #2066 ) ;
#983 = CARTESIAN_POINT ( 'NONE',  ( -26.19999999999999929, 49.72304779445453704, -4.800012294714003147 ) ) ;
#984 = PLANE ( 'NONE',  #1143 ) ;
#985 = DIRECTION ( 'NONE',  ( -0.000000000000000000, -0.000000000000000000, -1.000000000000000000 ) ) ;
#986 = DIRECTION ( 'NONE',  ( -0.000000000000000000, -0.000000000000000000, -1.000000000000000000 ) ) ;
#987 = ORIENTED_EDGE ( 'NONE', *, *, #1963, .F. ) ;
#988 = DIRECTION ( 'NONE',  ( -0.000000000000000000, -0.000000000000000000, -1.000000000000000000 ) ) ;
#989 = DIRECTION ( 'NONE',  ( 1.000000000000000000, 0.000000000000000000, -1.006759160165111612E-16 ) ) ;
#990 = EDGE_CURVE ( 'NONE', #3797, #1733, #2731, .T. ) ;
#991 = AXIS2_PLACEMENT_3D ( 'NONE', #193, #838, #486 ) ;
#992 = ORIENTED_EDGE ( 'NONE', *, *, #1372, .T. ) ;
#993 = EDGE_LOOP ( 'NONE', ( #4290, #3839, #3470, #4592 ) ) ;
#994 = CARTESIAN_POINT ( 'NONE',  ( -24.70320344438229654, 50.73599849820489993, -0.7012473179189994132 ) ) ;
#995 = DIRECTION ( 'NONE',  ( 0.9999999999999995559, 3.278354092634916196E-08, -0.000000000000000000 ) ) ;
#996 = DIRECTION ( 'NONE',  ( 0.000000000000000000, -1.000000000000000000, -2.394758726656990703E-17 ) ) ;
#997 = EDGE_CURVE ( 'NONE', #2230, #139, #3133, .T. ) ;
#998 = EDGE_CURVE ( 'NONE', #3463, #536, #198, .T. ) ;
#999 = ORIENTED_EDGE ( 'NONE', *, *, #4067, .T. ) ;
#1000 = CARTESIAN_POINT ( 'NONE',  ( 1.416370136197056429, 45.08749999999977831, -0.7012473179190029660 ) ) ;
#1001 = DIRECTION ( 'NONE',  ( 1.000000000000000000, 0.000000000000000000, 0.000000000000000000 ) ) ;
#1002 = CIRCLE ( 'NONE', #1069, 3.000000000000002665 ) ;
#1003 = EDGE_CURVE ( 'NONE', #2120, #3463, #1297, .T. ) ;
#1004 = CARTESIAN_POINT ( 'NONE',  ( -27.20320358342638656, 62.39599853390669892, -6.050012294714004035 ) ) ;
#1005 = VECTOR ( 'NONE', #4714, 1000.000000000000000 ) ;
#1006 = ORIENTED_EDGE ( 'NONE', *, *, #345, .T. ) ;
#1007 = DIRECTION ( 'NONE',  ( 1.652117596168387263E-16, 1.000000000000000000, -0.000000000000000000 ) ) ;
#1008 = FACE_OUTER_BOUND ( 'NONE', #1972, .T. ) ;
#1009 = CARTESIAN_POINT ( 'NONE',  ( 34.49999999999998579, -33.52500000000002700, 133.4883807175925483 ) ) ;
#1010 = AXIS2_PLACEMENT_3D ( 'NONE', #1030, #3945, #3634 ) ;
#1011 = AXIS2_PLACEMENT_3D ( 'NONE', #4119, #2517, #412 ) ;
#1012 = DIRECTION ( 'NONE',  ( 1.000000000000000000, 0.000000000000000000, 0.000000000000000000 ) ) ;
#1013 = ORIENTED_EDGE ( 'NONE', *, *, #1260, .F. ) ;
#1014 = VECTOR ( 'NONE', #3502, 1000.000000000000000 ) ;
#1015 = VECTOR ( 'NONE', #3084, 1000.000000000000000 ) ;
#1016 = DIRECTION ( 'NONE',  ( 0.000000000000000000, 0.000000000000000000, 1.000000000000000000 ) ) ;
#1017 = CARTESIAN_POINT ( 'NONE',  ( -17.22892616430279134, -40.47192760363603270, -2.201247317919003521 ) ) ;
#1018 = AXIS2_PLACEMENT_3D ( 'NONE', #25, #2324, #1867 ) ;
#1019 = CIRCLE ( 'NONE', #785, 2.399999999999999467 ) ;
#1020 = ORIENTED_EDGE ( 'NONE', *, *, #3100, .F. ) ;
#1021 = ORIENTED_EDGE ( 'NONE', *, *, #4501, .F. ) ;
#1022 = CARTESIAN_POINT ( 'NONE',  ( -7.903178273314987926E-13, 42.58749999999974989, -4.800012294714003147 ) ) ;
#1023 = VECTOR ( 'NONE', #4405, 1000.000000000000000 ) ;
#1024 = CARTESIAN_POINT ( 'NONE',  ( 28.25000000766948460, 17.75735931288069480, -11.00000000000000000 ) ) ;
#1025 = CARTESIAN_POINT ( 'NONE',  ( 20.49999999999998579, 60.97499999999998721, -16.98531814000003948 ) ) ;
#1026 = EDGE_LOOP ( 'NONE', ( #3201, #1120, #1187, #3540, #3670 ) ) ;
#1027 = DIRECTION ( 'NONE',  ( 0.000000000000000000, 0.000000000000000000, -1.000000000000000000 ) ) ;
#1028 = EDGE_CURVE ( 'NONE', #3359, #2772, #3999, .T. ) ;
#1029 = DIRECTION ( 'NONE',  ( -0.000000000000000000, -0.000000000000000000, -1.000000000000000000 ) ) ;
#1030 = CARTESIAN_POINT ( 'NONE',  ( -27.20320344438230009, 50.73599846839268679, -2.201247317918999968 ) ) ;
#1031 = EDGE_CURVE ( 'NONE', #3088, #1576, #3934, .T. ) ;
#1032 = ADVANCED_FACE ( 'NONE', ( #3187 ), #1056, .F. ) ;
#1033 = VERTEX_POINT ( 'NONE', #1074 ) ;
#1034 = DIRECTION ( 'NONE',  ( 0.000000000000000000, 0.000000000000000000, 1.000000000000000000 ) ) ;
#1035 = DIRECTION ( 'NONE',  ( 1.000000000000000000, 0.000000000000000000, 0.000000000000000000 ) ) ;
#1036 = DIRECTION ( 'NONE',  ( 5.163819860439229035E-10, -1.000000000000000000, 0.000000000000000000 ) ) ;
#1037 = ORIENTED_EDGE ( 'NONE', *, *, #650, .F. ) ;
#1038 = LINE ( 'NONE', #3953, #2899 ) ;
#1039 = DIRECTION ( 'NONE',  ( 1.000000000000000000, -0.000000000000000000, 0.000000000000000000 ) ) ;
#1040 = VERTEX_POINT ( 'NONE', #2508 ) ;
#1041 = EDGE_LOOP ( 'NONE', ( #400, #4030, #52, #2281 ) ) ;
#1042 = PLANE ( 'NONE',  #1295 ) ;
#1043 = DIRECTION ( 'NONE',  ( -0.000000000000000000, -0.000000000000000000, 1.000000000000000000 ) ) ;
#1044 = ORIENTED_EDGE ( 'NONE', *, *, #4034, .F. ) ;
#1045 = DIRECTION ( 'NONE',  ( -0.9999999999999998890, -1.192488125248453485E-08, 9.714451436912906295E-17 ) ) ;
#1046 = CARTESIAN_POINT ( 'NONE',  ( 29.37132034264883629, -20.12132033497936590, -12.84390800772777830 ) ) ;
#1047 = EDGE_CURVE ( 'NONE', #1609, #2356, #2893, .T. ) ;
#1048 = CARTESIAN_POINT ( 'NONE',  ( -12.76320330673782166, 54.73599864058797948, -7.550012294714003147 ) ) ;
#1049 = ORIENTED_EDGE ( 'NONE', *, *, #4588, .T. ) ;
#1050 = LINE ( 'NONE', #983, #2358 ) ;
#1051 = DIRECTION ( 'NONE',  ( -1.000000000000000000, 0.000000000000000000, 0.000000000000000000 ) ) ;
#1052 = DIRECTION ( 'NONE',  ( -0.000000000000000000, 9.244463733058732095E-33, -1.000000000000000000 ) ) ;
#1053 = ADVANCED_FACE ( 'NONE', ( #4334 ), #2491, .T. ) ;
#1054 = EDGE_CURVE ( 'NONE', #1059, #1689, #2178, .T. ) ;
#1055 = ORIENTED_EDGE ( 'NONE', *, *, #3844, .T. ) ;
#1056 = CYLINDRICAL_SURFACE ( 'NONE', #4048, 1.000000000000000888 ) ;
#1057 = CARTESIAN_POINT ( 'NONE',  ( 0.000000000000000000, 0.000000000000000000, -7.550012294714003147 ) ) ;
#1058 = VERTEX_POINT ( 'NONE', #1724 ) ;
#1059 = VERTEX_POINT ( 'NONE', #1795 ) ;
#1060 = DIRECTION ( 'NONE',  ( -0.000000000000000000, -0.000000000000000000, -1.000000000000000000 ) ) ;
#1061 = DIRECTION ( 'NONE',  ( 1.000000000000000000, 1.192488006488781658E-08, 0.000000000000000000 ) ) ;
#1062 = VERTEX_POINT ( 'NONE', #3279 ) ;
#1063 = CARTESIAN_POINT ( 'NONE',  ( -25.70320283936172956, -3.065075504180153284E-07, -6.050012294714004035 ) ) ;
#1064 = VECTOR ( 'NONE', #747, 1000.000000000000000 ) ;
#1065 = DIRECTION ( 'NONE',  ( 1.000000000000000000, 0.000000000000000000, 0.000000000000000000 ) ) ;
#1066 = DIRECTION ( 'NONE',  ( 0.000000000000000000, -1.000000000000000000, 0.000000000000000000 ) ) ;
#1067 = ORIENTED_EDGE ( 'NONE', *, *, #2395, .T. ) ;
#1068 = CARTESIAN_POINT ( 'NONE',  ( 16.79999999999999005, 72.19499999999997897, -0.7012473179190029660 ) ) ;
#1069 = AXIS2_PLACEMENT_3D ( 'NONE', #1070, #3232, #4312 ) ;
#1070 = CARTESIAN_POINT ( 'NONE',  ( -31.19999999999999218, -17.75735931288070546, -11.00000000000000000 ) ) ;
#1071 = AXIS2_PLACEMENT_3D ( 'NONE', #4211, #3756, #4111 ) ;
#1072 = ORIENTED_EDGE ( 'NONE', *, *, #4656, .F. ) ;
#1073 = EDGE_CURVE ( 'NONE', #3533, #1641, #1382, .T. ) ;
#1074 = CARTESIAN_POINT ( 'NONE',  ( 19.19999999999998863, 72.19499999999997897, -0.7012473179190029660 ) ) ;
#1075 = VECTOR ( 'NONE', #3108, 1000.000000000000000 ) ;
#1076 = DIRECTION ( 'NONE',  ( 0.7071067811865408004, -0.7071067811865543451, -6.536822994078998897E-33 ) ) ;
#1077 = AXIS2_PLACEMENT_3D ( 'NONE', #1235, #3080, #2697 ) ;
#1078 = AXIS2_PLACEMENT_3D ( 'NONE', #4404, #2968, #149 ) ;
#1079 = VECTOR ( 'NONE', #3031, 1000.000000000000000 ) ;
#1080 = ORIENTED_EDGE ( 'NONE', *, *, #2311, .F. ) ;
#1081 = ORIENTED_EDGE ( 'NONE', *, *, #1031, .F. ) ;
#1082 = EDGE_CURVE ( 'NONE', #4314, #895, #4672, .T. ) ;
#1083 = EDGE_CURVE ( 'NONE', #3032, #177, #696, .T. ) ;
#1084 = CYLINDRICAL_SURFACE ( 'NONE', #1132, 1.499999999999999778 ) ;
#1085 = VECTOR ( 'NONE', #456, 1000.000000000000000 ) ;
#1086 = CIRCLE ( 'NONE', #2391, 2.999999999999999112 ) ;
#1087 = ORIENTED_EDGE ( 'NONE', *, *, #2020, .T. ) ;
#1088 = VECTOR ( 'NONE', #996, 1000.000000000000000 ) ;
#1089 = DIRECTION ( 'NONE',  ( 1.192487770234733010E-08, -1.000000000000000000, 0.000000000000000000 ) ) ;
#1090 = CARTESIAN_POINT ( 'NONE',  ( 31.25000000766948460, 17.75735931288069480, -12.49999999999999822 ) ) ;
#1091 = DIRECTION ( 'NONE',  ( -1.192487770234732844E-08, 0.9999999999999998890, -0.000000000000000000 ) ) ;
#1092 = CARTESIAN_POINT ( 'NONE',  ( 30.20000000000000284, -26.19999999999997087, -4.800012294714003147 ) ) ;
#1093 = ORIENTED_EDGE ( 'NONE', *, *, #1989, .F. ) ;
#1094 = DIRECTION ( 'NONE',  ( -0.000000000000000000, -0.000000000000000000, 1.000000000000000000 ) ) ;
#1095 = FACE_OUTER_BOUND ( 'NONE', #956, .T. ) ;
#1096 = DIRECTION ( 'NONE',  ( 9.714451465470119729E-17, -2.394758726656991011E-17, 1.000000000000000000 ) ) ;
#1097 = ORIENTED_EDGE ( 'NONE', *, *, #200, .T. ) ;
#1098 = DIRECTION ( 'NONE',  ( -0.000000000000000000, -0.000000000000000000, 1.000000000000000000 ) ) ;
#1099 = FACE_OUTER_BOUND ( 'NONE', #1460, .T. ) ;
#1100 = ORIENTED_EDGE ( 'NONE', *, *, #2715, .F. ) ;
#1101 = EDGE_CURVE ( 'NONE', #3483, #1892, #2445, .T. ) ;
#1102 = EDGE_LOOP ( 'NONE', ( #3464, #2702, #3848, #2815, #1948, #2163, #1564, #1508 ) ) ;
#1103 = DIRECTION ( 'NONE',  ( 0.000000000000000000, 0.000000000000000000, 1.000000000000000000 ) ) ;
#1104 = ADVANCED_FACE ( 'NONE', ( #4269 ), #3909, .F. ) ;
#1105 = EDGE_CURVE ( 'NONE', #391, #1058, #2286, .T. ) ;
#1106 = VERTEX_POINT ( 'NONE', #2471 ) ;
#1107 = ORIENTED_EDGE ( 'NONE', *, *, #966, .T. ) ;
#1108 = DIRECTION ( 'NONE',  ( -0.000000000000000000, -0.000000000000000000, -1.000000000000000000 ) ) ;
#1109 = CARTESIAN_POINT ( 'NONE',  ( -12.76320336827019375, 59.89599870610195609, -7.550012294714003147 ) ) ;
#1110 = ORIENTED_EDGE ( 'NONE', *, *, #1127, .F. ) ;
#1111 = CARTESIAN_POINT ( 'NONE',  ( -28.19999999999999218, -17.75735931288070546, -12.49999999999999822 ) ) ;
#1112 = EDGE_LOOP ( 'NONE', ( #3746, #383 ) ) ;
#1113 = CARTESIAN_POINT ( 'NONE',  ( -30.19999999999999929, 26.19999999999997087, -16.98531814000003948 ) ) ;
#1114 = CARTESIAN_POINT ( 'NONE',  ( -30.20000000000000284, -21.00000000000001066, -11.00000000000000000 ) ) ;
#1115 = DIRECTION ( 'NONE',  ( -0.000000000000000000, -0.000000000000000000, -1.000000000000000000 ) ) ;
#1116 = ORIENTED_EDGE ( 'NONE', *, *, #2809, .F. ) ;
#1117 = DIRECTION ( 'NONE',  ( 1.000000000000000000, 0.000000000000000000, -1.084202172485504434E-16 ) ) ;
#1118 = CYLINDRICAL_SURFACE ( 'NONE', #3689, 1.550000025915001967 ) ;
#1119 = ORIENTED_EDGE ( 'NONE', *, *, #4221, .T. ) ;
#1120 = ORIENTED_EDGE ( 'NONE', *, *, #1807, .T. ) ;
#1121 = DIRECTION ( 'NONE',  ( -1.000000000000000000, 0.000000000000000000, -0.000000000000000000 ) ) ;
#1122 = EDGE_CURVE ( 'NONE', #561, #391, #657, .T. ) ;
#1123 = CARTESIAN_POINT ( 'NONE',  ( 1.916370136197056429, 45.58749999999978542, -4.800012294714003147 ) ) ;
#1124 = CARTESIAN_POINT ( 'NONE',  ( -24.70320356553907004, 60.89599856371889786, -6.050012294714004035 ) ) ;
#1125 = ORIENTED_EDGE ( 'NONE', *, *, #2044, .T. ) ;
#1126 = VERTEX_POINT ( 'NONE', #4677 ) ;
#1127 = EDGE_CURVE ( 'NONE', #329, #1903, #2159, .T. ) ;
#1128 = TOROIDAL_SURFACE ( 'NONE', #3436, 1.000000000000000000, 1.500000000000000000 ) ;
#1129 = EDGE_CURVE ( 'NONE', #2473, #1518, #2855, .T. ) ;
#1130 = DIRECTION ( 'NONE',  ( 0.000000000000000000, 0.000000000000000000, 1.000000000000000000 ) ) ;
#1131 = FACE_OUTER_BOUND ( 'NONE', #4576, .T. ) ;
#1132 = AXIS2_PLACEMENT_3D ( 'NONE', #1730, #344, #2182 ) ;
#1133 = ORIENTED_EDGE ( 'NONE', *, *, #2110, .F. ) ;
#1134 = CARTESIAN_POINT ( 'NONE',  ( -8.763203276925626284, 59.74999995378512807, -4.800012294714002259 ) ) ;
#1135 = ORIENTED_EDGE ( 'NONE', *, *, #1083, .T. ) ;
#1136 = DIRECTION ( 'NONE',  ( 9.714451465470119729E-17, -2.394758726656991011E-17, 1.000000000000000000 ) ) ;
#1137 = EDGE_CURVE ( 'NONE', #1903, #3703, #1038, .T. ) ;
#1138 = ADVANCED_FACE ( 'NONE', ( #1772 ), #1866, .F. ) ;
#1139 = CARTESIAN_POINT ( 'NONE',  ( -11.26320341596970742, 63.89599872398927971, -2.201247317918999968 ) ) ;
#1140 = CARTESIAN_POINT ( 'NONE',  ( -26.43284812093930114, 36.83822922263945543, 145.1871456943875671 ) ) ;
#1141 = AXIS2_PLACEMENT_3D ( 'NONE', #358, #4354, #2873 ) ;
#1142 = CARTESIAN_POINT ( 'NONE',  ( -1.083629863802943794, 59.74999995627790383, -8.800012294714003147 ) ) ;
#1143 = AXIS2_PLACEMENT_3D ( 'NONE', #4348, #2127, #3948 ) ;
#1144 = ORIENTED_EDGE ( 'NONE', *, *, #4182, .T. ) ;
#1145 = DIRECTION ( 'NONE',  ( 0.000000000000000000, 1.000000000000000000, 0.000000000000000000 ) ) ;
#1146 = CARTESIAN_POINT ( 'NONE',  ( 1.416370136197056429, 46.08749999999979963, -6.800012294714002259 ) ) ;
#1147 = EDGE_LOOP ( 'NONE', ( #4185, #452, #3817, #4644 ) ) ;
#1148 = DIRECTION ( 'NONE',  ( 0.000000000000000000, 0.000000000000000000, 1.000000000000000000 ) ) ;
#1149 = VECTOR ( 'NONE', #959, 1000.000000000000000 ) ;
#1150 = ORIENTED_EDGE ( 'NONE', *, *, #56, .T. ) ;
#1151 = VECTOR ( 'NONE', #3583, 1000.000000000000114 ) ;
#1152 = FACE_OUTER_BOUND ( 'NONE', #4109, .T. ) ;
#1153 = CARTESIAN_POINT ( 'NONE',  ( 14.39999999999999503, -44.74283101375674931, -3.201247317919003077 ) ) ;
#1154 = CIRCLE ( 'NONE', #3986, 1.500000000000008216 ) ;
#1155 = CIRCLE ( 'NONE', #3531, 0.8999999177679435247 ) ;
#1156 = VERTEX_POINT ( 'NONE', #2991 ) ;
#1157 = ORIENTED_EDGE ( 'NONE', *, *, #2361, .F. ) ;
#1158 = AXIS2_PLACEMENT_3D ( 'NONE', #2961, #1888, #3040 ) ;
#1159 = VECTOR ( 'NONE', #3677, 1000.000000000000000 ) ;
#1160 = DIRECTION ( 'NONE',  ( 1.000000000000000000, 0.000000000000000000, 0.000000000000000000 ) ) ;
#1161 = CARTESIAN_POINT ( 'NONE',  ( -28.25000003450509922, 59.49999999997535838, 133.4883807175925483 ) ) ;
#1162 = VECTOR ( 'NONE', #2945, 1000.000000000000000 ) ;
#1163 = ADVANCED_FACE ( 'NONE', ( #2919 ), #1946, .F. ) ;
#1164 = ORIENTED_EDGE ( 'NONE', *, *, #3515, .F. ) ;
#1165 = DIRECTION ( 'NONE',  ( 0.000000000000000000, 0.000000000000000000, 1.000000000000000000 ) ) ;
#1166 = ORIENTED_EDGE ( 'NONE', *, *, #4277, .F. ) ;
#1167 = CARTESIAN_POINT ( 'NONE',  ( -21.90000000000001279, 60.97499999999998721, -16.98531814000003948 ) ) ;
#1168 = CARTESIAN_POINT ( 'NONE',  ( 1.416370136197056429, 62.74999997349431169, -8.801247317919001389 ) ) ;
#1169 = DIRECTION ( 'NONE',  ( 1.000000000000000000, 0.000000000000000000, 0.000000000000000000 ) ) ;
#1170 = DIRECTION ( 'NONE',  ( -9.714451465470119729E-17, 2.394758726656991011E-17, -1.000000000000000000 ) ) ;
#1171 = EDGE_CURVE ( 'NONE', #2305, #1062, #2654, .T. ) ;
#1172 = EDGE_CURVE ( 'NONE', #2473, #2848, #4456, .T. ) ;
#1173 = ORIENTED_EDGE ( 'NONE', *, *, #3653, .T. ) ;
#1174 = CARTESIAN_POINT ( 'NONE',  ( 26.99999999999953104, 62.75000000241139020, -8.801247317919008495 ) ) ;
#1175 = DIRECTION ( 'NONE',  ( -0.000000000000000000, -0.000000000000000000, -1.000000000000000000 ) ) ;
#1176 = FACE_OUTER_BOUND ( 'NONE', #3854, .T. ) ;
#1177 = ORIENTED_EDGE ( 'NONE', *, *, #3429, .F. ) ;
#1178 = FACE_OUTER_BOUND ( 'NONE', #1310, .T. ) ;
#1179 = EDGE_LOOP ( 'NONE', ( #3056, #2289, #2045, #4258, #1049, #1358, #1705, #2331 ) ) ;
#1180 = CARTESIAN_POINT ( 'NONE',  ( -30.18236761662688039, -21.86759862337915550, -14.19377859854758306 ) ) ;
#1181 = CARTESIAN_POINT ( 'NONE',  ( -5.763203281378144638, 62.74999994358397259, -4.800012294714003147 ) ) ;
#1182 = ORIENTED_EDGE ( 'NONE', *, *, #1872, .F. ) ;
#1183 = VERTEX_POINT ( 'NONE', #1500 ) ;
#1184 = CARTESIAN_POINT ( 'NONE',  ( 26.19999999999997442, 30.19999999999999929, -0.7012473179190029660 ) ) ;
#1185 = APPLICATION_CONTEXT ( 'automotive_design' ) ;
#1186 = DIRECTION ( 'NONE',  ( -0.000000000000000000, -0.000000000000000000, -1.000000000000000000 ) ) ;
#1187 = ORIENTED_EDGE ( 'NONE', *, *, #1105, .F. ) ;
#1188 = DIRECTION ( 'NONE',  ( -9.714451465470119729E-17, 2.394758726656991011E-17, -1.000000000000000000 ) ) ;
#1189 = ORIENTED_EDGE ( 'NONE', *, *, #2483, .F. ) ;
#1190 = DIRECTION ( 'NONE',  ( -0.000000000000000000, -0.000000000000000000, 1.000000000000000000 ) ) ;
#1191 = PLANE ( 'NONE',  #2071 ) ;
#1192 = CARTESIAN_POINT ( 'NONE',  ( -28.81880666145935876, 19.59257045645225404, -12.59481009997697853 ) ) ;
#1193 = ADVANCED_FACE ( 'NONE', ( #2960 ), #1556, .F. ) ;
#1194 = DIRECTION ( 'NONE',  ( 4.371138824236487046E-08, -0.9999999999999991118, 0.000000000000000000 ) ) ;
#1195 = EDGE_LOOP ( 'NONE', ( #372, #4550, #1080, #3103 ) ) ;
#1196 = FACE_OUTER_BOUND ( 'NONE', #1523, .T. ) ;
#1197 = CARTESIAN_POINT ( 'NONE',  ( -9.199999999999999289, 30.19999999999999929, -16.98531814000003948 ) ) ;
#1198 = DIRECTION ( 'NONE',  ( 1.000000000000000000, 0.000000000000000000, -0.000000000000000000 ) ) ;
#1199 = ADVANCED_FACE ( 'NONE', ( #3326 ), #2291, .F. ) ;
#1200 = ORIENTED_EDGE ( 'NONE', *, *, #4569, .F. ) ;
#1201 = DIRECTION ( 'NONE',  ( 0.000000000000000000, 1.000000000000000000, 0.000000000000000000 ) ) ;
#1202 = EDGE_CURVE ( 'NONE', #357, #1402, #4207, .T. ) ;
#1203 = ORIENTED_EDGE ( 'NONE', *, *, #236, .T. ) ;
#1204 = CARTESIAN_POINT ( 'NONE',  ( -9.763203306737819887, 54.73599867636261251, -2.201247317918999968 ) ) ;
#1205 = CARTESIAN_POINT ( 'NONE',  ( -21.52892635226175599, -36.17192779159400828, -1.201247317919001967 ) ) ;
#1206 = ORIENTED_EDGE ( 'NONE', *, *, #1261, .F. ) ;
#1207 = ORIENTED_EDGE ( 'NONE', *, *, #2085, .F. ) ;
#1208 = LINE ( 'NONE', #1588, #2908 ) ;
#1209 = CARTESIAN_POINT ( 'NONE',  ( -1.083629863802943794, 45.58749999999978542, -8.800012294714003147 ) ) ;
#1210 = EDGE_LOOP ( 'NONE', ( #814, #3173, #842, #3169 ) ) ;
#1211 = DIRECTION ( 'NONE',  ( -0.000000000000000000, -0.000000000000000000, 1.000000000000000000 ) ) ;
#1212 = ORIENTED_EDGE ( 'NONE', *, *, #3186, .T. ) ;
#1213 = CARTESIAN_POINT ( 'NONE',  ( -18.27892635226175599, -36.17192779159400828, -1.201247317919002189 ) ) ;
#1214 = DIRECTION ( 'NONE',  ( 0.000000000000000000, 0.000000000000000000, -1.000000000000000000 ) ) ;
#1215 = DIRECTION ( 'NONE',  ( 0.000000000000000000, 0.000000000000000000, -1.000000000000000000 ) ) ;
#1216 = VECTOR ( 'NONE', #4039, 1000.000000000000000 ) ;
#1217 = FACE_OUTER_BOUND ( 'NONE', #2729, .T. ) ;
#1218 = ORIENTED_EDGE ( 'NONE', *, *, #677, .T. ) ;
#1219 = DIRECTION ( 'NONE',  ( 0.000000000000000000, -9.244463733058732095E-33, 1.000000000000000000 ) ) ;
#1220 = VECTOR ( 'NONE', #2099, 1000.000000000000000 ) ;
#1221 = DIRECTION ( 'NONE',  ( 1.000000000000000000, 0.000000000000000000, 0.000000000000000000 ) ) ;
#1222 = CYLINDRICAL_SURFACE ( 'NONE', #4227, 3.000000000000000444 ) ;
#1223 = ORIENTED_EDGE ( 'NONE', *, *, #2273, .T. ) ;
#1224 = VECTOR ( 'NONE', #408, 1000.000000000000000 ) ;
#1225 = ADVANCED_FACE ( 'NONE', ( #2557 ), #3661, .T. ) ;
#1226 = ORIENTED_EDGE ( 'NONE', *, *, #3301, .F. ) ;
#1227 = DIRECTION ( 'NONE',  ( 1.000000000000000000, 0.000000000000000000, 0.000000000000000000 ) ) ;
#1228 = DIRECTION ( 'NONE',  ( 1.000000000000000000, 0.000000000000000000, -1.734723475976808080E-16 ) ) ;
#1229 = VECTOR ( 'NONE', #1578, 1000.000000000000000 ) ;
#1230 = EDGE_CURVE ( 'NONE', #1903, #695, #379, .T. ) ;
#1231 = AXIS2_PLACEMENT_3D ( 'NONE', #4015, #3321, #61 ) ;
#1232 = ADVANCED_FACE ( 'NONE', ( #2194 ), #2577, .F. ) ;
#1233 = ORIENTED_EDGE ( 'NONE', *, *, #4327, .F. ) ;
#1234 = VERTEX_POINT ( 'NONE', #42 ) ;
#1235 = CARTESIAN_POINT ( 'NONE',  ( -26.43284812093930114, 0.000000000000000000, 145.1871456943875671 ) ) ;
#1236 = VECTOR ( 'NONE', #1446, 1000.000000000000000 ) ;
#1237 = AXIS2_PLACEMENT_3D ( 'NONE', #2930, #1804, #2589 ) ;
#1238 = CARTESIAN_POINT ( 'NONE',  ( -8.206095184063357370E-13, 45.08749999999975699, -8.800012294714003147 ) ) ;
#1239 = VERTEX_POINT ( 'NONE', #4018 ) ;
#1240 = AXIS2_PLACEMENT_3D ( 'NONE', #2272, #3432, #3355 ) ;
#1241 = CARTESIAN_POINT ( 'NONE',  ( -16.01320336735421890, 57.64599864143110608, -10.80001229471400492 ) ) ;
#1242 = AXIS2_PLACEMENT_3D ( 'NONE', #518, #188, #3897 ) ;
#1243 = ORIENTED_EDGE ( 'NONE', *, *, #3694, .F. ) ;
#1244 = DIRECTION ( 'NONE',  ( 1.192488237785244736E-08, -0.9999999999999998890, 0.000000000000000000 ) ) ;
#1245 = AXIS2_PLACEMENT_3D ( 'NONE', #1522, #2987, #1246 ) ;
#1246 = DIRECTION ( 'NONE',  ( -1.000000000000000000, 0.000000000000000000, 0.000000000000000000 ) ) ;
#1247 = ORIENTED_EDGE ( 'NONE', *, *, #4547, .T. ) ;
#1248 = LINE ( 'NONE', #4115, #4121 ) ;
#1249 = AXIS2_PLACEMENT_3D ( 'NONE', #2074, #4662, #1820 ) ;
#1250 = PLANE ( 'NONE',  #621 ) ;
#1251 = DIRECTION ( 'NONE',  ( 0.000000000000000000, -0.000000000000000000, 1.000000000000000000 ) ) ;
#1252 = ORIENTED_EDGE ( 'NONE', *, *, #1372, .F. ) ;
#1253 = VERTEX_POINT ( 'NONE', #743 ) ;
#1254 = CARTESIAN_POINT ( 'NONE',  ( -29.47629816712979789, -20.27629816712980215, -12.94884166301214634 ) ) ;
#1255 = DIRECTION ( 'NONE',  ( 0.000000000000000000, 0.000000000000000000, -1.000000000000000000 ) ) ;
#1256 = ADVANCED_FACE ( 'NONE', ( #381 ), #817, .T. ) ;
#1257 = VERTEX_POINT ( 'NONE', #24 ) ;
#1258 = VERTEX_POINT ( 'NONE', #3019 ) ;
#1259 = CARTESIAN_POINT ( 'NONE',  ( -18.20000000000001350, 72.19499999999997897, -3.201247317919002633 ) ) ;
#1260 = EDGE_CURVE ( 'NONE', #1258, #1816, #3136, .T. ) ;
#1261 = EDGE_CURVE ( 'NONE', #1905, #3222, #4041, .T. ) ;
#1262 = CARTESIAN_POINT ( 'NONE',  ( -18.19999999999998153, -44.74283101375676353, -3.201247317919003077 ) ) ;
#1263 = VERTEX_POINT ( 'NONE', #3691 ) ;
#1264 = DIRECTION ( 'NONE',  ( 5.277844581858584883E-11, -1.000000000000000000, 0.000000000000000000 ) ) ;
#1265 = ORIENTED_EDGE ( 'NONE', *, *, #1073, .F. ) ;
#1266 = DIRECTION ( 'NONE',  ( 1.000000000000000000, 0.000000000000000000, -0.000000000000000000 ) ) ;
#1267 = LINE ( 'NONE', #191, #80 ) ;
#1268 = EDGE_LOOP ( 'NONE', ( #4273, #2053, #1723, #3297 ) ) ;
#1269 = DIRECTION ( 'NONE',  ( 0.000000000000000000, 0.000000000000000000, 1.000000000000000000 ) ) ;
#1270 = FACE_OUTER_BOUND ( 'NONE', #1210, .T. ) ;
#1271 = FACE_OUTER_BOUND ( 'NONE', #3400, .T. ) ;
#1272 = ORIENTED_EDGE ( 'NONE', *, *, #3221, .F. ) ;
#1273 = ORIENTED_EDGE ( 'NONE', *, *, #676, .F. ) ;
#1274 = DIRECTION ( 'NONE',  ( 0.000000000000000000, 0.000000000000000000, 1.000000000000000000 ) ) ;
#1275 = CARTESIAN_POINT ( 'NONE',  ( 28.65391368120578974, 19.27341796980217481, -12.53795757472501826 ) ) ;
#1276 = ORIENTED_EDGE ( 'NONE', *, *, #318, .F. ) ;
#1277 = ORIENTED_EDGE ( 'NONE', *, *, #349, .T. ) ;
#1278 = ADVANCED_FACE ( 'NONE', ( #2242, #3712 ), #3348, .T. ) ;
#1279 = FACE_OUTER_BOUND ( 'NONE', #2810, .T. ) ;
#1280 = CARTESIAN_POINT ( 'NONE',  ( -29.07867965644034314, -19.87867965644034385, -12.70335811543928450 ) ) ;
#1281 = ORIENTED_EDGE ( 'NONE', *, *, #3895, .F. ) ;
#1282 = CARTESIAN_POINT ( 'NONE',  ( 12.61637013619705527, 64.08749999999999147, -6.800012294714002259 ) ) ;
#1283 = ADVANCED_FACE ( 'NONE', ( #2749 ), #3408, .F. ) ;
#1284 = ADVANCED_FACE ( 'NONE', ( #4195 ), #4288, .T. ) ;
#1285 = ORIENTED_EDGE ( 'NONE', *, *, #137, .F. ) ;
#1286 = DIRECTION ( 'NONE',  ( 1.000000000000000000, 0.000000000000000000, 0.000000000000000000 ) ) ;
#1287 = LINE ( 'NONE', #4552, #243 ) ;
#1288 = EDGE_CURVE ( 'NONE', #357, #1428, #4217, .T. ) ;
#1289 = ORIENTED_EDGE ( 'NONE', *, *, #730, .F. ) ;
#1290 = CARTESIAN_POINT ( 'NONE',  ( -28.21966436054682958, -18.15347124212235741, -12.49971567441924414 ) ) ;
#1291 = DIRECTION ( 'NONE',  ( 1.000000000000000000, 0.000000000000000000, -6.672013369141566696E-17 ) ) ;
#1292 = DIRECTION ( 'NONE',  ( -0.000000000000000000, -0.000000000000000000, 1.000000000000000000 ) ) ;
#1293 = ORIENTED_EDGE ( 'NONE', *, *, #4271, .F. ) ;
#1294 = AXIS2_PLACEMENT_3D ( 'NONE', #2177, #380, #3688 ) ;
#1295 = AXIS2_PLACEMENT_3D ( 'NONE', #4338, #4362, #2495 ) ;
#1296 = EDGE_LOOP ( 'NONE', ( #1554, #514, #3114, #3890 ) ) ;
#1297 = LINE ( 'NONE', #3237, #3822 ) ;
#1298 = CARTESIAN_POINT ( 'NONE',  ( 13.61637013619706060, 64.08749999999999147, -8.800012294714003147 ) ) ;
#1299 = CIRCLE ( 'NONE', #1752, 2.399999999999999467 ) ;
#1300 = ORIENTED_EDGE ( 'NONE', *, *, #4717, .F. ) ;
#1301 = ORIENTED_EDGE ( 'NONE', *, *, #3398, .T. ) ;
#1302 = AXIS2_PLACEMENT_3D ( 'NONE', #2440, #2089, #1035 ) ;
#1303 = DIRECTION ( 'NONE',  ( 1.000000000000000000, 0.000000000000000000, 0.000000000000000000 ) ) ;
#1304 = CARTESIAN_POINT ( 'NONE',  ( 13.11637013619711212, 42.58749999999999147, -4.800012294714003147 ) ) ;
#1305 = LINE ( 'NONE', #3172, #4377 ) ;
#1306 = VECTOR ( 'NONE', #1593, 1000.000000000000000 ) ;
#1307 = DIRECTION ( 'NONE',  ( 1.000000000000000000, 0.000000000000000000, -0.000000000000000000 ) ) ;
#1308 = VERTEX_POINT ( 'NONE', #3810 ) ;
#1309 = CARTESIAN_POINT ( 'NONE',  ( -21.90000000000000924, -47.52500000000001279, -16.98531814000003948 ) ) ;
#1310 = EDGE_LOOP ( 'NONE', ( #3257, #2872, #804, #1247, #1502, #2181, #4582, #3782 ) ) ;
#1311 = AXIS2_PLACEMENT_3D ( 'NONE', #981, #264, #622 ) ;
#1312 = AXIS2_PLACEMENT_3D ( 'NONE', #131, #855, #3798 ) ;
#1313 = LINE ( 'NONE', #3057, #3370 ) ;
#1314 = EDGE_CURVE ( 'NONE', #3423, #453, #600, .T. ) ;
#1315 = LINE ( 'NONE', #4625, #4233 ) ;
#1316 = AXIS2_PLACEMENT_3D ( 'NONE', #179, #4270, #4611 ) ;
#1317 = AXIS2_PLACEMENT_3D ( 'NONE', #2166, #3715, #1503 ) ;
#1318 = VERTEX_POINT ( 'NONE', #4174 ) ;
#1319 = CARTESIAN_POINT ( 'NONE',  ( -24.70320349208182265, 54.73599849820489283, -6.050012294714004035 ) ) ;
#1320 = DIRECTION ( 'NONE',  ( 9.714451465470119729E-17, -2.394758726656991011E-17, 1.000000000000000000 ) ) ;
#1321 = CIRCLE ( 'NONE', #482, 0.8999999999999980238 ) ;
#1322 = CARTESIAN_POINT ( 'NONE',  ( 1.416370136197056429, 63.08749999999999147, -0.7012473179190021888 ) ) ;
#1323 = CIRCLE ( 'NONE', #3235, 3.251094400455529332 ) ;
#1324 = ADVANCED_FACE ( 'NONE', ( #912 ), #4601, .F. ) ;
#1325 = ADVANCED_FACE ( 'NONE', ( #892 ), #3475, .F. ) ;
#1326 = VECTOR ( 'NONE', #1884, 1000.000000000000000 ) ;
#1327 = AXIS2_PLACEMENT_3D ( 'NONE', #3006, #808, #1566 ) ;
#1328 = FACE_OUTER_BOUND ( 'NONE', #3941, .T. ) ;
#1329 = VERTEX_POINT ( 'NONE', #964 ) ;
#1330 = CARTESIAN_POINT ( 'NONE',  ( -29.32132034355963768, 20.12132034355963839, -12.84390800765195451 ) ) ;
#1331 = DIRECTION ( 'NONE',  ( 9.714451465470119729E-17, -2.394758726656991011E-17, 1.000000000000000000 ) ) ;
#1332 = VERTEX_POINT ( 'NONE', #2346 ) ;
#1333 = EDGE_LOOP ( 'NONE', ( #1485, #499, #572, #4724 ) ) ;
#1334 = FACE_OUTER_BOUND ( 'NONE', #3803, .T. ) ;
#1335 = LINE ( 'NONE', #4256, #2686 ) ;
#1336 = DIRECTION ( 'NONE',  ( -1.000000000000000000, 0.000000000000000000, 0.000000000000000000 ) ) ;
#1337 = ORIENTED_EDGE ( 'NONE', *, *, #4691, .T. ) ;
#1338 = CARTESIAN_POINT ( 'NONE',  ( -12.03355894091131795, 30.19999999999999929, -0.7012473179190029660 ) ) ;
#1339 = ORIENTED_EDGE ( 'NONE', *, *, #2946, .F. ) ;
#1340 = CARTESIAN_POINT ( 'NONE',  ( -14.46320333356880106, 56.98599864623067646, -16.98531814000003948 ) ) ;
#1341 = LINE ( 'NONE', #2437, #3997 ) ;
#1342 = EDGE_LOOP ( 'NONE', ( #1337, #1423, #3549, #3262 ) ) ;
#1343 = CARTESIAN_POINT ( 'NONE',  ( -18.20000000000001350, 72.19499999999997897, -3.201247317919003077 ) ) ;
#1344 = EDGE_CURVE ( 'NONE', #468, #2620, #2372, .T. ) ;
#1345 = DIRECTION ( 'NONE',  ( 0.000000000000000000, -1.000000000000000000, 0.000000000000000000 ) ) ;
#1346 = FACE_OUTER_BOUND ( 'NONE', #4318, .T. ) ;
#1347 = CARTESIAN_POINT ( 'NONE',  ( 26.99999999999930367, 62.75000000361709596, 133.4883807175925483 ) ) ;
#1348 = ORIENTED_EDGE ( 'NONE', *, *, #1003, .T. ) ;
#1349 = ADVANCED_FACE ( 'NONE', ( #4528 ), #1627, .F. ) ;
#1350 = EDGE_CURVE ( 'NONE', #2094, #3017, #3364, .T. ) ;
#1351 = DIRECTION ( 'NONE',  ( 0.000000000000000000, 1.000000000000000000, 0.000000000000000000 ) ) ;
#1352 = LINE ( 'NONE', #919, #3455 ) ;
#1353 = ORIENTED_EDGE ( 'NONE', *, *, #236, .F. ) ;
#1354 = EDGE_LOOP ( 'NONE', ( #343, #4239, #4653, #3580 ) ) ;
#1355 = CARTESIAN_POINT ( 'NONE',  ( -9.199999999999999289, 30.19999999999999929, -0.7012473179190029660 ) ) ;
#1356 = CARTESIAN_POINT ( 'NONE',  ( -25.82892616430178379, -40.47192797955396770, -4.800012294714003147 ) ) ;
#1357 = DIRECTION ( 'NONE',  ( 0.000000000000000000, 0.000000000000000000, 1.000000000000000000 ) ) ;
#1358 = ORIENTED_EDGE ( 'NONE', *, *, #3783, .T. ) ;
#1359 = CARTESIAN_POINT ( 'NONE',  ( 3.216370136197056251, 64.08749999999999147, -6.800012294714002259 ) ) ;
#1360 = ORIENTED_EDGE ( 'NONE', *, *, #2452, .F. ) ;
#1361 = CARTESIAN_POINT ( 'NONE',  ( -21.90000000000001279, 74.97499999999998010, -0.7012473179190126249 ) ) ;
#1362 = DIRECTION ( 'NONE',  ( 0.000000000000000000, -1.000000000000000000, 0.000000000000000000 ) ) ;
#1363 = ORIENTED_EDGE ( 'NONE', *, *, #1962, .T. ) ;
#1364 = DIRECTION ( 'NONE',  ( 1.000000000000000000, 0.000000000000000000, -8.673617379884035472E-17 ) ) ;
#1365 = LINE ( 'NONE', #2887, #384 ) ;
#1366 = CARTESIAN_POINT ( 'NONE',  ( 2.416370136197056429, 64.08749999999999147, -6.800012294714002259 ) ) ;
#1367 = PLANE ( 'NONE',  #10 ) ;
#1368 = ORIENTED_EDGE ( 'NONE', *, *, #1573, .F. ) ;
#1369 = CIRCLE ( 'NONE', #1373, 3.750000000000000000 ) ;
#1370 = CARTESIAN_POINT ( 'NONE',  ( -24.00320352678321356, 57.64599854615131136, -16.98531814000003948 ) ) ;
#1371 = DIRECTION ( 'NONE',  ( -0.000000000000000000, 0.000000000000000000, 1.000000000000000000 ) ) ;
#1372 = EDGE_CURVE ( 'NONE', #980, #567, #1386, .T. ) ;
#1373 = AXIS2_PLACEMENT_3D ( 'NONE', #1698, #2088, #4671 ) ;
#1374 = VERTEX_POINT ( 'NONE', #194 ) ;
#1375 = ORIENTED_EDGE ( 'NONE', *, *, #3308, .F. ) ;
#1376 = DIRECTION ( 'NONE',  ( -0.000000000000000000, -0.000000000000000000, 1.000000000000000000 ) ) ;
#1377 = AXIS2_PLACEMENT_3D ( 'NONE', #354, #2573, #1429 ) ;
#1378 = DIRECTION ( 'NONE',  ( 1.192487775192318085E-08, -1.000000000000000000, -2.758182051255290319E-23 ) ) ;
#1379 = FACE_OUTER_BOUND ( 'NONE', #1560, .T. ) ;
#1380 = EDGE_CURVE ( 'NONE', #4499, #3008, #4574, .T. ) ;
#1381 = EDGE_CURVE ( 'NONE', #1717, #2858, #3134, .T. ) ;
#1382 = CIRCLE ( 'NONE', #1678, 1.500000000000008216 ) ;
#1383 = ORIENTED_EDGE ( 'NONE', *, *, #2431, .T. ) ;
#1384 = DIRECTION ( 'NONE',  ( 4.879084282828732417E-43, -9.244463733546641230E-33, 1.000000000000000000 ) ) ;
#1385 = DIRECTION ( 'NONE',  ( 1.000000000000000000, 0.000000000000000000, 0.000000000000000000 ) ) ;
#1386 = CIRCLE ( 'NONE', #2450, 3.249999999999999556 ) ;
#1387 = CARTESIAN_POINT ( 'NONE',  ( -28.25000003450509922, 0.000000000000000000, -10.80001229471400492 ) ) ;
#1388 = AXIS2_PLACEMENT_3D ( 'NONE', #33, #807, #4369 ) ;
#1389 = ORIENTED_EDGE ( 'NONE', *, *, #2244, .F. ) ;
#1390 = FACE_OUTER_BOUND ( 'NONE', #3669, .T. ) ;
#1391 = DIRECTION ( 'NONE',  ( 1.000000000000000000, 1.484173008126763085E-09, 0.000000000000000000 ) ) ;
#1392 = CARTESIAN_POINT ( 'NONE',  ( 28.25000000766948460, 17.75735931288069480, -12.49999999999999822 ) ) ;
#1393 = VECTOR ( 'NONE', #635, 1000.000000000000000 ) ;
#1394 = VECTOR ( 'NONE', #4183, 1000.000000000000000 ) ;
#1395 = VERTEX_POINT ( 'NONE', #553 ) ;
#1396 = AXIS2_PLACEMENT_3D ( 'NONE', #4503, #3409, #2266 ) ;
#1397 = CARTESIAN_POINT ( 'NONE',  ( -11.26320339808238913, 62.39599872398927971, -6.050012294714004035 ) ) ;
#1398 = PLANE ( 'NONE',  #1540 ) ;
#1399 = AXIS2_PLACEMENT_3D ( 'NONE', #1124, #1061, #2927 ) ;
#1400 = CIRCLE ( 'NONE', #2696, 2.999999999999999112 ) ;
#1401 = ORIENTED_EDGE ( 'NONE', *, *, #782, .F. ) ;
#1402 = VERTEX_POINT ( 'NONE', #2780 ) ;
#1403 = DIRECTION ( 'NONE',  ( 1.000000000000000000, 0.000000000000000000, 0.000000000000000000 ) ) ;
#1404 = ADVANCED_FACE ( 'NONE', ( #2396 ), #1250, .F. ) ;
#1405 = LINE ( 'NONE', #1753, #4059 ) ;
#1406 = ORIENTED_EDGE ( 'NONE', *, *, #1409, .F. ) ;
#1407 = CARTESIAN_POINT ( 'NONE',  ( -27.19999999999999929, -22.24264068711928743, -16.98531814000003948 ) ) ;
#1408 = ADVANCED_FACE ( 'NONE', ( #1270 ), #2727, .F. ) ;
#1409 = EDGE_CURVE ( 'NONE', #4302, #1040, #3255, .T. ) ;
#1410 = CARTESIAN_POINT ( 'NONE',  ( 29.37132034264883629, -20.12132033497936590, -12.84390800772777830 ) ) ;
#1411 = DIRECTION ( 'NONE',  ( -0.000000000000000000, -0.000000000000000000, 1.000000000000000000 ) ) ;
#1412 = EDGE_LOOP ( 'NONE', ( #1273, #3092, #999, #4558, #2497, #2174 ) ) ;
#1413 = CARTESIAN_POINT ( 'NONE',  ( 29.29379622442845132, 20.04379621675894896, -12.79141734362880989 ) ) ;
#1414 = CARTESIAN_POINT ( 'NONE',  ( -30.19999999999999929, 25.00000000000000000, -14.49999999999999822 ) ) ;
#1415 = DIRECTION ( 'NONE',  ( -0.000000000000000000, 9.244463733058732095E-33, -1.000000000000000000 ) ) ;
#1416 = ORIENTED_EDGE ( 'NONE', *, *, #4126, .F. ) ;
#1417 = DIRECTION ( 'NONE',  ( -0.000000000000000000, -1.000000000000000000, -0.000000000000000000 ) ) ;
#1418 = DIRECTION ( 'NONE',  ( -0.000000000000000000, -0.000000000000000000, 1.000000000000000000 ) ) ;
#1419 = VERTEX_POINT ( 'NONE', #1792 ) ;
#1420 = EDGE_LOOP ( 'NONE', ( #951, #1226, #2399, #2861 ) ) ;
#1421 = LINE ( 'NONE', #3957, #3205 ) ;
#1422 = CARTESIAN_POINT ( 'NONE',  ( -4.083629868255462370, 62.74999995627790383, 133.4883807175925483 ) ) ;
#1423 = ORIENTED_EDGE ( 'NONE', *, *, #2167, .T. ) ;
#1424 = DIRECTION ( 'NONE',  ( 0.000000000000000000, 1.000000000000000000, 0.000000000000000000 ) ) ;
#1425 = CARTESIAN_POINT ( 'NONE',  ( -15.80000000000001492, 72.19499999999997897, -3.201247317919003077 ) ) ;
#1426 = EDGE_CURVE ( 'NONE', #1822, #4637, #1365, .T. ) ;
#1427 = APPLICATION_CONTEXT ( 'automotive_design' ) ;
#1428 = VERTEX_POINT ( 'NONE', #4720 ) ;
#1429 = DIRECTION ( 'NONE',  ( 1.000000000000000000, 0.000000000000000000, 0.000000000000000000 ) ) ;
#1430 = FACE_OUTER_BOUND ( 'NONE', #1342, .T. ) ;
#1431 =( LENGTH_UNIT ( ) NAMED_UNIT ( * ) SI_UNIT ( .MILLI., .METRE. ) );
#1432 = ADVANCED_FACE ( 'NONE', ( #310 ), #3522, .T. ) ;
#1433 = EDGE_CURVE ( 'NONE', #4413, #1033, #3210, .T. ) ;
#1434 = ORIENTED_EDGE ( 'NONE', *, *, #4716, .F. ) ;
#1435 = CARTESIAN_POINT ( 'NONE',  ( 12.61637013619705527, 63.08749999999999147, -8.801247317919001389 ) ) ;
#1436 = LINE ( 'NONE', #4706, #3990 ) ;
#1437 = ORIENTED_EDGE ( 'NONE', *, *, #3482, .T. ) ;
#1438 = ORIENTED_EDGE ( 'NONE', *, *, #4657, .T. ) ;
#1439 = DIRECTION ( 'NONE',  ( -0.000000000000000000, -0.000000000000000000, 1.000000000000000000 ) ) ;
#1440 = PRODUCT_CONTEXT ( 'NONE', #1185, 'mechanical' ) ;
#1441 = AXIS2_PLACEMENT_3D ( 'NONE', #3710, #2193, #2264 ) ;
#1442 = ORIENTED_EDGE ( 'NONE', *, *, #1991, .F. ) ;
#1443 = DIRECTION ( 'NONE',  ( 0.000000000000000000, -1.000000000000000000, 0.000000000000000000 ) ) ;
#1444 = CIRCLE ( 'NONE', #1746, 1.550000025914995083 ) ;
#1445 = CARTESIAN_POINT ( 'NONE',  ( -28.70320349208182265, 54.73599845050538448, -0.7012473179189988581 ) ) ;
#1446 = DIRECTION ( 'NONE',  ( -0.000000000000000000, -0.000000000000000000, 1.000000000000000000 ) ) ;
#1447 = CARTESIAN_POINT ( 'NONE',  ( -22.45320350086822003, 57.64599856463487981, -16.98531814000003948 ) ) ;
#1448 = ORIENTED_EDGE ( 'NONE', *, *, #3488, .F. ) ;
#1449 = DIRECTION ( 'NONE',  ( 1.192487804382836003E-08, -0.9999999999999998890, -2.394758842500639629E-17 ) ) ;
#1450 = AXIS2_PLACEMENT_3D ( 'NONE', #1739, #4673, #1391 ) ;
#1451 = CARTESIAN_POINT ( 'NONE',  ( 3.216370136197054030, 45.08749999999978542, -6.800012294714002259 ) ) ;
#1452 =( NAMED_UNIT ( * ) PLANE_ANGLE_UNIT ( ) SI_UNIT ( $, .RADIAN. ) );
#1453 = ADVANCED_FACE ( 'NONE', ( #1430 ), #984, .F. ) ;
#1454 = VECTOR ( 'NONE', #3582, 1000.000000000000000 ) ;
#1455 = ORIENTED_EDGE ( 'NONE', *, *, #902, .T. ) ;
#1456 = DIRECTION ( 'NONE',  ( -0.000000000000000000, -0.000000000000000000, 1.000000000000000000 ) ) ;
#1457 = VECTOR ( 'NONE', #2845, 1000.000000000000000 ) ;
#1458 = CARTESIAN_POINT ( 'NONE',  ( -12.03355894091131795, 3.493675022841859690E-15, -0.7012473179190126249 ) ) ;
#1459 = EDGE_CURVE ( 'NONE', #3716, #4208, #1002, .T. ) ;
#1460 = EDGE_LOOP ( 'NONE', ( #974, #3500, #1959, #3920, #2327, #4670, #2263, #1749 ) ) ;
#1461 = CIRCLE ( 'NONE', #3983, 2.999999999999999112 ) ;
#1462 = ADVANCED_FACE ( 'NONE', ( #1008 ), #2530, .F. ) ;
#1463 = CIRCLE ( 'NONE', #775, 1.500000000000001554 ) ;
#1464 = TOROIDAL_SURFACE ( 'NONE', #1242, 4.000000000000000000, 1.500000000000000000 ) ;
#1465 = ORIENTED_EDGE ( 'NONE', *, *, #1748, .F. ) ;
#1466 = DIRECTION ( 'NONE',  ( -1.000000000000000000, -0.000000000000000000, -0.000000000000000000 ) ) ;
#1467 = CIRCLE ( 'NONE', #252, 1.000000000000000000 ) ;
#1468 = ORIENTED_EDGE ( 'NONE', *, *, #296, .T. ) ;
#1469 = FACE_OUTER_BOUND ( 'NONE', #1195, .T. ) ;
#1470 = DIRECTION ( 'NONE',  ( -0.000000000000000000, -0.000000000000000000, -1.000000000000000000 ) ) ;
#1471 = DIRECTION ( 'NONE',  ( 1.000000000000000000, 0.000000000000000000, -1.084202172485504434E-16 ) ) ;
#1472 = ORIENTED_EDGE ( 'NONE', *, *, #1073, .T. ) ;
#1473 = CYLINDRICAL_SURFACE ( 'NONE', #3462, 1.550000025914995083 ) ;
#1474 = ORIENTED_EDGE ( 'NONE', *, *, #3827, .F. ) ;
#1475 = LINE ( 'NONE', #2935, #1982 ) ;
#1476 = DIRECTION ( 'NONE',  ( -0.7071067811865456854, -0.7071067811865493491, -0.000000000000000000 ) ) ;
#1477 = CARTESIAN_POINT ( 'NONE',  ( -24.99980665666219792, 62.75000000361709596, -10.80001229471400492 ) ) ;
#1478 = EDGE_CURVE ( 'NONE', #1641, #3533, #3287, .T. ) ;
#1479 = CARTESIAN_POINT ( 'NONE',  ( -35.90000000000000568, -33.52500000000001279, -16.98531814000003948 ) ) ;
#1480 = CARTESIAN_POINT ( 'NONE',  ( 26.20000000000000284, -26.19999999999999929, -0.7012473179190029660 ) ) ;
#1481 = DIRECTION ( 'NONE',  ( 1.000000000000000000, 0.000000000000000000, 0.000000000000000000 ) ) ;
#1482 = ORIENTED_EDGE ( 'NONE', *, *, #850, .F. ) ;
#1483 = EDGE_CURVE ( 'NONE', #3430, #1558, #1699, .T. ) ;
#1484 = ADVANCED_FACE ( 'NONE', ( #3995 ), #241, .F. ) ;
#1485 = ORIENTED_EDGE ( 'NONE', *, *, #948, .F. ) ;
#1486 = LINE ( 'NONE', #4509, #3742 ) ;
#1487 = EDGE_CURVE ( 'NONE', #1040, #1937, #923, .T. ) ;
#1488 = ORIENTED_EDGE ( 'NONE', *, *, #2337, .T. ) ;
#1489 = ORIENTED_EDGE ( 'NONE', *, *, #3869, .T. ) ;
#1490 = DIRECTION ( 'NONE',  ( 1.000000000000000000, -2.602085213965210642E-15, 0.000000000000000000 ) ) ;
#1491 = CARTESIAN_POINT ( 'NONE',  ( -12.03355894091131795, 42.72339333194054234, -0.7012473179190126249 ) ) ;
#1492 = VERTEX_POINT ( 'NONE', #3568 ) ;
#1493 = CARTESIAN_POINT ( 'NONE',  ( -26.43284812093930114, 0.000000000000000000, 145.1871456943875671 ) ) ;
#1494 = EDGE_LOOP ( 'NONE', ( #474, #1437, #4203, #2710, #4069, #738, #1737, #2270 ) ) ;
#1495 = PLANE ( 'NONE',  #3352 ) ;
#1496 = DIRECTION ( 'NONE',  ( 0.000000000000000000, 1.000000000000000000, 0.000000000000000000 ) ) ;
#1497 = DIRECTION ( 'NONE',  ( 0.9999999999999994449, 3.278354011950101944E-08, 0.000000000000000000 ) ) ;
#1498 = DIRECTION ( 'NONE',  ( -1.000000000000000000, 0.000000000000000000, 0.000000000000000000 ) ) ;
#1499 = VERTEX_POINT ( 'NONE', #3551 ) ;
#1500 = CARTESIAN_POINT ( 'NONE',  ( 15.29999999999998650, -44.74283101375674931, -16.98531814000003948 ) ) ;
#1501 = CARTESIAN_POINT ( 'NONE',  ( -14.46320333356880106, 56.98599864623067646, -7.550012294714003147 ) ) ;
#1502 = ORIENTED_EDGE ( 'NONE', *, *, #3590, .F. ) ;
#1503 = DIRECTION ( 'NONE',  ( -0.7071067811865456854, -0.7071067811865493491, 0.000000000000000000 ) ) ;
#1504 = EDGE_LOOP ( 'NONE', ( #1953, #4024, #746, #2416 ) ) ;
#1505 = CARTESIAN_POINT ( 'NONE',  ( -30.19999999999999929, -26.19999999999997087, -0.7012473179190029660 ) ) ;
#1506 = DIRECTION ( 'NONE',  ( -4.879091352249708954E-43, 9.244463732570824328E-33, -1.000000000000000000 ) ) ;
#1507 = EDGE_CURVE ( 'NONE', #3105, #3189, #3595, .T. ) ;
#1508 = ORIENTED_EDGE ( 'NONE', *, *, #3100, .T. ) ;
#1509 = ORIENTED_EDGE ( 'NONE', *, *, #1939, .T. ) ;
#1510 = AXIS2_PLACEMENT_3D ( 'NONE', #669, #2125, #3586 ) ;
#1511 = DIRECTION ( 'NONE',  ( -0.000000000000000000, -0.000000000000000000, -1.000000000000000000 ) ) ;
#1512 = EDGE_CURVE ( 'NONE', #1524, #567, #287, .T. ) ;
#1513 = ADVANCED_FACE ( 'NONE', ( #4649 ), #4702, .T. ) ;
#1514 = CARTESIAN_POINT ( 'NONE',  ( -26.72892630017409488, -1.207678168408556757E-07, -2.201247317919003521 ) ) ;
#1515 = CIRCLE ( 'NONE', #4204, 3.251094398538163954 ) ;
#1516 = VERTEX_POINT ( 'NONE', #2487 ) ;
#1517 = CARTESIAN_POINT ( 'NONE',  ( 34.49999999999998579, 60.97499999999998721, 133.4883807175925483 ) ) ;
#1518 = VERTEX_POINT ( 'NONE', #670 ) ;
#1519 = CARTESIAN_POINT ( 'NONE',  ( -24.99980665664885393, 62.74999992523468251, -16.98531814000003948 ) ) ;
#1520 = LINE ( 'NONE', #4036, #3291 ) ;
#1521 = CYLINDRICAL_SURFACE ( 'NONE', #3233, 2.399999999999999467 ) ;
#1522 = CARTESIAN_POINT ( 'NONE',  ( -25.82892616430178379, -40.47192797955396770, 13.28001984583019635 ) ) ;
#1523 = EDGE_LOOP ( 'NONE', ( #2321, #1926, #4504, #1742, #4272, #3336 ) ) ;
#1524 = VERTEX_POINT ( 'NONE', #3587 ) ;
#1525 = CARTESIAN_POINT ( 'NONE',  ( 16.79999999999999005, 72.19499999999997897, -3.201247317919003077 ) ) ;
#1526 = DIRECTION ( 'NONE',  ( 1.000000000000000000, 0.000000000000000000, 0.000000000000000000 ) ) ;
#1527 = ORIENTED_EDGE ( 'NONE', *, *, #2343, .F. ) ;
#1528 = DIRECTION ( 'NONE',  ( 0.000000000000000000, 0.000000000000000000, 1.000000000000000000 ) ) ;
#1529 = AXIS2_PLACEMENT_3D ( 'NONE', #448, #722, #4446 ) ;
#1530 = ORIENTED_EDGE ( 'NONE', *, *, #3923, .T. ) ;
#1531 = VECTOR ( 'NONE', #4106, 1000.000000000000000 ) ;
#1532 = AXIS2_PLACEMENT_3D ( 'NONE', #2735, #4205, #953 ) ;
#1533 = CARTESIAN_POINT ( 'NONE',  ( 14.39999999999999503, -44.74283101375674931, -0.7012473179190029660 ) ) ;
#1534 = CARTESIAN_POINT ( 'NONE',  ( -29.07867965644034314, -19.87867965644034385, -11.00000000000000000 ) ) ;
#1535 = AXIS2_PLACEMENT_3D ( 'NONE', #774, #1894, #1228 ) ;
#1536 = AXIS2_PLACEMENT_3D ( 'NONE', #1722, #4031, #3652 ) ;
#1537 = ORIENTED_EDGE ( 'NONE', *, *, #4126, .T. ) ;
#1538 = ORIENTED_EDGE ( 'NONE', *, *, #563, .F. ) ;
#1539 = EDGE_CURVE ( 'NONE', #1563, #3381, #3524, .T. ) ;
#1540 = AXIS2_PLACEMENT_3D ( 'NONE', #2134, #4335, #3594 ) ;
#1541 = CARTESIAN_POINT ( 'NONE',  ( 30.23236761338583634, 21.86759861258518711, -14.19377859852864887 ) ) ;
#1542 = LINE ( 'NONE', #55, #3676 ) ;
#1543 = AXIS2_PLACEMENT_3D ( 'NONE', #3495, #1716, #4191 ) ;
#1544 = ORIENTED_EDGE ( 'NONE', *, *, #3254, .F. ) ;
#1545 = DIRECTION ( 'NONE',  ( 1.192487804382836003E-08, -0.9999999999999998890, -0.000000000000000000 ) ) ;
#1546 = EDGE_CURVE ( 'NONE', #1813, #3623, #3060, .T. ) ;
#1547 = ADVANCED_FACE ( 'NONE', ( #1095 ), #2176, .T. ) ;
#1548 = ORIENTED_EDGE ( 'NONE', *, *, #2025, .F. ) ;
#1549 = FACE_OUTER_BOUND ( 'NONE', #1697, .T. ) ;
#1550 = FACE_OUTER_BOUND ( 'NONE', #4638, .T. ) ;
#1551 = FACE_OUTER_BOUND ( 'NONE', #4380, .T. ) ;
#1552 = CARTESIAN_POINT ( 'NONE',  ( -16.32892793338690041, -7.137601084778720352E-07, 13.28001984583019635 ) ) ;
#1553 = EDGE_CURVE ( 'NONE', #246, #147, #2956, .T. ) ;
#1554 = ORIENTED_EDGE ( 'NONE', *, *, #850, .T. ) ;
#1555 = LINE ( 'NONE', #1174, #3050 ) ;
#1556 = CYLINDRICAL_SURFACE ( 'NONE', #2748, 3.247682551242192517 ) ;
#1557 = LINE ( 'NONE', #68, #2695 ) ;
#1558 = VERTEX_POINT ( 'NONE', #374 ) ;
#1559 = CARTESIAN_POINT ( 'NONE',  ( 30.11030356781701656, -21.31753518325704277, -13.74866733660312157 ) ) ;
#1560 = EDGE_LOOP ( 'NONE', ( #2258, #2438, #2197, #2411 ) ) ;
#1561 = CARTESIAN_POINT ( 'NONE',  ( -24.00320352678321356, 57.64599854615131136, -16.98531814000003948 ) ) ;
#1562 = CARTESIAN_POINT ( 'NONE',  ( -24.99980665666219792, 62.74999990798213645, -4.800012294714003147 ) ) ;
#1563 = VERTEX_POINT ( 'NONE', #3638 ) ;
#1564 = ORIENTED_EDGE ( 'NONE', *, *, #296, .F. ) ;
#1565 = LINE ( 'NONE', #4564, #166 ) ;
#1566 = DIRECTION ( 'NONE',  ( 1.192488006488781328E-08, -0.9999999999999998890, 0.000000000000000000 ) ) ;
#1567 = ORIENTED_EDGE ( 'NONE', *, *, #1604, .F. ) ;
#1568 = DIRECTION ( 'NONE',  ( -1.192488006488781328E-08, 0.9999999999999998890, 0.000000000000000000 ) ) ;
#1569 = ORIENTED_EDGE ( 'NONE', *, *, #1047, .T. ) ;
#1570 = DIRECTION ( 'NONE',  ( -0.000000000000000000, 0.000000000000000000, -1.000000000000000000 ) ) ;
#1571 = LINE ( 'NONE', #2390, #1837 ) ;
#1572 = CARTESIAN_POINT ( 'NONE',  ( 29.12867966410982845, -19.87867965644035095, -11.00000000000000000 ) ) ;
#1573 = EDGE_CURVE ( 'NONE', #805, #1318, #2676, .T. ) ;
#1574 = ADVANCED_BREP_SHAPE_REPRESENTATION ( '\X2\540e76d6\X0\', ( #4464, #2779 ), #2016 ) ;
#1575 = LINE ( 'NONE', #3036, #560 ) ;
#1576 = VERTEX_POINT ( 'NONE', #1168 ) ;
#1577 = FACE_OUTER_BOUND ( 'NONE', #2470, .T. ) ;
#1578 = DIRECTION ( 'NONE',  ( -0.000000000000000000, -0.000000000000000000, -1.000000000000000000 ) ) ;
#1579 = DIRECTION ( 'NONE',  ( 0.000000000000000000, 0.000000000000000000, 1.000000000000000000 ) ) ;
#1580 = VERTEX_POINT ( 'NONE', #1883 ) ;
#1581 = EDGE_CURVE ( 'NONE', #3716, #3496, #3274, .T. ) ;
#1582 = EDGE_CURVE ( 'NONE', #1816, #1106, #355, .T. ) ;
#1583 = ORIENTED_EDGE ( 'NONE', *, *, #2244, .T. ) ;
#1584 = CARTESIAN_POINT ( 'NONE',  ( -21.52892635226175599, -36.17192779159400828, -2.201247317919003077 ) ) ;
#1585 = CARTESIAN_POINT ( 'NONE',  ( 20.49999999999999289, -33.52500000000002700, -0.7012473179190126249 ) ) ;
#1586 = ORIENTED_EDGE ( 'NONE', *, *, #3737, .F. ) ;
#1587 = ORIENTED_EDGE ( 'NONE', *, *, #1483, .T. ) ;
#1588 = CARTESIAN_POINT ( 'NONE',  ( -20.60000000000001563, 72.19499999999997897, -3.201247317919003077 ) ) ;
#1589 = CARTESIAN_POINT ( 'NONE',  ( -1.083629863802943794, 59.74999995627790383, -8.800012294714003147 ) ) ;
#1590 = EDGE_LOOP ( 'NONE', ( #2656, #4383, #2364, #4317, #284, #615, #3796, #827 ) ) ;
#1591 = CYLINDRICAL_SURFACE ( 'NONE', #3149, 1.500000000000001332 ) ;
#1592 = ORIENTED_EDGE ( 'NONE', *, *, #4507, .T. ) ;
#1593 = DIRECTION ( 'NONE',  ( -0.000000000000000000, 0.000000000000000000, 1.000000000000000000 ) ) ;
#1594 = CARTESIAN_POINT ( 'NONE',  ( 13.11637013619705527, 45.58749999999999858, -8.800012294714003147 ) ) ;
#1595 = ORIENTED_EDGE ( 'NONE', *, *, #1381, .T. ) ;
#1596 = CARTESIAN_POINT ( 'NONE',  ( 30.24999999477492807, 59.49994886994355880, -4.800012294714003147 ) ) ;
#1597 = EDGE_CURVE ( 'NONE', #1156, #3575, #1811, .T. ) ;
#1598 = DIRECTION ( 'NONE',  ( 1.000000000000000000, 4.380839319655782558E-34, -9.714451465470119729E-17 ) ) ;
#1599 = CYLINDRICAL_SURFACE ( 'NONE', #4448, 1.500000000000001554 ) ;
#1600 = ORIENTED_EDGE ( 'NONE', *, *, #2946, .T. ) ;
#1601 = TOROIDAL_SURFACE ( 'NONE', #3591, 1.000000000000000000, 1.500000000000000000 ) ;
#1602 = ORIENTED_EDGE ( 'NONE', *, *, #4680, .F. ) ;
#1603 = ADVANCED_FACE ( 'NONE', ( #1550 ), #1191, .F. ) ;
#1604 = EDGE_CURVE ( 'NONE', #139, #421, #402, .T. ) ;
#1605 = CARTESIAN_POINT ( 'NONE',  ( -16.69999999999997797, -44.74283101375676353, -16.98531814000003948 ) ) ;
#1606 = DIRECTION ( 'NONE',  ( -0.9999999999999998890, -1.192487775192317919E-08, 0.000000000000000000 ) ) ;
#1607 = AXIS2_PLACEMENT_3D ( 'NONE', #1966, #3883, #3450 ) ;
#1608 = AXIS2_PLACEMENT_3D ( 'NONE', #262, #1715, #1001 ) ;
#1609 = VERTEX_POINT ( 'NONE', #3344 ) ;
#1610 = EDGE_LOOP ( 'NONE', ( #2962, #4219, #4394, #973 ) ) ;
#1611 = CARTESIAN_POINT ( 'NONE',  ( 29.52629816388324002, 20.27629815621373410, -12.94884166293480732 ) ) ;
#1612 = AXIS2_PLACEMENT_3D ( 'NONE', #858, #2619, #1878 ) ;
#1613 = CIRCLE ( 'NONE', #3605, 1.000000000000000888 ) ;
#1614 = PLANE ( 'NONE',  #1616 ) ;
#1615 = EDGE_LOOP ( 'NONE', ( #1200, #2137, #1144, #4623 ) ) ;
#1616 = AXIS2_PLACEMENT_3D ( 'NONE', #1262, #3081, #1307 ) ;
#1617 = LINE ( 'NONE', #3152, #1015 ) ;
#1618 = VECTOR ( 'NONE', #957, 1000.000000000000000 ) ;
#1619 = VERTEX_POINT ( 'NONE', #4376 ) ;
#1620 = CARTESIAN_POINT ( 'NONE',  ( 15.29999999999998650, -44.74283101375674931, -16.98531814000003948 ) ) ;
#1621 = AXIS2_PLACEMENT_3D ( 'NONE', #3972, #1039, #698 ) ;
#1622 = VECTOR ( 'NONE', #4113, 1000.000000000000114 ) ;
#1623 = CARTESIAN_POINT ( 'NONE',  ( 3.216370136197056251, 64.08749999999999147, -8.800012294714003147 ) ) ;
#1624 = ORIENTED_EDGE ( 'NONE', *, *, #3276, .T. ) ;
#1625 = DIRECTION ( 'NONE',  ( 1.689829705156681578E-10, -1.000000000000000000, 0.000000000000000000 ) ) ;
#1626 = AXIS2_PLACEMENT_3D ( 'NONE', #723, #2531, #311 ) ;
#1627 = CYLINDRICAL_SURFACE ( 'NONE', #2831, 3.000000000000000000 ) ;
#1628 = DIRECTION ( 'NONE',  ( 1.000000000000000000, 0.000000000000000000, 0.000000000000000000 ) ) ;
#1629 = ORIENTED_EDGE ( 'NONE', *, *, #3308, .T. ) ;
#1630 = EDGE_CURVE ( 'NONE', #4460, #3526, #811, .T. ) ;
#1631 = EDGE_LOOP ( 'NONE', ( #2760, #161 ) ) ;
#1632 = DIRECTION ( 'NONE',  ( 1.000000000000000000, 0.000000000000000000, 0.000000000000000000 ) ) ;
#1633 = DIRECTION ( 'NONE',  ( -9.714451465470119729E-17, 2.394758726656991011E-17, -1.000000000000000000 ) ) ;
#1634 = EDGE_CURVE ( 'NONE', #3825, #1937, #1861, .T. ) ;
#1635 = EDGE_CURVE ( 'NONE', #3959, #177, #3755, .T. ) ;
#1636 = VERTEX_POINT ( 'NONE', #1451 ) ;
#1637 = ORIENTED_EDGE ( 'NONE', *, *, #1260, .T. ) ;
#1638 = CARTESIAN_POINT ( 'NONE',  ( 30.11029218666428875, 21.31750097846156677, -13.74863996351592732 ) ) ;
#1639 = EDGE_CURVE ( 'NONE', #3017, #2094, #1918, .T. ) ;
#1640 = DIRECTION ( 'NONE',  ( -0.000000000000000000, -0.000000000000000000, -1.000000000000000000 ) ) ;
#1641 = VERTEX_POINT ( 'NONE', #2260 ) ;
#1642 = CARTESIAN_POINT ( 'NONE',  ( 16.79999999999999005, 72.19499999999997897, -3.201247317919003077 ) ) ;
#1643 = ORIENTED_EDGE ( 'NONE', *, *, #2105, .T. ) ;
#1644 = CARTESIAN_POINT ( 'NONE',  ( -16.69999999999997797, -44.74283101375676353, -16.98531814000003948 ) ) ;
#1645 = LINE ( 'NONE', #907, #1075 ) ;
#1646 = ORIENTED_EDGE ( 'NONE', *, *, #3694, .T. ) ;
#1647 = DIRECTION ( 'NONE',  ( 1.000000000000000000, 0.000000000000000000, 0.000000000000000000 ) ) ;
#1648 = CARTESIAN_POINT ( 'NONE',  ( -21.52892635226175599, -36.17192779159400828, -1.201247317919001967 ) ) ;
#1649 = CARTESIAN_POINT ( 'NONE',  ( -28.25000001908322034, 29.63474888772946159, -4.800012294714003147 ) ) ;
#1650 = VERTEX_POINT ( 'NONE', #2598 ) ;
#1651 = EDGE_LOOP ( 'NONE', ( #4254, #2190, #3281, #3847 ) ) ;
#1652 = DIRECTION ( 'NONE',  ( 0.000000000000000000, 1.000000000000000000, 2.394758726656990703E-17 ) ) ;
#1653 = CARTESIAN_POINT ( 'NONE',  ( 28.34770943107205454, 18.54222528442516804, -12.50200677260331261 ) ) ;
#1654 = EDGE_LOOP ( 'NONE', ( #2202, #656, #1097, #2513 ) ) ;
#1655 = ORIENTED_EDGE ( 'NONE', *, *, #592, .F. ) ;
#1656 = DIRECTION ( 'NONE',  ( 1.000000000000000000, 1.734723475976807094E-15, -1.084202172485504434E-16 ) ) ;
#1657 = ADVANCED_FACE ( 'NONE', ( #4396 ), #4139, .F. ) ;
#1658 = LINE ( 'NONE', #3873, #6 ) ;
#1659 = LINE ( 'NONE', #2409, #642 ) ;
#1660 = LINE ( 'NONE', #1589, #4603 ) ;
#1661 = ORIENTED_EDGE ( 'NONE', *, *, #2973, .T. ) ;
#1662 = CARTESIAN_POINT ( 'NONE',  ( -28.19999999999999574, 1.386669559958810088E-32, -14.49999999999999822 ) ) ;
#1663 = ORIENTED_EDGE ( 'NONE', *, *, #3429, .T. ) ;
#1664 = EDGE_CURVE ( 'NONE', #3898, #2970, #3728, .T. ) ;
#1665 = EDGE_CURVE ( 'NONE', #2796, #2129, #1520, .T. ) ;
#1666 = CYLINDRICAL_SURFACE ( 'NONE', #1071, 2.999999999999999112 ) ;
#1667 = DIRECTION ( 'NONE',  ( 0.000000000000000000, -0.000000000000000000, 1.000000000000000000 ) ) ;
#1668 = ORIENTED_EDGE ( 'NONE', *, *, #2342, .T. ) ;
#1669 = DIRECTION ( 'NONE',  ( -1.000000000000000000, -1.192488122137018739E-08, 0.000000000000000000 ) ) ;
#1670 = DIRECTION ( 'NONE',  ( 1.000000000000000000, 0.000000000000000000, 0.000000000000000000 ) ) ;
#1671 = CARTESIAN_POINT ( 'NONE',  ( 16.79999999999999005, 72.19499999999997897, -16.98531814000003948 ) ) ;
#1672 = AXIS2_PLACEMENT_3D ( 'NONE', #1965, #1269, #524 ) ;
#1673 = DIRECTION ( 'NONE',  ( -0.000000000000000000, 9.244463733058733463E-33, -1.000000000000000000 ) ) ;
#1674 = VECTOR ( 'NONE', #3666, 1000.000000000000000 ) ;
#1675 = VERTEX_POINT ( 'NONE', #38 ) ;
#1676 = CARTESIAN_POINT ( 'NONE',  ( -22.45320349299780105, 56.98599855095087463, -10.80001229471400492 ) ) ;
#1677 = CYLINDRICAL_SURFACE ( 'NONE', #2992, 4.000000000000000000 ) ;
#1678 = AXIS2_PLACEMENT_3D ( 'NONE', #1744, #988, #3641 ) ;
#1679 = ORIENTED_EDGE ( 'NONE', *, *, #1230, .F. ) ;
#1680 = ORIENTED_EDGE ( 'NONE', *, *, #2890, .F. ) ;
#1681 = AXIS2_PLACEMENT_3D ( 'NONE', #2801, #4265, #2467 ) ;
#1682 = CARTESIAN_POINT ( 'NONE',  ( 26.99999999999930367, 62.75000000361709596, -16.98531814000003948 ) ) ;
#1683 = CARTESIAN_POINT ( 'NONE',  ( -13.76320327692561385, 52.23599862866309707, -2.201247317919001301 ) ) ;
#1684 = FACE_BOUND ( 'NONE', #993, .T. ) ;
#1685 = AXIS2_PLACEMENT_3D ( 'NONE', #3657, #2574, #3299 ) ;
#1686 = ADVANCED_FACE ( 'NONE', ( #4416 ), #4679, .T. ) ;
#1687 = ORIENTED_EDGE ( 'NONE', *, *, #151, .F. ) ;
#1688 = DIRECTION ( 'NONE',  ( 0.000000000000000000, 0.000000000000000000, -1.000000000000000000 ) ) ;
#1689 = VERTEX_POINT ( 'NONE', #3402 ) ;
#1690 = VECTOR ( 'NONE', #4325, 1000.000000000000000 ) ;
#1691 = AXIS2_PLACEMENT_3D ( 'NONE', #2408, #3892, #4619 ) ;
#1692 = CARTESIAN_POINT ( 'NONE',  ( 13.61637013619705705, 45.08750000000000568, -0.7012473179190029660 ) ) ;
#1693 = FACE_OUTER_BOUND ( 'NONE', #3699, .T. ) ;
#1694 = ADVANCED_FACE ( 'NONE', ( #4522 ), #1666, .F. ) ;
#1695 = AXIS2_PLACEMENT_3D ( 'NONE', #4136, #2701, #1568 ) ;
#1696 = EDGE_CURVE ( 'NONE', #2335, #3430, #2011, .T. ) ;
#1697 = EDGE_LOOP ( 'NONE', ( #4734, #926, #2501, #108 ) ) ;
#1698 = CARTESIAN_POINT ( 'NONE',  ( -21.52892635226175599, -36.17192779159400828, -0.7012473179190017447 ) ) ;
#1699 = LINE ( 'NONE', #1414, #2976 ) ;
#1700 = VECTOR ( 'NONE', #2114, 1000.000000000000000 ) ;
#1701 = CYLINDRICAL_SURFACE ( 'NONE', #2090, 1.500000000000015099 ) ;
#1702 = EDGE_CURVE ( 'NONE', #490, #2772, #4521, .T. ) ;
#1703 = AXIS2_PLACEMENT_3D ( 'NONE', #4417, #404, #1169 ) ;
#1704 = CARTESIAN_POINT ( 'NONE',  ( -11.26320339808238913, 62.39599872398927971, -26.70263684700744378 ) ) ;
#1705 = ORIENTED_EDGE ( 'NONE', *, *, #1129, .T. ) ;
#1706 = CARTESIAN_POINT ( 'NONE',  ( -12.03355894091131795, 3.493675022841859690E-15, -0.7012473179190126249 ) ) ;
#1707 = CARTESIAN_POINT ( 'NONE',  ( -28.24999998847751570, -29.63474890599620792, -4.800012294714003147 ) ) ;
#1708 = ORIENTED_EDGE ( 'NONE', *, *, #1807, .F. ) ;
#1709 = ORIENTED_EDGE ( 'NONE', *, *, #2653, .F. ) ;
#1710 = CARTESIAN_POINT ( 'NONE',  ( -21.90000000000000924, -47.52500000000001279, 133.4883807175925483 ) ) ;
#1711 = DIRECTION ( 'NONE',  ( 0.9999999999999998890, 1.192488125248453485E-08, -9.714451436912907528E-17 ) ) ;
#1712 = DIRECTION ( 'NONE',  ( 0.000000000000000000, -0.000000000000000000, 1.000000000000000000 ) ) ;
#1713 = VERTEX_POINT ( 'NONE', #4190 ) ;
#1714 = EDGE_LOOP ( 'NONE', ( #1544, #4365, #1602, #7 ) ) ;
#1715 = DIRECTION ( 'NONE',  ( -0.000000000000000000, 0.000000000000000000, 1.000000000000000000 ) ) ;
#1716 = DIRECTION ( 'NONE',  ( 0.000000000000000000, 0.000000000000000000, 1.000000000000000000 ) ) ;
#1717 = VERTEX_POINT ( 'NONE', #3126 ) ;
#1718 = DIRECTION ( 'NONE',  ( 0.000000000000000000, 0.000000000000000000, -1.000000000000000000 ) ) ;
#1719 = CARTESIAN_POINT ( 'NONE',  ( -18.27892635226175599, -36.17192779159400828, -2.201247317919003077 ) ) ;
#1720 = CARTESIAN_POINT ( 'NONE',  ( -28.25000003450509922, 59.49999999997535838, -16.98531814000003948 ) ) ;
#1721 = ADVANCED_FACE ( 'NONE', ( #1960 ), #520, .F. ) ;
#1722 = CARTESIAN_POINT ( 'NONE',  ( 26.20000000000000284, -26.19999999999999929, -4.800012294714003147 ) ) ;
#1723 = ORIENTED_EDGE ( 'NONE', *, *, #1512, .T. ) ;
#1724 = CARTESIAN_POINT ( 'NONE',  ( -28.25000087921619851, 59.50231832796998788, -16.98531814000003948 ) ) ;
#1725 = DIRECTION ( 'NONE',  ( 0.000000000000000000, 0.000000000000000000, 1.000000000000000000 ) ) ;
#1726 = EDGE_CURVE ( 'NONE', #107, #3856, #212, .T. ) ;
#1727 = EDGE_CURVE ( 'NONE', #3435, #2547, #1313, .T. ) ;
#1728 = ORIENTED_EDGE ( 'NONE', *, *, #942, .F. ) ;
#1729 = ORIENTED_EDGE ( 'NONE', *, *, #1539, .T. ) ;
#1730 = CARTESIAN_POINT ( 'NONE',  ( -9.763203276925628060, 52.23599867636261962, -2.201247317918999968 ) ) ;
#1731 = CARTESIAN_POINT ( 'NONE',  ( -26.43284812093930114, 49.72304779445453704, -0.7012473179189978589 ) ) ;
#1732 = PLANE ( 'NONE',  #2229 ) ;
#1733 = VERTEX_POINT ( 'NONE', #1941 ) ;
#1734 = PLANE ( 'NONE',  #2918 ) ;
#1735 = CARTESIAN_POINT ( 'NONE',  ( -13.76320330673782166, 54.73599862866310417, -6.050012294714004035 ) ) ;
#1736 = DIRECTION ( 'NONE',  ( -0.000000000000000000, -0.000000000000000000, 1.000000000000000000 ) ) ;
#1737 = ORIENTED_EDGE ( 'NONE', *, *, #2400, .F. ) ;
#1738 = LINE ( 'NONE', #2820, #4038 ) ;
#1739 = CARTESIAN_POINT ( 'NONE',  ( 26.99999999999953104, 62.75000000241139020, 133.4883807175925483 ) ) ;
#1740 = DIRECTION ( 'NONE',  ( 1.000000000000000000, 5.163819860439229035E-10, -0.000000000000000000 ) ) ;
#1741 = ADVANCED_FACE ( 'NONE', ( #3106 ), #906, .F. ) ;
#1742 = ORIENTED_EDGE ( 'NONE', *, *, #2836, .T. ) ;
#1743 = CIRCLE ( 'NONE', #915, 3.750000000000000000 ) ;
#1744 = CARTESIAN_POINT ( 'NONE',  ( 16.79999999999999716, -44.74283101375674931, -3.201247317919002633 ) ) ;
#1745 = DIRECTION ( 'NONE',  ( -0.000000000000000000, -0.000000000000000000, -1.000000000000000000 ) ) ;
#1746 = AXIS2_PLACEMENT_3D ( 'NONE', #4138, #2028, #1303 ) ;
#1747 = ADVANCED_FACE ( 'NONE', ( #2035 ), #865, .F. ) ;
#1748 = EDGE_CURVE ( 'NONE', #903, #3554, #3857, .T. ) ;
#1749 = ORIENTED_EDGE ( 'NONE', *, *, #3970, .T. ) ;
#1750 = ORIENTED_EDGE ( 'NONE', *, *, #2808, .T. ) ;
#1751 = LINE ( 'NONE', #3193, #4511 ) ;
#1752 = AXIS2_PLACEMENT_3D ( 'NONE', #3740, #3354, #4123 ) ;
#1753 = CARTESIAN_POINT ( 'NONE',  ( 13.61637013619706060, 45.08749999999977831, -8.800012294714003147 ) ) ;
#1754 = DIRECTION ( 'NONE',  ( 6.842277657836020854E-49, -9.244463733058734832E-33, 1.000000000000000000 ) ) ;
#1755 = AXIS2_PLACEMENT_3D ( 'NONE', #3425, #169, #2323 ) ;
#1756 = EDGE_LOOP ( 'NONE', ( #1037, #4099, #1655, #3212 ) ) ;
#1757 = LINE ( 'NONE', #3960, #4228 ) ;
#1758 = CARTESIAN_POINT ( 'NONE',  ( 29.37132034030093308, 20.12132033263142716, -11.00000000000000000 ) ) ;
#1759 = CIRCLE ( 'NONE', #2837, 1.500000000000001332 ) ;
#1760 = CARTESIAN_POINT ( 'NONE',  ( 34.49999999999998579, -33.52500000000002700, -16.98531814000003948 ) ) ;
#1761 = CIRCLE ( 'NONE', #1543, 2.399999999999999467 ) ;
#1762 = VECTOR ( 'NONE', #2618, 1000.000000000000114 ) ;
#1763 = VERTEX_POINT ( 'NONE', #4170 ) ;
#1764 = CARTESIAN_POINT ( 'NONE',  ( 30.25000000766948460, -39.50000000000258638, -16.98531814000003948 ) ) ;
#1765 = CARTESIAN_POINT ( 'NONE',  ( 16.79999999999999005, 72.19499999999997897, -0.7012473179190029660 ) ) ;
#1766 = CARTESIAN_POINT ( 'NONE',  ( -24.00320352678321356, 57.64599854615131136, -7.550012294714003147 ) ) ;
#1767 = VECTOR ( 'NONE', #4510, 1000.000000000000000 ) ;
#1768 = AXIS2_PLACEMENT_3D ( 'NONE', #1917, #1528, #3022 ) ;
#1769 = ORIENTED_EDGE ( 'NONE', *, *, #4739, .F. ) ;
#1770 = AXIS2_PLACEMENT_3D ( 'NONE', #2018, #1251, #3112 ) ;
#1771 = VECTOR ( 'NONE', #630, 1000.000000000000000 ) ;
#1772 = FACE_OUTER_BOUND ( 'NONE', #2296, .T. ) ;
#1773 = LINE ( 'NONE', #2558, #3384 ) ;
#1774 =( GEOMETRIC_REPRESENTATION_CONTEXT ( 3 ) GLOBAL_UNCERTAINTY_ASSIGNED_CONTEXT ( ( #558 ) ) GLOBAL_UNIT_ASSIGNED_CONTEXT ( ( #1431, #1452, #3639 ) ) REPRESENTATION_CONTEXT ( 'NONE', 'WORKASPACE' ) );
#1775 = AXIS2_PLACEMENT_3D ( 'NONE', #3346, #451, #1910 ) ;
#1776 =( BOUNDED_CURVE ( )  B_SPLINE_CURVE ( 3, ( #625, #1413, #2417, #266 ),
 .UNSPECIFIED., .F., .F. ) 
 B_SPLINE_CURVE_WITH_KNOTS ( ( 4, 4 ),
 ( 4.117206130815853626, 4.257525328389919039 ),
 .UNSPECIFIED. ) 
 CURVE ( )  GEOMETRIC_REPRESENTATION_ITEM ( )  RATIONAL_B_SPLINE_CURVE ( ( 1.000000000000000000, 0.9983598831700227771, 0.9983598831700227771, 1.000000000000000000 ) ) 
 REPRESENTATION_ITEM ( '' )  );
#1777 = ORIENTED_EDGE ( 'NONE', *, *, #1230, .T. ) ;
#1778 = EDGE_LOOP ( 'NONE', ( #2245, #2076, #3504, #3122 ) ) ;
#1779 = LINE ( 'NONE', #4296, #2064 ) ;
#1780 = CARTESIAN_POINT ( 'NONE',  ( -12.76320336827019375, 59.89599870610195609, -6.050012294714004035 ) ) ;
#1781 = CARTESIAN_POINT ( 'NONE',  ( 0.000000000000000000, 0.000000000000000000, 0.000000000000000000 ) ) ;
#1782 = EDGE_CURVE ( 'NONE', #631, #3797, #1571, .T. ) ;
#1783 = ADVANCED_FACE ( 'NONE', ( #3034 ), #888, .F. ) ;
#1784 = ORIENTED_EDGE ( 'NONE', *, *, #4541, .F. ) ;
#1785 = CARTESIAN_POINT ( 'NONE',  ( -11.76320327692562628, 49.72304779445453704, -4.800012294714003147 ) ) ;
#1786 = CARTESIAN_POINT ( 'NONE',  ( 1.416370136197057317, 64.08749999999999147, -8.800012294714003147 ) ) ;
#1787 = EDGE_CURVE ( 'NONE', #934, #2404, #4140, .T. ) ;
#1788 = EDGE_CURVE ( 'NONE', #362, #2276, #2672, .T. ) ;
#1789 = LINE ( 'NONE', #2524, #628 ) ;
#1790 = ORIENTED_EDGE ( 'NONE', *, *, #2239, .T. ) ;
#1791 = FACE_BOUND ( 'NONE', #4189, .T. ) ;
#1792 = CARTESIAN_POINT ( 'NONE',  ( 1.416370136197057317, 63.08749999999999147, -6.800012294714002259 ) ) ;
#1793 = SURFACE_SIDE_STYLE ('',( #338 ) ) ;
#1794 = ORIENTED_EDGE ( 'NONE', *, *, #3276, .F. ) ;
#1795 = CARTESIAN_POINT ( 'NONE',  ( -22.45320347451423260, 55.43599852503587755, -10.80001229471400492 ) ) ;
#1796 = CARTESIAN_POINT ( 'NONE',  ( 16.79999999999999716, -44.74283101375674931, -16.98531814000003948 ) ) ;
#1797 = VERTEX_POINT ( 'NONE', #1980 ) ;
#1798 = VERTEX_POINT ( 'NONE', #575 ) ;
#1799 = LINE ( 'NONE', #3284, #1220 ) ;
#1800 = CARTESIAN_POINT ( 'NONE',  ( -30.19999999999999929, -26.19999999999997087, -16.98531814000003948 ) ) ;
#1801 = ORIENTED_EDGE ( 'NONE', *, *, #1105, .T. ) ;
#1802 = CYLINDRICAL_SURFACE ( 'NONE', #2771, 2.999999999999999112 ) ;
#1803 = EDGE_CURVE ( 'NONE', #1183, #3533, #3443, .T. ) ;
#1804 = DIRECTION ( 'NONE',  ( 0.000000000000000000, 0.000000000000000000, 1.000000000000000000 ) ) ;
#1805 = FACE_OUTER_BOUND ( 'NONE', #1296, .T. ) ;
#1806 = DIRECTION ( 'NONE',  ( 0.000000000000000000, -0.000000000000000000, -1.000000000000000000 ) ) ;
#1807 = EDGE_CURVE ( 'NONE', #3503, #1058, #4551, .T. ) ;
#1808 = EDGE_CURVE ( 'NONE', #3463, #1062, #3176, .T. ) ;
#1809 = ORIENTED_EDGE ( 'NONE', *, *, #1727, .F. ) ;
#1810 = DIRECTION ( 'NONE',  ( 1.000000000000000000, 4.670426525301834586E-10, 0.000000000000000000 ) ) ;
#1811 = LINE ( 'NONE', #91, #849 ) ;
#1812 = DIRECTION ( 'NONE',  ( 0.000000000000000000, 0.000000000000000000, 1.000000000000000000 ) ) ;
#1813 = VERTEX_POINT ( 'NONE', #4645 ) ;
#1814 = CARTESIAN_POINT ( 'NONE',  ( 13.61637013619705705, 45.08750000000000568, -8.801247317919001389 ) ) ;
#1815 = DIRECTION ( 'NONE',  ( 0.000000000000000000, 1.000000000000000000, 2.394758726656990703E-17 ) ) ;
#1816 = VERTEX_POINT ( 'NONE', #4324 ) ;
#1817 = ORIENTED_EDGE ( 'NONE', *, *, #3590, .T. ) ;
#1818 = ORIENTED_EDGE ( 'NONE', *, *, #3156, .F. ) ;
#1819 = DIRECTION ( 'NONE',  ( 0.000000000000000000, 0.000000000000000000, -1.000000000000000000 ) ) ;
#1820 = DIRECTION ( 'NONE',  ( -0.9999999999999991118, -4.371138805551115592E-08, 9.714451360791880482E-17 ) ) ;
#1821 = CIRCLE ( 'NONE', #991, 2.399999999999999467 ) ;
#1822 = VERTEX_POINT ( 'NONE', #3943 ) ;
#1823 = FACE_OUTER_BOUND ( 'NONE', #4548, .T. ) ;
#1824 = VECTOR ( 'NONE', #3645, 1000.000000000000000 ) ;
#1825 = CYLINDRICAL_SURFACE ( 'NONE', #3457, 2.999999999999999112 ) ;
#1826 = EDGE_CURVE ( 'NONE', #2709, #934, #2773, .T. ) ;
#1827 = AXIS2_PLACEMENT_3D ( 'NONE', #4291, #273, #4654 ) ;
#1828 = CARTESIAN_POINT ( 'NONE',  ( 16.11637013619705527, 0.000000000000000000, -4.800012294714003147 ) ) ;
#1829 = LINE ( 'NONE', #2933, #2533 ) ;
#1830 = EDGE_LOOP ( 'NONE', ( #1044, #3808, #4683, #361 ) ) ;
#1831 = DIRECTION ( 'NONE',  ( 1.000000000000000000, 4.380839319655785124E-34, -9.714451465470118496E-17 ) ) ;
#1832 = VECTOR ( 'NONE', #2212, 1000.000000000000000 ) ;
#1833 = DIRECTION ( 'NONE',  ( -0.000000000000000000, 0.000000000000000000, 1.000000000000000000 ) ) ;
#1834 = LINE ( 'NONE', #3300, #330 ) ;
#1835 = EDGE_CURVE ( 'NONE', #2980, #1870, #961, .T. ) ;
#1836 = EDGE_CURVE ( 'NONE', #2120, #3532, #2056, .T. ) ;
#1837 = VECTOR ( 'NONE', #2741, 1000.000000000000000 ) ;
#1838 = ORIENTED_EDGE ( 'NONE', *, *, #1981, .T. ) ;
#1839 = CARTESIAN_POINT ( 'NONE',  ( 3.216370136197056251, 64.08749999999999147, -6.800012294714002259 ) ) ;
#1840 = CIRCLE ( 'NONE', #99, 3.000000000000000000 ) ;
#1841 = CARTESIAN_POINT ( 'NONE',  ( 1.916370136197056429, 45.58749999999978542, -8.800012294714003147 ) ) ;
#1842 = ORIENTED_EDGE ( 'NONE', *, *, #3330, .T. ) ;
#1843 = AXIS2_PLACEMENT_3D ( 'NONE', #3338, #2549, #1490 ) ;
#1844 = EDGE_CURVE ( 'NONE', #3350, #35, #2436, .T. ) ;
#1845 = CIRCLE ( 'NONE', #319, 2.999999999999999112 ) ;
#1846 = VECTOR ( 'NONE', #1673, 1000.000000000000000 ) ;
#1847 = ORIENTED_EDGE ( 'NONE', *, *, #4596, .F. ) ;
#1848 = PLANE ( 'NONE',  #3747 ) ;
#1849 = DIRECTION ( 'NONE',  ( 0.000000000000000000, 0.000000000000000000, 1.000000000000000000 ) ) ;
#1850 = CIRCLE ( 'NONE', #2386, 2.399999999999999467 ) ;
#1851 = VECTOR ( 'NONE', #764, 1000.000000000000114 ) ;
#1852 = ORIENTED_EDGE ( 'NONE', *, *, #610, .F. ) ;
#1853 = AXIS2_PLACEMENT_3D ( 'NONE', #2261, #4088, #1908 ) ;
#1854 = ORIENTED_EDGE ( 'NONE', *, *, #2863, .F. ) ;
#1855 = DIRECTION ( 'NONE',  ( 1.000000000000000000, 0.000000000000000000, 0.000000000000000000 ) ) ;
#1856 = FACE_BOUND ( 'NONE', #2794, .T. ) ;
#1857 = EDGE_LOOP ( 'NONE', ( #365, #1110, #1434, #2876 ) ) ;
#1858 = CARTESIAN_POINT ( 'NONE',  ( -18.19999999999998153, -44.74283101375676353, -16.98531814000003948 ) ) ;
#1859 = VERTEX_POINT ( 'NONE', #1361 ) ;
#1860 = CARTESIAN_POINT ( 'NONE',  ( -24.70320358342639011, 62.39599856371889786, -6.050012294714004035 ) ) ;
#1861 = LINE ( 'NONE', #740, #2983 ) ;
#1862 = DIRECTION ( 'NONE',  ( -1.000000000000000000, 0.000000000000000000, 0.000000000000000000 ) ) ;
#1863 = CYLINDRICAL_SURFACE ( 'NONE', #3305, 2.999999999999999112 ) ;
#1864 = CARTESIAN_POINT ( 'NONE',  ( 29.12867966410982845, -19.87867965644035095, -12.70335811969665407 ) ) ;
#1865 = EDGE_CURVE ( 'NONE', #4659, #2891, #2481, .T. ) ;
#1866 = CYLINDRICAL_SURFACE ( 'NONE', #2366, 2.399999999999999467 ) ;
#1867 = DIRECTION ( 'NONE',  ( 1.000000000000000000, 0.000000000000000000, 0.000000000000000000 ) ) ;
#1868 = ORIENTED_EDGE ( 'NONE', *, *, #2247, .F. ) ;
#1869 = CARTESIAN_POINT ( 'NONE',  ( 1.356318263278784917E-06, -41.37192703881077449, 13.28001984583019635 ) ) ;
#1870 = VERTEX_POINT ( 'NONE', #1046 ) ;
#1871 = EDGE_CURVE ( 'NONE', #1822, #1499, #1759, .T. ) ;
#1872 = EDGE_CURVE ( 'NONE', #1499, #1822, #312, .T. ) ;
#1873 = DIRECTION ( 'NONE',  ( 0.000000000000000000, 0.000000000000000000, -1.000000000000000000 ) ) ;
#1874 = DIRECTION ( 'NONE',  ( -0.000000000000000000, -0.000000000000000000, 1.000000000000000000 ) ) ;
#1875 = ORIENTED_EDGE ( 'NONE', *, *, #263, .F. ) ;
#1876 = VERTEX_POINT ( 'NONE', #596 ) ;
#1877 = LINE ( 'NONE', #2882, #75 ) ;
#1878 = DIRECTION ( 'NONE',  ( 0.000000000000000000, 0.000000000000000000, 1.000000000000000000 ) ) ;
#1879 = ORIENTED_EDGE ( 'NONE', *, *, #655, .T. ) ;
#1880 = FACE_OUTER_BOUND ( 'NONE', #2805, .T. ) ;
#1881 = ORIENTED_EDGE ( 'NONE', *, *, #213, .T. ) ;
#1882 = FACE_OUTER_BOUND ( 'NONE', #346, .T. ) ;
#1883 = CARTESIAN_POINT ( 'NONE',  ( -28.25000001908322034, 29.63474888772946159, -4.800012294714003147 ) ) ;
#1884 = DIRECTION ( 'NONE',  ( -0.000000000000000000, -0.000000000000000000, -1.000000000000000000 ) ) ;
#1885 = CARTESIAN_POINT ( 'NONE',  ( -24.00320283936201449, -2.862351374951391866E-07, -10.80001229471400492 ) ) ;
#1886 = CARTESIAN_POINT ( 'NONE',  ( 29.37132034264883629, -20.12132033497936590, -11.00000000000000000 ) ) ;
#1887 = DIRECTION ( 'NONE',  ( -1.000000000000000000, 0.000000000000000000, -0.000000000000000000 ) ) ;
#1888 = DIRECTION ( 'NONE',  ( 9.714451465470119729E-17, -2.394758726656991011E-17, 1.000000000000000000 ) ) ;
#1889 = EDGE_LOOP ( 'NONE', ( #172, #819, #69, #950 ) ) ;
#1890 = DIRECTION ( 'NONE',  ( -0.000000000000000000, -1.000000000000000000, -0.000000000000000000 ) ) ;
#1891 = EDGE_CURVE ( 'NONE', #4043, #4130, #3516, .T. ) ;
#1892 = VERTEX_POINT ( 'NONE', #233 ) ;
#1893 = CARTESIAN_POINT ( 'NONE',  ( 28.25000000766948460, 19.00000000000000000, -12.49999999999999822 ) ) ;
#1894 = DIRECTION ( 'NONE',  ( 9.714451465470119729E-17, -2.394758726656991011E-17, 1.000000000000000000 ) ) ;
#1895 = ADVANCED_FACE ( 'NONE', ( #2146 ), #304, .F. ) ;
#1896 = EDGE_CURVE ( 'NONE', #4295, #2891, #3066, .T. ) ;
#1897 = ORIENTED_EDGE ( 'NONE', *, *, #3718, .T. ) ;
#1898 = VERTEX_POINT ( 'NONE', #3610 ) ;
#1899 = FACE_OUTER_BOUND ( 'NONE', #837, .T. ) ;
#1900 = CARTESIAN_POINT ( 'NONE',  ( 1.416370136197057317, 46.08749999999979963, -6.800012294714002259 ) ) ;
#1901 = EDGE_CURVE ( 'NONE', #3856, #982, #4281, .T. ) ;
#1902 = CIRCLE ( 'NONE', #4584, 1.500000000000001332 ) ;
#1903 = VERTEX_POINT ( 'NONE', #2797 ) ;
#1904 = DIRECTION ( 'NONE',  ( -1.000000000000000000, 0.000000000000000000, 0.000000000000000000 ) ) ;
#1905 = VERTEX_POINT ( 'NONE', #1786 ) ;
#1906 = CARTESIAN_POINT ( 'NONE',  ( 16.11637013619705527, 45.58749999999999858, -8.800012294714003147 ) ) ;
#1907 = DIRECTION ( 'NONE',  ( 1.192488006488781328E-08, -0.9999999999999998890, 0.000000000000000000 ) ) ;
#1908 = DIRECTION ( 'NONE',  ( 0.000000000000000000, -1.000000000000000000, 0.000000000000000000 ) ) ;
#1909 = AXIS2_PLACEMENT_3D ( 'NONE', #3772, #492, #4428 ) ;
#1910 = DIRECTION ( 'NONE',  ( -1.000000000000000000, 0.000000000000000000, 0.000000000000000000 ) ) ;
#1911 = VECTOR ( 'NONE', #936, 1000.000000000000000 ) ;
#1912 = ORIENTED_EDGE ( 'NONE', *, *, #4089, .F. ) ;
#1913 = ORIENTED_EDGE ( 'NONE', *, *, #1788, .F. ) ;
#1914 = DIRECTION ( 'NONE',  ( 0.000000000000000000, -1.000000000000000000, 0.000000000000000000 ) ) ;
#1915 = FACE_OUTER_BOUND ( 'NONE', #968, .T. ) ;
#1916 = ORIENTED_EDGE ( 'NONE', *, *, #3456, .F. ) ;
#1917 = CARTESIAN_POINT ( 'NONE',  ( -18.19999999999998153, -44.74283101375676353, -16.98531814000003948 ) ) ;
#1918 = CIRCLE ( 'NONE', #1231, 2.399999999999999467 ) ;
#1919 = VERTEX_POINT ( 'NONE', #4624 ) ;
#1920 = AXIS2_PLACEMENT_3D ( 'NONE', #2052, #2736, #2410 ) ;
#1921 = CIRCLE ( 'NONE', #1691, 1.550000025915001967 ) ;
#1922 = FACE_OUTER_BOUND ( 'NONE', #1268, .T. ) ;
#1923 = DIRECTION ( 'NONE',  ( 9.714451465470119729E-17, -2.394758726656991011E-17, 1.000000000000000000 ) ) ;
#1924 = CIRCLE ( 'NONE', #4608, 1.000000000000000888 ) ;
#1925 = CIRCLE ( 'NONE', #1536, 4.000000000000000000 ) ;
#1926 = ORIENTED_EDGE ( 'NONE', *, *, #4187, .T. ) ;
#1927 = VERTEX_POINT ( 'NONE', #4261 ) ;
#1928 = AXIS2_PLACEMENT_3D ( 'NONE', #1057, #341, #2856 ) ;
#1929 = EDGE_CURVE ( 'NONE', #301, #3003, #3453, .T. ) ;
#1930 = CIRCLE ( 'NONE', #3385, 3.000000000000000000 ) ;
#1931 = CARTESIAN_POINT ( 'NONE',  ( 29.96837751173717379, 20.95906030939891096, -13.46442882797871476 ) ) ;
#1932 = CARTESIAN_POINT ( 'NONE',  ( 0.000000000000000000, 0.000000000000000000, -10.80001229471400492 ) ) ;
#1933 = VECTOR ( 'NONE', #92, 1000.000000000000000 ) ;
#1934 = VECTOR ( 'NONE', #1066, 1000.000000000000000 ) ;
#1935 = ORIENTED_EDGE ( 'NONE', *, *, #2459, .F. ) ;
#1936 = LINE ( 'NONE', #4168, #3073 ) ;
#1937 = VERTEX_POINT ( 'NONE', #1758 ) ;
#1938 = DIRECTION ( 'NONE',  ( -1.000000000000000000, 0.000000000000000000, -0.000000000000000000 ) ) ;
#1939 = EDGE_CURVE ( 'NONE', #3598, #4328, #2461, .T. ) ;
#1940 = EDGE_CURVE ( 'NONE', #2700, #322, #3198, .T. ) ;
#1941 = CARTESIAN_POINT ( 'NONE',  ( -26.43284812093930114, 30.19321696788128762, -0.7012473179190029660 ) ) ;
#1942 = CARTESIAN_POINT ( 'NONE',  ( -25.00231832797400600, 59.50231832796998788, 133.4883807175925483 ) ) ;
#1943 = CARTESIAN_POINT ( 'NONE',  ( 27.24999999674131246, 22.24264067619109042, 133.4883807175925483 ) ) ;
#1944 = ORIENTED_EDGE ( 'NONE', *, *, #2302, .F. ) ;
#1945 = LINE ( 'NONE', #3407, #4505 ) ;
#1946 = PLANE ( 'NONE',  #4426 ) ;
#1947 = CARTESIAN_POINT ( 'NONE',  ( 2.416370136197056429, 63.08749999999999147, -6.800012294714002259 ) ) ;
#1948 = ORIENTED_EDGE ( 'NONE', *, *, #4508, .F. ) ;
#1949 = ORIENTED_EDGE ( 'NONE', *, *, #2836, .F. ) ;
#1950 = CARTESIAN_POINT ( 'NONE',  ( 30.20000000000000284, 26.19999999999997087, -16.98531814000003948 ) ) ;
#1951 = DIRECTION ( 'NONE',  ( 1.000000000000000000, 0.000000000000000000, -0.000000000000000000 ) ) ;
#1952 = ORIENTED_EDGE ( 'NONE', *, *, #651, .T. ) ;
#1953 = ORIENTED_EDGE ( 'NONE', *, *, #2342, .F. ) ;
#1954 = CARTESIAN_POINT ( 'NONE',  ( 29.65628393613410552, 20.43955788723756584, -13.06781059711334869 ) ) ;
#1955 = CARTESIAN_POINT ( 'NONE',  ( -30.19999999999999929, 22.24264068711928743, -14.49999999999999822 ) ) ;
#1956 = ADVANCED_FACE ( 'NONE', ( #2171 ), #2566, .F. ) ;
#1957 = ORIENTED_EDGE ( 'NONE', *, *, #291, .F. ) ;
#1958 = CARTESIAN_POINT ( 'NONE',  ( -13.76320341596971275, 63.89599869417708788, -0.7012473179190001904 ) ) ;
#1959 = ORIENTED_EDGE ( 'NONE', *, *, #145, .T. ) ;
#1960 = FACE_OUTER_BOUND ( 'NONE', #2444, .T. ) ;
#1961 = CARTESIAN_POINT ( 'NONE',  ( -24.00320352678321356, 57.64599854615131136, -10.80001229471400492 ) ) ;
#1962 = EDGE_CURVE ( 'NONE', #3359, #1318, #852, .T. ) ;
#1963 = EDGE_CURVE ( 'NONE', #147, #561, #3977, .T. ) ;
#1964 = ORIENTED_EDGE ( 'NONE', *, *, #735, .F. ) ;
#1965 = CARTESIAN_POINT ( 'NONE',  ( 16.79999999999999716, -44.74283101375674931, -16.98531814000003948 ) ) ;
#1966 = CARTESIAN_POINT ( 'NONE',  ( -25.25000002790730846, 46.72304779445453704, 145.1871456943875671 ) ) ;
#1967 = DIRECTION ( 'NONE',  ( 1.000000000000000000, 1.192487792521975918E-08, 0.000000000000000000 ) ) ;
#1968 = ORIENTED_EDGE ( 'NONE', *, *, #4738, .T. ) ;
#1969 = ORIENTED_EDGE ( 'NONE', *, *, #3895, .T. ) ;
#1970 = CARTESIAN_POINT ( 'NONE',  ( -30.18237425369664351, 21.86764891613339046, -14.19381955378623594 ) ) ;
#1971 = CARTESIAN_POINT ( 'NONE',  ( 29.37132034030093308, 20.12132033263142716, -12.49999999999999822 ) ) ;
#1972 = EDGE_LOOP ( 'NONE', ( #574, #3245, #2829, #4485 ) ) ;
#1973 = ORIENTED_EDGE ( 'NONE', *, *, #3743, .T. ) ;
#1974 = CARTESIAN_POINT ( 'NONE',  ( -28.25000003450509922, 59.49999999997535838, -16.98531814000003948 ) ) ;
#1975 = DIRECTION ( 'NONE',  ( 1.000000000000000000, 1.820037745287141957E-14, 0.000000000000000000 ) ) ;
#1976 = EDGE_LOOP ( 'NONE', ( #211, #2790, #4488, #4353, #1206, #2596, #1177, #3366, #2629, #295, #3881, #4452 ) ) ;
#1977 = CARTESIAN_POINT ( 'NONE',  ( -15.80000000000001492, 72.19499999999997897, -3.201247317919003077 ) ) ;
#1978 = VECTOR ( 'NONE', #3762, 1000.000000000000114 ) ;
#1979 = ORIENTED_EDGE ( 'NONE', *, *, #3096, .F. ) ;
#1980 = CARTESIAN_POINT ( 'NONE',  ( 19.19999999999999574, -44.74283101375674931, -3.201247317919003077 ) ) ;
#1981 = EDGE_CURVE ( 'NONE', #2858, #2010, #781, .T. ) ;
#1982 = VECTOR ( 'NONE', #4395, 1000.000000000000000 ) ;
#1983 = CARTESIAN_POINT ( 'NONE',  ( -28.25000003450509922, 0.000000000000000000, -10.80001229471400492 ) ) ;
#1984 = EDGE_LOOP ( 'NONE', ( #646, #3878, #664, #1465 ) ) ;
#1985 = CARTESIAN_POINT ( 'NONE',  ( -30.19999999999999929, -26.19999999999997087, -16.98531814000003948 ) ) ;
#1986 = CIRCLE ( 'NONE', #1377, 1.500000000000001332 ) ;
#1987 = CARTESIAN_POINT ( 'NONE',  ( -28.19999999999999218, -18.99999999999998934, -12.49999999999999822 ) ) ;
#1988 = LINE ( 'NONE', #3426, #3228 ) ;
#1989 = EDGE_CURVE ( 'NONE', #3337, #4413, #1877, .T. ) ;
#1990 = ORIENTED_EDGE ( 'NONE', *, *, #2111, .T. ) ;
#1991 = EDGE_CURVE ( 'NONE', #2901, #3503, #3830, .T. ) ;
#1992 = VECTOR ( 'NONE', #1351, 1000.000000000000000 ) ;
#1993 = ORIENTED_EDGE ( 'NONE', *, *, #4410, .F. ) ;
#1994 = CARTESIAN_POINT ( 'NONE',  ( -29.32132034355964834, -20.12132034355964905, -12.84390800765196161 ) ) ;
#1995 = DIRECTION ( 'NONE',  ( 1.000000000000000000, 0.000000000000000000, 0.000000000000000000 ) ) ;
#1996 = EDGE_CURVE ( 'NONE', #4506, #329, #1999, .T. ) ;
#1997 = AXIS2_PLACEMENT_3D ( 'NONE', #2707, #217, #1221 ) ;
#1998 = ADVANCED_FACE ( 'NONE', ( #3650 ), #1825, .T. ) ;
#1999 = CIRCLE ( 'NONE', #2376, 2.499999999999998668 ) ;
#2000 = ORIENTED_EDGE ( 'NONE', *, *, #2863, .T. ) ;
#2001 = ORIENTED_EDGE ( 'NONE', *, *, #78, .T. ) ;
#2002 = CYLINDRICAL_SURFACE ( 'NONE', #1532, 1.500000000000001332 ) ;
#2003 = AXIS2_PLACEMENT_3D ( 'NONE', #132, #2031, #3052 ) ;
#2004 = CIRCLE ( 'NONE', #2527, 2.399999999999999467 ) ;
#2005 = CARTESIAN_POINT ( 'NONE',  ( 0.000000000000000000, 62.75000000361709596, -10.80001229471400492 ) ) ;
#2006 = EDGE_LOOP ( 'NONE', ( #2612, #2746, #4198, #3175 ) ) ;
#2007 = AXIS2_PLACEMENT_3D ( 'NONE', #4117, #841, #2292 ) ;
#2008 = LINE ( 'NONE', #2387, #863 ) ;
#2009 = AXIS2_PLACEMENT_3D ( 'NONE', #2739, #1264, #927 ) ;
#2010 = VERTEX_POINT ( 'NONE', #2950 ) ;
#2011 = LINE ( 'NONE', #2318, #3600 ) ;
#2012 = AXIS2_PLACEMENT_3D ( 'NONE', #4141, #866, #1712 ) ;
#2013 = AXIS2_PLACEMENT_3D ( 'NONE', #2498, #4389, #3581 ) ;
#2014 = DIRECTION ( 'NONE',  ( -0.000000000000000000, -0.000000000000000000, 1.000000000000000000 ) ) ;
#2015 = ORIENTED_EDGE ( 'NONE', *, *, #1803, .F. ) ;
#2016 =( GEOMETRIC_REPRESENTATION_CONTEXT ( 3 ) GLOBAL_UNCERTAINTY_ASSIGNED_CONTEXT ( ( #3813 ) ) GLOBAL_UNIT_ASSIGNED_CONTEXT ( ( #3217, #3627, #3286 ) ) REPRESENTATION_CONTEXT ( 'NONE', 'WORKASPACE' ) );
#2017 = DIRECTION ( 'NONE',  ( -1.000000000000000000, 0.000000000000000000, 0.000000000000000000 ) ) ;
#2018 = CARTESIAN_POINT ( 'NONE',  ( 12.61637013619705527, 46.08749999999998437, -6.800012294714002259 ) ) ;
#2019 = ORIENTED_EDGE ( 'NONE', *, *, #966, .F. ) ;
#2020 = EDGE_CURVE ( 'NONE', #3598, #1239, #2075, .T. ) ;
#2021 = ORIENTED_EDGE ( 'NONE', *, *, #1639, .F. ) ;
#2022 = DIRECTION ( 'NONE',  ( 1.000000000000000000, 0.000000000000000000, 0.000000000000000000 ) ) ;
#2023 = CARTESIAN_POINT ( 'NONE',  ( 28.87224542683476258, 19.59702809257931833, -12.59590773126626395 ) ) ;
#2024 = EDGE_CURVE ( 'NONE', #3606, #26, #3913, .T. ) ;
#2025 = EDGE_CURVE ( 'NONE', #1619, #2603, #3290, .T. ) ;
#2026 = ORIENTED_EDGE ( 'NONE', *, *, #269, .F. ) ;
#2027 = VERTEX_POINT ( 'NONE', #4409 ) ;
#2028 = DIRECTION ( 'NONE',  ( 0.000000000000000000, 0.000000000000000000, 1.000000000000000000 ) ) ;
#2029 = CARTESIAN_POINT ( 'NONE',  ( -13.76320330673782166, 54.73599862866310417, -7.550012294714003147 ) ) ;
#2030 = DIRECTION ( 'NONE',  ( -0.000000000000000000, -0.000000000000000000, 1.000000000000000000 ) ) ;
#2031 = DIRECTION ( 'NONE',  ( 0.000000000000000000, 0.000000000000000000, 1.000000000000000000 ) ) ;
#2032 = ORIENTED_EDGE ( 'NONE', *, *, #4713, .T. ) ;
#2033 = DIRECTION ( 'NONE',  ( 0.000000000000000000, 0.000000000000000000, 1.000000000000000000 ) ) ;
#2034 = EDGE_LOOP ( 'NONE', ( #801, #3576, #4129, #1416 ) ) ;
#2035 = FACE_OUTER_BOUND ( 'NONE', #441, .T. ) ;
#2036 = DIRECTION ( 'NONE',  ( 0.000000000000000000, 0.000000000000000000, -1.000000000000000000 ) ) ;
#2037 = EDGE_LOOP ( 'NONE', ( #742, #1587, #3585, #1468 ) ) ;
#2038 = CARTESIAN_POINT ( 'NONE',  ( 13.11637013619705527, 45.58749999999999858, -8.800012294714003147 ) ) ;
#2039 = DIRECTION ( 'NONE',  ( -1.192488125248452989E-08, 0.9999999999999998890, 0.000000000000000000 ) ) ;
#2040 = CARTESIAN_POINT ( 'NONE',  ( -11.26320330673782877, 54.73599864953164484, -6.050012294714004035 ) ) ;
#2041 = VERTEX_POINT ( 'NONE', #2522 ) ;
#2042 = CARTESIAN_POINT ( 'NONE',  ( -30.11243843643330820, -21.49908470115382997, -13.89491146018872314 ) ) ;
#2043 = CARTESIAN_POINT ( 'NONE',  ( -25.82892615774507661, -41.37192789732191045, -4.800012294714003147 ) ) ;
#2044 = EDGE_CURVE ( 'NONE', #2120, #3761, #4390, .T. ) ;
#2045 = ORIENTED_EDGE ( 'NONE', *, *, #4698, .T. ) ;
#2046 = ORIENTED_EDGE ( 'NONE', *, *, #23, .T. ) ;
#2047 = DIRECTION ( 'NONE',  ( -0.000000000000000000, -0.000000000000000000, 1.000000000000000000 ) ) ;
#2048 = LINE ( 'NONE', #278, #549 ) ;
#2049 = FACE_BOUND ( 'NONE', #3230, .T. ) ;
#2050 = EDGE_CURVE ( 'NONE', #1492, #1641, #4010, .T. ) ;
#2051 = EDGE_CURVE ( 'NONE', #1609, #4481, #4364, .T. ) ;
#2052 = CARTESIAN_POINT ( 'NONE',  ( -11.76320327692562628, 52.72304779445453704, -4.800012294714002259 ) ) ;
#2053 = ORIENTED_EDGE ( 'NONE', *, *, #3242, .F. ) ;
#2054 = CARTESIAN_POINT ( 'NONE',  ( -11.26320336827019553, 59.89599872398927261, -7.550012294714004923 ) ) ;
#2055 = ORIENTED_EDGE ( 'NONE', *, *, #1788, .T. ) ;
#2056 = LINE ( 'NONE', #2842, #1454 ) ;
#2057 = LINE ( 'NONE', #3445, #3912 ) ;
#2058 = EDGE_LOOP ( 'NONE', ( #3150, #4346, #2740, #2201 ) ) ;
#2059 = CARTESIAN_POINT ( 'NONE',  ( -29.32132034355963768, 20.12132034355963839, -11.00000000000000000 ) ) ;
#2060 = DIRECTION ( 'NONE',  ( 0.000000000000000000, 0.000000000000000000, 1.000000000000000000 ) ) ;
#2061 = DIRECTION ( 'NONE',  ( -1.000000000000000000, -1.192487951123138611E-08, 0.000000000000000000 ) ) ;
#2062 = CIRCLE ( 'NONE', #4201, 2.399999999999999467 ) ;
#2063 = CARTESIAN_POINT ( 'NONE',  ( -7.903178273314987926E-13, 42.58749999999974989, -8.800012294714003147 ) ) ;
#2064 = VECTOR ( 'NONE', #707, 1000.000000000000114 ) ;
#2065 = EDGE_LOOP ( 'NONE', ( #1474, #2136, #2581, #2971, #4176, #2069 ) ) ;
#2066 = CARTESIAN_POINT ( 'NONE',  ( 13.61637013619705705, 63.08749999999999147, -0.7012473179190029660 ) ) ;
#2067 = DIRECTION ( 'NONE',  ( -0.000000000000000000, -0.000000000000000000, 1.000000000000000000 ) ) ;
#2068 = AXIS2_PLACEMENT_3D ( 'NONE', #2265, #840, #1117 ) ;
#2069 = ORIENTED_EDGE ( 'NONE', *, *, #1344, .T. ) ;
#2070 = EDGE_LOOP ( 'NONE', ( #3358, #1182, #446, #133 ) ) ;
#2071 = AXIS2_PLACEMENT_3D ( 'NONE', #761, #4736, #19 ) ;
#2072 = LINE ( 'NONE', #115, #454 ) ;
#2073 = CARTESIAN_POINT ( 'NONE',  ( 19.19999999999998863, 72.19499999999997897, -3.201247317919003077 ) ) ;
#2074 = CARTESIAN_POINT ( 'NONE',  ( -13.68347756033250207, 49.42306307526322229, -0.7012473179190005235 ) ) ;
#2075 = CIRCLE ( 'NONE', #1237, 2.999999999999999112 ) ;
#2076 = ORIENTED_EDGE ( 'NONE', *, *, #1129, .F. ) ;
#2077 = DIRECTION ( 'NONE',  ( 1.000000000000000000, 0.000000000000000000, 0.000000000000000000 ) ) ;
#2078 = ADVANCED_FACE ( 'NONE', ( #1899 ), #3361, .F. ) ;
#2079 = ORIENTED_EDGE ( 'NONE', *, *, #4001, .F. ) ;
#2080 = CIRCLE ( 'NONE', #4363, 2.399999999999999467 ) ;
#2081 = DIRECTION ( 'NONE',  ( 1.000000000000000000, 0.000000000000000000, 0.000000000000000000 ) ) ;
#2082 = CARTESIAN_POINT ( 'NONE',  ( 1.416370136197057317, 64.08749999999999147, -6.800012294714002259 ) ) ;
#2083 = CIRCLE ( 'NONE', #3379, 1.500000000000001554 ) ;
#2084 = VECTOR ( 'NONE', #1148, 1000.000000000000000 ) ;
#2085 = EDGE_CURVE ( 'NONE', #874, #3959, #54, .T. ) ;
#2086 = EDGE_CURVE ( 'NONE', #468, #4728, #2231, .T. ) ;
#2087 = ORIENTED_EDGE ( 'NONE', *, *, #4098, .T. ) ;
#2088 = DIRECTION ( 'NONE',  ( -9.714451465470119729E-17, 2.394758726656991011E-17, -1.000000000000000000 ) ) ;
#2089 = DIRECTION ( 'NONE',  ( -0.000000000000000000, -0.000000000000000000, -1.000000000000000000 ) ) ;
#2090 = AXIS2_PLACEMENT_3D ( 'NONE', #1671, #1292, #938 ) ;
#2091 = CARTESIAN_POINT ( 'NONE',  ( 27.00009115032320040, -42.74999998338324758, -16.98531814000003948 ) ) ;
#2092 = VECTOR ( 'NONE', #2030, 1000.000000000000000 ) ;
#2093 = DIRECTION ( 'NONE',  ( -0.9999999999999998890, -1.192487951123138445E-08, 0.000000000000000000 ) ) ;
#2094 = VERTEX_POINT ( 'NONE', #4730 ) ;
#2095 = DIRECTION ( 'NONE',  ( -1.000000000000000000, 9.130123557772670799E-17, 8.440309610817462814E-49 ) ) ;
#2096 = CARTESIAN_POINT ( 'NONE',  ( 29.12867966410985687, 19.87867965644035806, -12.70335812072289805 ) ) ;
#2097 = VERTEX_POINT ( 'NONE', #1445 ) ;
#2098 = ORIENTED_EDGE ( 'NONE', *, *, #2835, .T. ) ;
#2099 = DIRECTION ( 'NONE',  ( -0.000000000000000000, -0.000000000000000000, 1.000000000000000000 ) ) ;
#2100 = DIRECTION ( 'NONE',  ( -0.000000000000000000, -0.000000000000000000, 1.000000000000000000 ) ) ;
#2101 = DIRECTION ( 'NONE',  ( 1.331641851542744351E-16, 1.000000000000000000, 0.000000000000000000 ) ) ;
#2102 = EDGE_LOOP ( 'NONE', ( #3452, #3721 ) ) ;
#2103 = DIRECTION ( 'NONE',  ( 0.000000000000000000, 0.000000000000000000, 1.000000000000000000 ) ) ;
#2104 = DIRECTION ( 'NONE',  ( 0.000000000000000000, -0.000000000000000000, 1.000000000000000000 ) ) ;
#2105 = EDGE_CURVE ( 'NONE', #4725, #453, #419, .T. ) ;
#2106 = LINE ( 'NONE', #2188, #1236 ) ;
#2107 = ORIENTED_EDGE ( 'NONE', *, *, #328, .T. ) ;
#2108 = DIRECTION ( 'NONE',  ( 1.000000000000000000, 0.000000000000000000, -9.714451465470119729E-17 ) ) ;
#2109 = DIRECTION ( 'NONE',  ( 0.000000000000000000, -0.000000000000000000, -1.000000000000000000 ) ) ;
#2110 = EDGE_CURVE ( 'NONE', #4725, #3823, #2333, .T. ) ;
#2111 = EDGE_CURVE ( 'NONE', #759, #899, #857, .T. ) ;
#2112 = VERTEX_POINT ( 'NONE', #924 ) ;
#2113 = CARTESIAN_POINT ( 'NONE',  ( 1.416370136197056429, 45.08749999999977831, -8.801247317919001389 ) ) ;
#2114 = DIRECTION ( 'NONE',  ( 0.000000000000000000, 1.000000000000000000, 2.394758726656990703E-17 ) ) ;
#2115 = EDGE_LOOP ( 'NONE', ( #1537, #2830, #4008, #3675, #4169, #3771, #112, #4045 ) ) ;
#2116 = EDGE_LOOP ( 'NONE', ( #3929, #3117, #3984, #652 ) ) ;
#2117 = DIRECTION ( 'NONE',  ( 1.000000000000000000, 0.000000000000000000, 0.000000000000000000 ) ) ;
#2118 = CARTESIAN_POINT ( 'NONE',  ( 29.65629099742480435, -20.43956671827531224, -13.06781701846801269 ) ) ;
#2119 = CARTESIAN_POINT ( 'NONE',  ( 20.49999999999998579, 74.97499999999998010, -16.98531814000003948 ) ) ;
#2120 = VERTEX_POINT ( 'NONE', #4466 ) ;
#2121 = DIRECTION ( 'NONE',  ( 0.9999999999999998890, 1.192487770234731521E-08, 0.000000000000000000 ) ) ;
#2122 = DIRECTION ( 'NONE',  ( 0.000000000000000000, 0.000000000000000000, 1.000000000000000000 ) ) ;
#2123 = DIRECTION ( 'NONE',  ( 1.000000000000000000, 0.000000000000000000, 0.000000000000000000 ) ) ;
#2124 = VERTEX_POINT ( 'NONE', #1184 ) ;
#2125 = DIRECTION ( 'NONE',  ( 0.000000000000000000, 0.000000000000000000, 1.000000000000000000 ) ) ;
#2126 = ADVANCED_FACE ( 'NONE', ( #3437 ), #538, .F. ) ;
#2127 = DIRECTION ( 'NONE',  ( -1.000000000000000000, 1.331641851542744598E-16, 0.000000000000000000 ) ) ;
#2128 = FACE_OUTER_BOUND ( 'NONE', #3714, .T. ) ;
#2129 = VERTEX_POINT ( 'NONE', #2665 ) ;
#2130 = ADVANCED_FACE ( 'NONE', ( #2642 ), #4105, .F. ) ;
#2131 = VECTOR ( 'NONE', #689, 1000.000000000000000 ) ;
#2132 = ADVANCED_FACE ( 'NONE', ( #469 ), #2309, .F. ) ;
#2133 = DIRECTION ( 'NONE',  ( 1.000000000000000000, 0.000000000000000000, 0.000000000000000000 ) ) ;
#2134 = CARTESIAN_POINT ( 'NONE',  ( -25.00000000000258282, -42.75000000766950592, 133.4883807175925483 ) ) ;
#2135 = AXIS2_PLACEMENT_3D ( 'NONE', #4274, #832, #1656 ) ;
#2136 = ORIENTED_EDGE ( 'NONE', *, *, #552, .F. ) ;
#2137 = ORIENTED_EDGE ( 'NONE', *, *, #4451, .F. ) ;
#2138 = EDGE_CURVE ( 'NONE', #3700, #4626, #1461, .T. ) ;
#2139 = EDGE_CURVE ( 'NONE', #4438, #3332, #1613, .T. ) ;
#2140 = LINE ( 'NONE', #1022, #2969 ) ;
#2141 = CIRCLE ( 'NONE', #459, 14.00000000000000000 ) ;
#2142 = CARTESIAN_POINT ( 'NONE',  ( 26.99890579710099914, -39.49890579710100980, -16.98531814000003948 ) ) ;
#2143 = AXIS2_PLACEMENT_3D ( 'NONE', #2153, #4287, #3931 ) ;
#2144 = ORIENTED_EDGE ( 'NONE', *, *, #3247, .F. ) ;
#2145 = LINE ( 'NONE', #2881, #4154 ) ;
#2146 = FACE_OUTER_BOUND ( 'NONE', #2065, .T. ) ;
#2147 = VECTOR ( 'NONE', #3564, 1000.000000000000000 ) ;
#2148 = CARTESIAN_POINT ( 'NONE',  ( 30.24999999447350874, 59.49994886994362275, -4.800012294714003147 ) ) ;
#2149 = VECTOR ( 'NONE', #395, 1000.000000000000000 ) ;
#2150 = AXIS2_PLACEMENT_3D ( 'NONE', #3486, #4275, #680 ) ;
#2151 = ORIENTED_EDGE ( 'NONE', *, *, #3783, .F. ) ;
#2152 = LINE ( 'NONE', #3179, #3433 ) ;
#2153 = CARTESIAN_POINT ( 'NONE',  ( 16.79999999999999005, 72.19499999999997897, -16.98531814000003948 ) ) ;
#2154 = CARTESIAN_POINT ( 'NONE',  ( -4.083629868255462370, 62.74999995627790383, -8.800012294713999594 ) ) ;
#2155 = VECTOR ( 'NONE', #4493, 1000.000000000000000 ) ;
#2156 = ORIENTED_EDGE ( 'NONE', *, *, #4127, .T. ) ;
#2157 = VECTOR ( 'NONE', #2243, 1000.000000000000000 ) ;
#2158 = AXIS2_PLACEMENT_3D ( 'NONE', #2480, #1384, #1443 ) ;
#2159 = LINE ( 'NONE', #1397, #228 ) ;
#2160 = CARTESIAN_POINT ( 'NONE',  ( 28.25000000766948816, -17.75735931288073033, -12.49999999999999822 ) ) ;
#2161 = VECTOR ( 'NONE', #2599, 1000.000000000000000 ) ;
#2162 = EDGE_CURVE ( 'NONE', #4302, #705, #3253, .T. ) ;
#2163 = ORIENTED_EDGE ( 'NONE', *, *, #3632, .T. ) ;
#2164 = ORIENTED_EDGE ( 'NONE', *, *, #3163, .T. ) ;
#2165 = CARTESIAN_POINT ( 'NONE',  ( 1.416370136197056429, 64.08749999999999147, -8.801247317919001389 ) ) ;
#2166 = CARTESIAN_POINT ( 'NONE',  ( -30.20000000000000284, -21.00000000000001066, -12.49999999999999822 ) ) ;
#2167 = EDGE_CURVE ( 'NONE', #2359, #2709, #1565, .T. ) ;
#2168 = EDGE_CURVE ( 'NONE', #1919, #2094, #1208, .T. ) ;
#2169 = ORIENTED_EDGE ( 'NONE', *, *, #2460, .F. ) ;
#2170 = DIRECTION ( 'NONE',  ( 0.000000000000000000, 0.000000000000000000, -1.000000000000000000 ) ) ;
#2171 = FACE_OUTER_BOUND ( 'NONE', #440, .T. ) ;
#2172 = DIRECTION ( 'NONE',  ( 0.000000000000000000, 0.000000000000000000, 1.000000000000000000 ) ) ;
#2173 = CARTESIAN_POINT ( 'NONE',  ( -28.25000001908322034, 29.63474888772946159, -16.98531814000003948 ) ) ;
#2174 = ORIENTED_EDGE ( 'NONE', *, *, #3324, .F. ) ;
#2175 = FACE_BOUND ( 'NONE', #4263, .T. ) ;
#2176 = CYLINDRICAL_SURFACE ( 'NONE', #2288, 1.500000000000001554 ) ;
#2177 = CARTESIAN_POINT ( 'NONE',  ( 20.49999999999999289, -33.52500000000002700, 133.4883807175925483 ) ) ;
#2178 = LINE ( 'NONE', #3971, #920 ) ;
#2179 = CARTESIAN_POINT ( 'NONE',  ( -13.76320336827019375, 59.89599869417707367, -7.550012294714003147 ) ) ;
#2180 = ORIENTED_EDGE ( 'NONE', *, *, #263, .T. ) ;
#2181 = ORIENTED_EDGE ( 'NONE', *, *, #4657, .F. ) ;
#2182 = DIRECTION ( 'NONE',  ( 0.9999999999999998890, 1.192487775192319243E-08, 0.000000000000000000 ) ) ;
#2183 = ORIENTED_EDGE ( 'NONE', *, *, #3951, .F. ) ;
#2184 = DIRECTION ( 'NONE',  ( -1.000000000000000000, 0.000000000000000000, 0.000000000000000000 ) ) ;
#2185 = ADVANCED_FACE ( 'NONE', ( #1279 ), #4515, .F. ) ;
#2186 = EDGE_CURVE ( 'NONE', #2640, #878, #881, .T. ) ;
#2187 = CARTESIAN_POINT ( 'NONE',  ( 16.79999999999999716, -44.74283101375674931, -16.98531814000003948 ) ) ;
#2188 = CARTESIAN_POINT ( 'NONE',  ( 26.19999999999997442, -30.19999999999999929, -16.98531814000003948 ) ) ;
#2189 = LINE ( 'NONE', #4373, #3229 ) ;
#2190 = ORIENTED_EDGE ( 'NONE', *, *, #2361, .T. ) ;
#2191 = CARTESIAN_POINT ( 'NONE',  ( -28.24999998338323337, -39.50009115032321461, -16.98531814000003948 ) ) ;
#2192 = CARTESIAN_POINT ( 'NONE',  ( -28.50807307585882455, 19.09625052849366256, -12.52238017583895413 ) ) ;
#2193 = DIRECTION ( 'NONE',  ( -6.842277657835984391E-49, -9.244463733058732095E-33, 1.000000000000000000 ) ) ;
#2194 = FACE_OUTER_BOUND ( 'NONE', #537, .T. ) ;
#2195 = LINE ( 'NONE', #4743, #3608 ) ;
#2196 = ORIENTED_EDGE ( 'NONE', *, *, #111, .T. ) ;
#2197 = ORIENTED_EDGE ( 'NONE', *, *, #590, .F. ) ;
#2198 = DIRECTION ( 'NONE',  ( 1.192487266848206123E-08, -0.9999999999999998890, 0.000000000000000000 ) ) ;
#2199 = SHAPE_DEFINITION_REPRESENTATION ( #3071, #1574 ) ;
#2200 = CLOSED_SHELL ( 'NONE', ( #4483, #3277, #3310, #1747, #2478, #369, #4533, #2692, #3684, #2745, #1956, #4563, #1603, #1513, #3490, #3806, #3711, #4305, #2215, #2185, #1225, #3363, #3458, #2947, #2636, #2541, #4651, #2484, #2078, #3101, #751, #1163, #4597, #3449, #3043, #3129, #1783, #2406, #3944, #1199, #1278, #2626, #4385, #1193, #1462, #1053, #4475, #29, #470, #496, #1741, #377, #348, #4278, #1484, #3978, #1721, #4697, #4035, #3547, #4165, #4350, #859, #4635, #562, #4213, #822, #1686, #1284, #3405, #672, #2787, #3162, #1432, #1547, #410, #2505, #3574, #3356, #4250, #4188, #886, #2967, #844, #971, #2130, #1325, #1657, #120, #4326, #2883, #2627, #3717, #1895, #1404, #1104, #2432, #3548, #4379, #4068, #1324, #2721, #3016, #1998, #119, #2925, #4540, #2924, #46, #1694, #2828, #2843, #1453, #2866, #3124, #1283, #3649, #530, #327, #1138, #270, #2737, #3777, #502, #1408, #2126, #4636, #2370, #1232, #584, #2595, #4055, #851, #4357, #3927, #1256, #143, #2132, #1032, #3900, #181, #1349, #3007, #90, #4120 ) ) ;
#2201 = ORIENTED_EDGE ( 'NONE', *, *, #3632, .F. ) ;
#2202 = ORIENTED_EDGE ( 'NONE', *, *, #2401, .F. ) ;
#2203 = AXIS2_PLACEMENT_3D ( 'NONE', #3011, #3872, #4255 ) ;
#2204 = DIRECTION ( 'NONE',  ( -0.000000000000000000, -0.000000000000000000, 1.000000000000000000 ) ) ;
#2205 = VECTOR ( 'NONE', #1652, 1000.000000000000000 ) ;
#2206 = CARTESIAN_POINT ( 'NONE',  ( -26.43284812093930114, 49.72304779445453704, -0.7012473179189978589 ) ) ;
#2207 = EDGE_CURVE ( 'NONE', #4637, #3293, #2988, .T. ) ;
#2208 = ORIENTED_EDGE ( 'NONE', *, *, #3393, .T. ) ;
#2209 = CARTESIAN_POINT ( 'NONE',  ( -26.72892611731203871, -40.47192797955396770, 13.28001984583019635 ) ) ;
#2210 = ORIENTED_EDGE ( 'NONE', *, *, #552, .T. ) ;
#2211 = FACE_OUTER_BOUND ( 'NONE', #1778, .T. ) ;
#2212 = DIRECTION ( 'NONE',  ( -0.000000000000000000, -0.000000000000000000, -1.000000000000000000 ) ) ;
#2213 = CARTESIAN_POINT ( 'NONE',  ( -35.90000000000000568, 3.493675022841859690E-15, -0.7012473179190126249 ) ) ;
#2214 = DIRECTION ( 'NONE',  ( 0.000000000000000000, -1.000000000000000000, 0.000000000000000000 ) ) ;
#2215 = ADVANCED_FACE ( 'NONE', ( #3820 ), #2002, .F. ) ;
#2216 = EDGE_CURVE ( 'NONE', #47, #1927, #4222, .T. ) ;
#2217 = CARTESIAN_POINT ( 'NONE',  ( 28.86880666945169693, -19.59257045685530230, -12.59481010290931735 ) ) ;
#2218 = DIRECTION ( 'NONE',  ( 1.000000000000000000, 0.000000000000000000, 0.000000000000000000 ) ) ;
#2219 = CIRCLE ( 'NONE', #2840, 13.99999999999999467 ) ;
#2220 = CARTESIAN_POINT ( 'NONE',  ( -16.01320335948379991, 56.98599862774710800, -16.98531814000003948 ) ) ;
#2221 = VERTEX_POINT ( 'NONE', #2073 ) ;
#2222 = VECTOR ( 'NONE', #588, 1000.000000000000000 ) ;
#2223 = VECTOR ( 'NONE', #4166, 1000.000000000000114 ) ;
#2224 = ORIENTED_EDGE ( 'NONE', *, *, #1172, .F. ) ;
#2225 = FACE_OUTER_BOUND ( 'NONE', #2253, .T. ) ;
#2226 = CARTESIAN_POINT ( 'NONE',  ( -24.00320351891279458, 56.98599853246730618, -16.98531814000003948 ) ) ;
#2227 = AXIS2_PLACEMENT_3D ( 'NONE', #3730, #4476, #3323 ) ;
#2228 = VERTEX_POINT ( 'NONE', #2763 ) ;
#2229 = AXIS2_PLACEMENT_3D ( 'NONE', #4235, #4641, #2793 ) ;
#2230 = VERTEX_POINT ( 'NONE', #3146 ) ;
#2231 = LINE ( 'NONE', #3701, #317 ) ;
#2232 = DIRECTION ( 'NONE',  ( 1.000000000000000000, -0.000000000000000000, 0.000000000000000000 ) ) ;
#2233 = ORIENTED_EDGE ( 'NONE', *, *, #4501, .T. ) ;
#2234 = CARTESIAN_POINT ( 'NONE',  ( 26.99999999999953104, 62.75000000241139020, -8.800012294713999594 ) ) ;
#2235 = ORIENTED_EDGE ( 'NONE', *, *, #563, .T. ) ;
#2236 = LINE ( 'NONE', #2981, #2742 ) ;
#2237 = CARTESIAN_POINT ( 'NONE',  ( 30.24999999999999289, -39.50000000000000711, -16.98531814000003948 ) ) ;
#2238 = CARTESIAN_POINT ( 'NONE',  ( -28.19999999999998863, 18.99999999999999645, -11.00000000000000000 ) ) ;
#2239 = EDGE_CURVE ( 'NONE', #3554, #1263, #3760, .T. ) ;
#2240 = FACE_OUTER_BOUND ( 'NONE', #978, .T. ) ;
#2241 = CARTESIAN_POINT ( 'NONE',  ( -26.72892616388181963, -30.16487542214900230, -2.201247317919003521 ) ) ;
#2242 = FACE_OUTER_BOUND ( 'NONE', #3272, .T. ) ;
#2243 = DIRECTION ( 'NONE',  ( -5.163817441357017744E-10, 1.000000000000000000, 0.000000000000000000 ) ) ;
#2244 = EDGE_CURVE ( 'NONE', #17, #874, #1921, .T. ) ;
#2245 = ORIENTED_EDGE ( 'NONE', *, *, #206, .F. ) ;
#2246 = LINE ( 'NONE', #4482, #81 ) ;
#2247 = EDGE_CURVE ( 'NONE', #1650, #2700, #1658, .T. ) ;
#2248 = VERTEX_POINT ( 'NONE', #1304 ) ;
#2249 = DIRECTION ( 'NONE',  ( 0.9999999999999998890, 1.192488004752120264E-08, 0.000000000000000000 ) ) ;
#2250 = CARTESIAN_POINT ( 'NONE',  ( -13.76320339808239268, 62.39599869417708078, -2.201247317918999968 ) ) ;
#2251 = EDGE_CURVE ( 'NONE', #3023, #1126, #1335, .T. ) ;
#2252 = ORIENTED_EDGE ( 'NONE', *, *, #1512, .F. ) ;
#2253 = EDGE_LOOP ( 'NONE', ( #4567, #1777, #1116, #417 ) ) ;
#2254 = DIRECTION ( 'NONE',  ( -0.000000000000000000, -0.000000000000000000, 1.000000000000000000 ) ) ;
#2255 = CARTESIAN_POINT ( 'NONE',  ( -26.19999999999999929, 26.19999999999999929, -4.800012294714003147 ) ) ;
#2256 = EDGE_LOOP ( 'NONE', ( #229, #3665, #3178, #4531 ) ) ;
#2257 = DIRECTION ( 'NONE',  ( 0.000000000000000000, 1.000000000000000000, 0.000000000000000000 ) ) ;
#2258 = ORIENTED_EDGE ( 'NONE', *, *, #2425, .F. ) ;
#2259 = FACE_BOUND ( 'NONE', #1631, .T. ) ;
#2260 = CARTESIAN_POINT ( 'NONE',  ( 18.30000000000000426, -44.74283101375674931, -3.201247317919002633 ) ) ;
#2261 = CARTESIAN_POINT ( 'NONE',  ( -31.19999999999999218, -17.75735931288070546, -12.49999999999999822 ) ) ;
#2262 = DIRECTION ( 'NONE',  ( -1.000000000000000000, 0.000000000000000000, 0.000000000000000000 ) ) ;
#2263 = ORIENTED_EDGE ( 'NONE', *, *, #3633, .T. ) ;
#2264 = DIRECTION ( 'NONE',  ( 0.000000000000000000, -1.000000000000000000, 0.000000000000000000 ) ) ;
#2265 = CARTESIAN_POINT ( 'NONE',  ( 2.416370136197056429, 63.08749999999999147, -0.7012473179190021888 ) ) ;
#2266 = DIRECTION ( 'NONE',  ( 1.000000000000000000, 0.000000000000000000, -1.084202172485504434E-16 ) ) ;
#2267 = ORIENTED_EDGE ( 'NONE', *, *, #1202, .T. ) ;
#2268 = FACE_OUTER_BOUND ( 'NONE', #2314, .T. ) ;
#2269 = EDGE_CURVE ( 'NONE', #3532, #1675, #976, .T. ) ;
#2270 = ORIENTED_EDGE ( 'NONE', *, *, #1487, .T. ) ;
#2271 = CARTESIAN_POINT ( 'NONE',  ( -25.82892615774507661, -41.37192788557447898, 13.28001984583019635 ) ) ;
#2272 = CARTESIAN_POINT ( 'NONE',  ( 26.20000000000000284, 26.19999999999999929, -4.800012294714003147 ) ) ;
#2273 = EDGE_CURVE ( 'NONE', #1253, #4060, #1405, .T. ) ;
#2274 = EDGE_CURVE ( 'NONE', #3109, #4302, #204, .T. ) ;
#2275 = ORIENTED_EDGE ( 'NONE', *, *, #3951, .T. ) ;
#2276 = VERTEX_POINT ( 'NONE', #3958 ) ;
#2277 = AXIS2_PLACEMENT_3D ( 'NONE', #3110, #1669, #4527 ) ;
#2278 = DIRECTION ( 'NONE',  ( 5.163819860439229035E-10, -1.000000000000000000, 0.000000000000000000 ) ) ;
#2279 = CARTESIAN_POINT ( 'NONE',  ( 1.416370136197057317, 62.75000001795966398, -8.800012294714003147 ) ) ;
#2280 = VECTOR ( 'NONE', #3298, 1000.000000000000000 ) ;
#2281 = ORIENTED_EDGE ( 'NONE', *, *, #2808, .F. ) ;
#2282 = LINE ( 'NONE', #1517, #1079 ) ;
#2283 = ORIENTED_EDGE ( 'NONE', *, *, #3837, .F. ) ;
#2284 = CARTESIAN_POINT ( 'NONE',  ( -35.90000000000000568, 60.97499999999998721, -16.98531814000003948 ) ) ;
#2285 = LINE ( 'NONE', #2238, #3002 ) ;
#2286 = CIRCLE ( 'NONE', #4286, 3.247682551242192517 ) ;
#2287 = CARTESIAN_POINT ( 'NONE',  ( 1.416370136197056429, 64.08749999999999147, -8.801247317919001389 ) ) ;
#2288 = AXIS2_PLACEMENT_3D ( 'NONE', #1139, #3707, #3371 ) ;
#2289 = ORIENTED_EDGE ( 'NONE', *, *, #997, .T. ) ;
#2290 = CARTESIAN_POINT ( 'NONE',  ( 31.25000000766948460, -17.75735931288073033, -12.49999999999999822 ) ) ;
#2291 = CYLINDRICAL_SURFACE ( 'NONE', #4131, 4.000000000000000000 ) ;
#2292 = DIRECTION ( 'NONE',  ( 0.000000000000000000, 0.000000000000000000, -1.000000000000000000 ) ) ;
#2293 = ORIENTED_EDGE ( 'NONE', *, *, #4596, .T. ) ;
#2294 = LINE ( 'NONE', #708, #244 ) ;
#2295 = VECTOR ( 'NONE', #3155, 1000.000000000000000 ) ;
#2296 = EDGE_LOOP ( 'NONE', ( #1093, #4386, #4237, #1006 ) ) ;
#2297 = CIRCLE ( 'NONE', #3141, 1.500000000000001554 ) ;
#2298 = VECTOR ( 'NONE', #1201, 1000.000000000000000 ) ;
#2299 = DIRECTION ( 'NONE',  ( -0.000000000000000000, -0.000000000000000000, -1.000000000000000000 ) ) ;
#2300 = PRODUCT ( '\X2\540e76d6\X0\', '\X2\540e76d6\X0\', '', ( #1440 ) ) ;
#2301 = DIRECTION ( 'NONE',  ( -0.000000000000000000, -0.000000000000000000, 1.000000000000000000 ) ) ;
#2302 = EDGE_CURVE ( 'NONE', #2572, #3414, #2048, .T. ) ;
#2303 = CIRCLE ( 'NONE', #2605, 14.00000000000000000 ) ;
#2304 = AXIS2_PLACEMENT_3D ( 'NONE', #85, #1211, #3009 ) ;
#2305 = VERTEX_POINT ( 'NONE', #643 ) ;
#2306 = EDGE_LOOP ( 'NONE', ( #3614, #144, #53, #2349 ) ) ;
#2307 = AXIS2_PLACEMENT_3D ( 'NONE', #3091, #3499, #4556 ) ;
#2308 = AXIS2_PLACEMENT_3D ( 'NONE', #302, #2457, #2184 ) ;
#2309 = CYLINDRICAL_SURFACE ( 'NONE', #3678, 1.000000000000000000 ) ;
#2310 = EDGE_CURVE ( 'NONE', #1919, #3427, #2004, .T. ) ;
#2311 = EDGE_CURVE ( 'NONE', #1059, #362, #2429, .T. ) ;
#2312 = PLANE ( 'NONE',  #3604 ) ;
#2313 = CIRCLE ( 'NONE', #790, 1.000000000000000888 ) ;
#2314 = EDGE_LOOP ( 'NONE', ( #2854, #4471, #1107, #2543 ) ) ;
#2315 = PLANE ( 'NONE',  #3846 ) ;
#2316 = ORIENTED_EDGE ( 'NONE', *, *, #1, .T. ) ;
#2317 = LINE ( 'NONE', #952, #763 ) ;
#2318 = CARTESIAN_POINT ( 'NONE',  ( -30.19999999999999929, 22.24264068711928743, -12.49999999999999822 ) ) ;
#2319 = DIRECTION ( 'NONE',  ( 1.000000000000000000, -0.000000000000000000, 0.000000000000000000 ) ) ;
#2320 = CARTESIAN_POINT ( 'NONE',  ( -15.80000000000001492, 72.19499999999997897, -0.7012473179190029660 ) ) ;
#2321 = ORIENTED_EDGE ( 'NONE', *, *, #712, .F. ) ;
#2322 = CARTESIAN_POINT ( 'NONE',  ( 20.49999999999998579, 74.97499999999998010, -0.7012473179190126249 ) ) ;
#2323 = DIRECTION ( 'NONE',  ( -0.7071067811865414665, 0.7071067811865536790, 0.000000000000000000 ) ) ;
#2324 = DIRECTION ( 'NONE',  ( 0.000000000000000000, 0.000000000000000000, 1.000000000000000000 ) ) ;
#2325 = VERTEX_POINT ( 'NONE', #612 ) ;
#2326 = B_SPLINE_CURVE_WITH_KNOTS ( 'NONE', 3,
 ( #4016, #2625, #62, #741, #4447, #2192, #3729, #1192, #3372, #2649 ),
 .UNSPECIFIED., .F., .F.,
 ( 4, 2, 2, 2, 4 ),
 ( 0.000000000000000000, 0.0005903747946297810932, 0.001180749589259562186, 0.001771124383889343280, 0.002361499178519124373 ),
 .UNSPECIFIED. ) ;
#2327 = ORIENTED_EDGE ( 'NONE', *, *, #4656, .T. ) ;
#2328 = CARTESIAN_POINT ( 'NONE',  ( -20.59999999999998010, -44.74283101375676353, -3.201247317919003077 ) ) ;
#2329 = CARTESIAN_POINT ( 'NONE',  ( 16.79999999999999716, -44.74283101375674931, -16.98531814000003948 ) ) ;
#2330 = ORIENTED_EDGE ( 'NONE', *, *, #345, .F. ) ;
#2331 = ORIENTED_EDGE ( 'NONE', *, *, #3807, .T. ) ;
#2332 = EDGE_CURVE ( 'NONE', #2772, #4659, #3535, .T. ) ;
#2333 = LINE ( 'NONE', #156, #4604 ) ;
#2334 = CARTESIAN_POINT ( 'NONE',  ( -12.03355894091131795, 30.19999999999999929, -4.800012294714003147 ) ) ;
#2335 = VERTEX_POINT ( 'NONE', #3194 ) ;
#2336 = DIRECTION ( 'NONE',  ( 1.000000000000000000, 1.734723475976807094E-15, -1.084202172485504434E-16 ) ) ;
#2337 = EDGE_CURVE ( 'NONE', #1798, #2124, #298, .T. ) ;
#2338 = EDGE_CURVE ( 'NONE', #2909, #1563, #226, .T. ) ;
#2339 = EDGE_LOOP ( 'NONE', ( #2021, #2542 ) ) ;
#2340 = DIRECTION ( 'NONE',  ( -0.000000000000000000, 0.000000000000000000, -1.000000000000000000 ) ) ;
#2341 = CARTESIAN_POINT ( 'NONE',  ( 16.79999999999999716, -44.74283101375674931, -3.201247317919003077 ) ) ;
#2342 = EDGE_CURVE ( 'NONE', #1332, #3915, #1155, .T. ) ;
#2343 = EDGE_CURVE ( 'NONE', #2010, #805, #471, .T. ) ;
#2344 = ORIENTED_EDGE ( 'NONE', *, *, #880, .T. ) ;
#2345 = DIRECTION ( 'NONE',  ( -1.000000000000000000, 0.000000000000000000, 0.000000000000000000 ) ) ;
#2346 = CARTESIAN_POINT ( 'NONE',  ( -26.72892609381716156, -40.47192797955396770, -4.800012294714003147 ) ) ;
#2347 = PLANE ( 'NONE',  #2468 ) ;
#2348 = VERTEX_POINT ( 'NONE', #4298 ) ;
#2349 = ORIENTED_EDGE ( 'NONE', *, *, #3219, .F. ) ;
#2350 = CARTESIAN_POINT ( 'NONE',  ( -29.47630236045362295, 20.27630236045362011, -12.94884450226221340 ) ) ;
#2351 = PLANE ( 'NONE',  #4225 ) ;
#2352 = EDGE_LOOP ( 'NONE', ( #3030, #2493, #272, #2183 ) ) ;
#2353 = EDGE_LOOP ( 'NONE', ( #3318, #2694, #566, #3543, #2564, #2622, #2670, #2235, #259, #879, #1817, #890, #1530, #1223, #4253, #556 ) ) ;
#2354 = DIRECTION ( 'NONE',  ( 1.000000000000000000, 0.000000000000000000, 0.000000000000000000 ) ) ;
#2355 = DIRECTION ( 'NONE',  ( -1.000000000000000000, 0.000000000000000000, 0.000000000000000000 ) ) ;
#2356 = VERTEX_POINT ( 'NONE', #1024 ) ;
#2357 = DIRECTION ( 'NONE',  ( -0.000000000000000000, -0.000000000000000000, -1.000000000000000000 ) ) ;
#2358 = VECTOR ( 'NONE', #4264, 1000.000000000000000 ) ;
#2359 = VERTEX_POINT ( 'NONE', #2476 ) ;
#2360 = CARTESIAN_POINT ( 'NONE',  ( -24.70320344438229654, 50.73599849820489283, -2.201247317918999080 ) ) ;
#2361 = EDGE_CURVE ( 'NONE', #1870, #3109, #806, .T. ) ;
#2362 = AXIS2_PLACEMENT_3D ( 'NONE', #4319, #3577, #2832 ) ;
#2363 = DIRECTION ( 'NONE',  ( 0.000000000000000000, 1.000000000000000000, 0.000000000000000000 ) ) ;
#2364 = ORIENTED_EDGE ( 'NONE', *, *, #949, .F. ) ;
#2365 = DIRECTION ( 'NONE',  ( 6.842277657836143917E-49, -9.244463733058733463E-33, 1.000000000000000000 ) ) ;
#2366 = AXIS2_PLACEMENT_3D ( 'NONE', #1525, #1456, #67 ) ;
#2367 = CARTESIAN_POINT ( 'NONE',  ( 1.416370136197056429, 45.08749999999977831, -8.801247317919001389 ) ) ;
#2368 = DIRECTION ( 'NONE',  ( -0.000000000000000000, -0.000000000000000000, -1.000000000000000000 ) ) ;
#2369 = EDGE_LOOP ( 'NONE', ( #3065, #1509, #745, #3076 ) ) ;
#2370 = ADVANCED_FACE ( 'NONE', ( #1178 ), #2634, .F. ) ;
#2371 = EDGE_CURVE ( 'NONE', #536, #2305, #4459, .T. ) ;
#2372 = CIRCLE ( 'NONE', #1997, 4.000000000000000000 ) ;
#2373 = ORIENTED_EDGE ( 'NONE', *, *, #4716, .T. ) ;
#2374 = DIRECTION ( 'NONE',  ( 9.714451465470119729E-17, -2.394758726656991011E-17, 1.000000000000000000 ) ) ;
#2375 = DIRECTION ( 'NONE',  ( 1.000000000000000000, 0.000000000000000000, -1.084202172485503448E-16 ) ) ;
#2376 = AXIS2_PLACEMENT_3D ( 'NONE', #4435, #350, #1160 ) ;
#2377 = AXIS2_PLACEMENT_3D ( 'NONE', #2865, #649, #2123 ) ;
#2378 = AXIS2_PLACEMENT_3D ( 'NONE', #3466, #3099, #3748 ) ;
#2379 = ORIENTED_EDGE ( 'NONE', *, *, #4026, .F. ) ;
#2380 = ORIENTED_EDGE ( 'NONE', *, *, #4277, .T. ) ;
#2381 = DIRECTION ( 'NONE',  ( -0.000000000000000000, -0.000000000000000000, 1.000000000000000000 ) ) ;
#2382 = CIRCLE ( 'NONE', #84, 1.000000000000000888 ) ;
#2383 = VECTOR ( 'NONE', #4710, 1000.000000000000000 ) ;
#2384 = CARTESIAN_POINT ( 'NONE',  ( -29.24379622432158499, -20.04379622432158570, -12.79141734142096354 ) ) ;
#2385 = ORIENTED_EDGE ( 'NONE', *, *, #28, .F. ) ;
#2386 = AXIS2_PLACEMENT_3D ( 'NONE', #2472, #1725, #2509 ) ;
#2387 = CARTESIAN_POINT ( 'NONE',  ( 12.61637013619707304, 45.08749999999998437, -6.800012294714002259 ) ) ;
#2388 = VECTOR ( 'NONE', #16, 1000.000000000000000 ) ;
#2389 = ORIENTED_EDGE ( 'NONE', *, *, #1635, .T. ) ;
#2390 = CARTESIAN_POINT ( 'NONE',  ( -26.43284812093930114, 36.83822922263945543, -4.800012294714003147 ) ) ;
#2391 = AXIS2_PLACEMENT_3D ( 'NONE', #1594, #3059, #1498 ) ;
#2392 = DIRECTION ( 'NONE',  ( 1.000000000000000000, 0.000000000000000000, 0.000000000000000000 ) ) ;
#2393 = ORIENTED_EDGE ( 'NONE', *, *, #1478, .T. ) ;
#2394 = CARTESIAN_POINT ( 'NONE',  ( 30.24999999477492807, 59.49994886994356591, -16.98531814000003948 ) ) ;
#2395 = EDGE_CURVE ( 'NONE', #4215, #903, #3841, .T. ) ;
#2396 = FACE_OUTER_BOUND ( 'NONE', #3240, .T. ) ;
#2397 = CARTESIAN_POINT ( 'NONE',  ( -11.76320327692562628, 52.72304779445453704, -10.80001229471400492 ) ) ;
#2398 = ORIENTED_EDGE ( 'NONE', *, *, #413, .T. ) ;
#2399 = ORIENTED_EDGE ( 'NONE', *, *, #1202, .F. ) ;
#2400 = EDGE_CURVE ( 'NONE', #1040, #1927, #2246, .T. ) ;
#2401 = EDGE_CURVE ( 'NONE', #1876, #1516, #4097, .T. ) ;
#2402 = LINE ( 'NONE', #2711, #4668 ) ;
#2403 = CARTESIAN_POINT ( 'NONE',  ( -11.76320327692562628, 49.72304779445453704, -10.80001229471400492 ) ) ;
#2404 = VERTEX_POINT ( 'NONE', #2657 ) ;
#2405 = VERTEX_POINT ( 'NONE', #799 ) ;
#2406 = ADVANCED_FACE ( 'NONE', ( #3329 ), #3351, .T. ) ;
#2407 = DIRECTION ( 'NONE',  ( -1.000000000000000000, 3.273063162220391312E-16, 0.000000000000000000 ) ) ;
#2408 = CARTESIAN_POINT ( 'NONE',  ( -16.01320336735421890, 57.64599864143110608, -7.550012294714003147 ) ) ;
#2409 = CARTESIAN_POINT ( 'NONE',  ( -8.763203276925633389, 1.166944823713069778E-15, -10.80001229471400492 ) ) ;
#2410 = DIRECTION ( 'NONE',  ( -1.000000000000000000, 0.000000000000000000, 0.000000000000000000 ) ) ;
#2411 = ORIENTED_EDGE ( 'NONE', *, *, #3737, .T. ) ;
#2412 = CARTESIAN_POINT ( 'NONE',  ( -27.20320349208182265, 54.73599846839270100, -2.201247317918996416 ) ) ;
#2413 = ORIENTED_EDGE ( 'NONE', *, *, #4443, .F. ) ;
#2414 = DIRECTION ( 'NONE',  ( 1.000000000000000000, 0.000000000000000000, 0.000000000000000000 ) ) ;
#2415 = DIRECTION ( 'NONE',  ( 0.000000000000000000, 0.000000000000000000, 1.000000000000000000 ) ) ;
#2416 = ORIENTED_EDGE ( 'NONE', *, *, #793, .T. ) ;
#2417 = CARTESIAN_POINT ( 'NONE',  ( 29.21278312808867383, 19.96278312041917147, -12.74449041570011865 ) ) ;
#2418 = DIRECTION ( 'NONE',  ( 0.7071067811865492381, -0.7071067811865457964, 0.000000000000000000 ) ) ;
#2419 = CARTESIAN_POINT ( 'NONE',  ( 13.61637013619705705, 62.74999998254776301, 133.4883807175925483 ) ) ;
#2420 = DIRECTION ( 'NONE',  ( 1.000000000000000000, 0.000000000000000000, -9.714451465470119729E-17 ) ) ;
#2421 = EDGE_LOOP ( 'NONE', ( #2586, #2435, #659, #4489, #154, #2556 ) ) ;
#2422 =( BOUNDED_CURVE ( )  B_SPLINE_CURVE ( 3, ( #955, #2384, #3102, #1280 ),
 .UNSPECIFIED., .F., .F. ) 
 B_SPLINE_CURVE_WITH_KNOTS ( ( 4, 4 ),
 ( 4.117206130748233051, 4.257525334403046813 ),
 .UNSPECIFIED. ) 
 CURVE ( )  GEOMETRIC_REPRESENTATION_ITEM ( )  RATIONAL_B_SPLINE_CURVE ( ( 1.000000000000000000, 0.9983598830279316605, 0.9983598830279316605, 1.000000000000000000 ) ) 
 REPRESENTATION_ITEM ( '' )  );
#2423 = DIRECTION ( 'NONE',  ( -0.7071067811865414665, 0.7071067811865536790, -0.000000000000000000 ) ) ;
#2424 = CARTESIAN_POINT ( 'NONE',  ( -13.76320329481293925, 53.73599862866310417, -6.050012294714004035 ) ) ;
#2425 = EDGE_CURVE ( 'NONE', #4506, #1717, #2294, .T. ) ;
#2426 = ORIENTED_EDGE ( 'NONE', *, *, #78, .F. ) ;
#2427 = EDGE_LOOP ( 'NONE', ( #4408, #1784, #289, #4444 ) ) ;
#2428 = PLANE ( 'NONE',  #2824 ) ;
#2429 = LINE ( 'NONE', #2860, #390 ) ;
#2430 = FACE_BOUND ( 'NONE', #4197, .T. ) ;
#2431 = EDGE_CURVE ( 'NONE', #4359, #246, #700, .T. ) ;
#2432 = ADVANCED_FACE ( 'NONE', ( #2268 ), #324, .F. ) ;
#2433 = ORIENTED_EDGE ( 'NONE', *, *, #206, .T. ) ;
#2434 = CARTESIAN_POINT ( 'NONE',  ( -24.70320346226962016, 52.23599849820489283, -2.201247317918999968 ) ) ;
#2435 = ORIENTED_EDGE ( 'NONE', *, *, #3254, .T. ) ;
#2436 = LINE ( 'NONE', #3899, #1005 ) ;
#2437 = CARTESIAN_POINT ( 'NONE',  ( -26.43284812093930114, 0.000000000000000000, -4.800012294713996042 ) ) ;
#2438 = ORIENTED_EDGE ( 'NONE', *, *, #1996, .T. ) ;
#2439 = DIRECTION ( 'NONE',  ( -9.714451465470119729E-17, 2.394758726656991011E-17, -1.000000000000000000 ) ) ;
#2440 = CARTESIAN_POINT ( 'NONE',  ( 27.24999999674131246, 22.24264067619109042, -11.00000000000001066 ) ) ;
#2441 = FILL_AREA_STYLE_COLOUR ( '', #2774 ) ;
#2442 = VECTOR ( 'NONE', #3448, 1000.000000000000000 ) ;
#2443 = CARTESIAN_POINT ( 'NONE',  ( -26.19999999999999929, 26.19999999999999929, -0.7012473179190029660 ) ) ;
#2444 = EDGE_LOOP ( 'NONE', ( #3054, #3251, #4469, #1289 ) ) ;
#2445 = LINE ( 'NONE', #1814, #1992 ) ;
#2446 = CARTESIAN_POINT ( 'NONE',  ( -28.25000001908322034, 29.63474888772946159, -16.98531814000003948 ) ) ;
#2447 = AXIS2_PLACEMENT_3D ( 'NONE', #4422, #4399, #2604 ) ;
#2448 = ORIENTED_EDGE ( 'NONE', *, *, #2653, .T. ) ;
#2449 = ORIENTED_EDGE ( 'NONE', *, *, #4739, .T. ) ;
#2450 = AXIS2_PLACEMENT_3D ( 'NONE', #1648, #1320, #1291 ) ;
#2451 = DIRECTION ( 'NONE',  ( -0.000000000000000000, -0.000000000000000000, -1.000000000000000000 ) ) ;
#2452 = EDGE_CURVE ( 'NONE', #3606, #196, #2963, .T. ) ;
#2453 = DIRECTION ( 'NONE',  ( 1.000000000000000000, 0.000000000000000000, 0.000000000000000000 ) ) ;
#2454 = CARTESIAN_POINT ( 'NONE',  ( -14.46320334143921826, 57.64599865991467453, -16.98531814000003948 ) ) ;
#2455 = AXIS2_PLACEMENT_3D ( 'NONE', #3494, #546, #4496 ) ;
#2456 = EDGE_LOOP ( 'NONE', ( #4543, #1482, #1875, #2233 ) ) ;
#2457 = DIRECTION ( 'NONE',  ( 0.000000000000000000, 0.000000000000000000, -1.000000000000000000 ) ) ;
#2458 = AXIS2_PLACEMENT_3D ( 'NONE', #3829, #4241, #2392 ) ;
#2459 = EDGE_CURVE ( 'NONE', #4460, #2041, #3736, .T. ) ;
#2460 = EDGE_CURVE ( 'NONE', #3477, #695, #4368, .T. ) ;
#2461 = LINE ( 'NONE', #648, #2904 ) ;
#2462 = DIRECTION ( 'NONE',  ( -0.000000000000000000, -0.000000000000000000, 1.000000000000000000 ) ) ;
#2463 = CIRCLE ( 'NONE', #701, 3.249999999999999556 ) ;
#2464 = AXIS2_PLACEMENT_3D ( 'NONE', #2063, #3525, #4289 ) ;
#2465 = ORIENTED_EDGE ( 'NONE', *, *, #1782, .F. ) ;
#2466 = CARTESIAN_POINT ( 'NONE',  ( -24.70320356553907004, 60.89599856371889786, -7.550012294714003147 ) ) ;
#2467 = DIRECTION ( 'NONE',  ( -1.000000000000000000, 0.000000000000000000, 0.000000000000000000 ) ) ;
#2468 = AXIS2_PLACEMENT_3D ( 'NONE', #3451, #2781, #3552 ) ;
#2469 = AXIS2_PLACEMENT_3D ( 'NONE', #2548, #4665, #3942 ) ;
#2470 = EDGE_LOOP ( 'NONE', ( #2485, #4664, #668, #2990 ) ) ;
#2471 = CARTESIAN_POINT ( 'NONE',  ( 30.20000000000000284, 26.19999999999997087, -0.7012473179190029660 ) ) ;
#2472 = CARTESIAN_POINT ( 'NONE',  ( 16.79999999999999716, -44.74283101375674931, -0.7012473179190029660 ) ) ;
#2473 = VERTEX_POINT ( 'NONE', #433 ) ;
#2474 = ORIENTED_EDGE ( 'NONE', *, *, #1582, .T. ) ;
#2475 = CARTESIAN_POINT ( 'NONE',  ( -28.19999999999999218, -18.99999999999998934, -11.00000000000000000 ) ) ;
#2476 = CARTESIAN_POINT ( 'NONE',  ( -8.763203276925626284, 59.74999995378512807, -10.80001229471400492 ) ) ;
#2477 = LINE ( 'NONE', #4299, #3465 ) ;
#2478 = ADVANCED_FACE ( 'NONE', ( #4339 ), #3987, .T. ) ;
#2479 = EDGE_LOOP ( 'NONE', ( #2393, #1472 ) ) ;
#2480 = CARTESIAN_POINT ( 'NONE',  ( 27.24999999908917658, -22.24264067853899007, -12.49999999999999822 ) ) ;
#2481 = LINE ( 'NONE', #282, #386 ) ;
#2482 = FACE_OUTER_BOUND ( 'NONE', #3871, .T. ) ;
#2483 = EDGE_CURVE ( 'NONE', #4562, #688, #4075, .T. ) ;
#2484 = ADVANCED_FACE ( 'NONE', ( #245 ), #1367, .F. ) ;
#2485 = ORIENTED_EDGE ( 'NONE', *, *, #3041, .F. ) ;
#2486 = DIRECTION ( 'NONE',  ( 1.000000000000000000, 0.000000000000000000, -0.000000000000000000 ) ) ;
#2487 = CARTESIAN_POINT ( 'NONE',  ( 11.81637013619705989, 64.08749999999999147, -8.800012294714003147 ) ) ;
#2488 = DIRECTION ( 'NONE',  ( -9.130123557772670799E-17, 1.000000000000000000, 0.000000000000000000 ) ) ;
#2489 = EDGE_CURVE ( 'NONE', #4208, #3008, #4606, .T. ) ;
#2490 = ORIENTED_EDGE ( 'NONE', *, *, #2568, .T. ) ;
#2491 = CYLINDRICAL_SURFACE ( 'NONE', #1827, 14.00000000000000000 ) ;
#2492 = CARTESIAN_POINT ( 'NONE',  ( -22.45320351935178493, 59.19599859054986979, -7.550012294714003147 ) ) ;
#2493 = ORIENTED_EDGE ( 'NONE', *, *, #435, .F. ) ;
#2494 = ORIENTED_EDGE ( 'NONE', *, *, #4689, .F. ) ;
#2495 = DIRECTION ( 'NONE',  ( 1.192487770234732844E-08, -0.9999999999999998890, 0.000000000000000000 ) ) ;
#2496 = CARTESIAN_POINT ( 'NONE',  ( -24.99980665666219792, 62.74999990798213645, -4.800012294714003147 ) ) ;
#2497 = ORIENTED_EDGE ( 'NONE', *, *, #2563, .T. ) ;
#2498 = CARTESIAN_POINT ( 'NONE',  ( -22.45320349299780105, 56.98599855095087463, -16.98531814000003948 ) ) ;
#2499 = CARTESIAN_POINT ( 'NONE',  ( -18.20000000000001350, 72.19499999999997897, -16.98531814000003948 ) ) ;
#2500 = CARTESIAN_POINT ( 'NONE',  ( -35.90000000000000568, -33.52500000000001279, -0.7012473179190126249 ) ) ;
#2501 = ORIENTED_EDGE ( 'NONE', *, *, #1981, .F. ) ;
#2502 = CARTESIAN_POINT ( 'NONE',  ( -14.46320265401771898, -1.724719260568757283E-07, -10.80001229471400492 ) ) ;
#2503 = CARTESIAN_POINT ( 'NONE',  ( -24.70320360131371018, 63.89599856371889786, -2.201247317918998636 ) ) ;
#2504 = CARTESIAN_POINT ( 'NONE',  ( -13.76320329481293925, 53.73599862866310417, -7.550012294714003147 ) ) ;
#2505 = ADVANCED_FACE ( 'NONE', ( #2823 ), #1473, .F. ) ;
#2506 = ORIENTED_EDGE ( 'NONE', *, *, #3976, .T. ) ;
#2507 = VECTOR ( 'NONE', #1718, 1000.000000000000000 ) ;
#2508 = CARTESIAN_POINT ( 'NONE',  ( 30.24999999674130891, 22.24264067634942421, -11.00000000000000000 ) ) ;
#2509 = DIRECTION ( 'NONE',  ( 1.000000000000000000, 0.000000000000000000, 0.000000000000000000 ) ) ;
#2510 = EDGE_CURVE ( 'NONE', #2228, #107, #719, .T. ) ;
#2511 = EDGE_CURVE ( 'NONE', #2640, #1733, #3382, .T. ) ;
#2512 = CIRCLE ( 'NONE', #3127, 1.499999999999999778 ) ;
#2513 = ORIENTED_EDGE ( 'NONE', *, *, #702, .T. ) ;
#2514 = ORIENTED_EDGE ( 'NONE', *, *, #3569, .T. ) ;
#2515 = DIRECTION ( 'NONE',  ( 1.000000000000000000, 0.000000000000000000, 0.000000000000000000 ) ) ;
#2516 = VECTOR ( 'NONE', #4633, 1000.000000000000000 ) ;
#2517 = DIRECTION ( 'NONE',  ( 1.820037745287141957E-14, -1.000000000000000000, 0.000000000000000000 ) ) ;
#2518 = CARTESIAN_POINT ( 'NONE',  ( -1.417225713293482466E-14, 74.97499999999998010, -0.7012473179190126249 ) ) ;
#2519 = AXIS2_PLACEMENT_3D ( 'NONE', #2367, #2017, #2060 ) ;
#2520 = ORIENTED_EDGE ( 'NONE', *, *, #2659, .F. ) ;
#2521 = CYLINDRICAL_SURFACE ( 'NONE', #4695, 2.999999999999999112 ) ;
#2522 = CARTESIAN_POINT ( 'NONE',  ( -4.083629868255462370, 62.74999994669241943, -4.800012294714003147 ) ) ;
#2523 = VECTOR ( 'NONE', #1214, 1000.000000000000000 ) ;
#2524 = CARTESIAN_POINT ( 'NONE',  ( 26.19999999999997442, 30.19999999999999929, -4.800012294714003147 ) ) ;
#2525 = AXIS2_PLACEMENT_3D ( 'NONE', #3509, #3489, #3875 ) ;
#2526 = CARTESIAN_POINT ( 'NONE',  ( 1.916370136197112162, 42.58749999999978542, -8.800012294714003147 ) ) ;
#2527 = AXIS2_PLACEMENT_3D ( 'NONE', #3119, #3507, #3917 ) ;
#2528 = ORIENTED_EDGE ( 'NONE', *, *, #4441, .F. ) ;
#2529 = CARTESIAN_POINT ( 'NONE',  ( -22.45320347451423260, 55.43599852503587755, -7.550012294714003147 ) ) ;
#2530 = PLANE ( 'NONE',  #4212 ) ;
#2531 = DIRECTION ( 'NONE',  ( -0.000000000000000000, -0.000000000000000000, -1.000000000000000000 ) ) ;
#2532 = CIRCLE ( 'NONE', #3148, 0.8999999999999980238 ) ;
#2533 = VECTOR ( 'NONE', #756, 1000.000000000000000 ) ;
#2534 = EDGE_CURVE ( 'NONE', #2858, #2772, #2611, .T. ) ;
#2535 = FACE_OUTER_BOUND ( 'NONE', #1756, .T. ) ;
#2536 = AXIS2_PLACEMENT_3D ( 'NONE', #2632, #4094, #1198 ) ;
#2537 = AXIS2_PLACEMENT_3D ( 'NONE', #2743, #547, #576 ) ;
#2538 = DIRECTION ( 'NONE',  ( -9.130123557772670799E-17, 1.000000000000000000, -0.000000000000000000 ) ) ;
#2539 = FACE_OUTER_BOUND ( 'NONE', #607, .T. ) ;
#2540 = EDGE_CURVE ( 'NONE', #3293, #4637, #86, .T. ) ;
#2541 = ADVANCED_FACE ( 'NONE', ( #1328 ), #3137, .F. ) ;
#2542 = ORIENTED_EDGE ( 'NONE', *, *, #1350, .F. ) ;
#2543 = ORIENTED_EDGE ( 'NONE', *, *, #1581, .T. ) ;
#2544 = LINE ( 'NONE', #3241, #1824 ) ;
#2545 = CARTESIAN_POINT ( 'NONE',  ( 26.19999999999997442, -30.19999999999999929, -4.800012294714002259 ) ) ;
#2546 = EDGE_CURVE ( 'NONE', #1563, #561, #4247, .T. ) ;
#2547 = VERTEX_POINT ( 'NONE', #2804 ) ;
#2548 = CARTESIAN_POINT ( 'NONE',  ( -24.99890579710099203, -39.49890579710100980, -4.800012294714003147 ) ) ;
#2549 = DIRECTION ( 'NONE',  ( -0.000000000000000000, -0.000000000000000000, -1.000000000000000000 ) ) ;
#2550 = PLANE ( 'NONE',  #3530 ) ;
#2551 = DIRECTION ( 'NONE',  ( 1.000000000000000000, 0.000000000000000000, 0.000000000000000000 ) ) ;
#2552 = ORIENTED_EDGE ( 'NONE', *, *, #3844, .F. ) ;
#2553 = LINE ( 'NONE', #4735, #611 ) ;
#2554 = CARTESIAN_POINT ( 'NONE',  ( 20.49999999999998579, 74.97499999999998010, 133.4883807175925483 ) ) ;
#2555 = DIRECTION ( 'NONE',  ( 0.000000000000000000, 0.000000000000000000, 1.000000000000000000 ) ) ;
#2556 = ORIENTED_EDGE ( 'NONE', *, *, #4332, .T. ) ;
#2557 = FACE_OUTER_BOUND ( 'NONE', #436, .T. ) ;
#2558 = CARTESIAN_POINT ( 'NONE',  ( 0.000000000000000000, 42.72339333194054234, -4.800012294713996042 ) ) ;
#2559 = ORIENTED_EDGE ( 'NONE', *, *, #2511, .T. ) ;
#2560 = ORIENTED_EDGE ( 'NONE', *, *, #3488, .T. ) ;
#2561 = DIRECTION ( 'NONE',  ( -0.000000000000000000, -0.000000000000000000, 1.000000000000000000 ) ) ;
#2562 = CARTESIAN_POINT ( 'NONE',  ( -28.24999998847751570, -29.63474890599621148, -16.98531814000003948 ) ) ;
#2563 = EDGE_CURVE ( 'NONE', #196, #1258, #2189, .T. ) ;
#2564 = ORIENTED_EDGE ( 'NONE', *, *, #2690, .T. ) ;
#2565 = VERTEX_POINT ( 'NONE', #3907 ) ;
#2566 = CYLINDRICAL_SURFACE ( 'NONE', #2757, 1.500000000000008216 ) ;
#2567 = EDGE_CURVE ( 'NONE', #982, #2228, #4267, .T. ) ;
#2568 = EDGE_CURVE ( 'NONE', #4741, #4562, #1925, .T. ) ;
#2569 = CARTESIAN_POINT ( 'NONE',  ( 31.25000000766948460, 17.75735931288069480, -11.00000000000000000 ) ) ;
#2570 = ORIENTED_EDGE ( 'NONE', *, *, #145, .F. ) ;
#2571 = DIRECTION ( 'NONE',  ( 1.000000000000000000, 0.000000000000000000, 0.000000000000000000 ) ) ;
#2572 = VERTEX_POINT ( 'NONE', #371 ) ;
#2573 = DIRECTION ( 'NONE',  ( 0.000000000000000000, 0.000000000000000000, 1.000000000000000000 ) ) ;
#2574 = DIRECTION ( 'NONE',  ( -0.000000000000000000, 0.000000000000000000, 1.000000000000000000 ) ) ;
#2575 = CARTESIAN_POINT ( 'NONE',  ( -28.19999999999998863, 17.75735931288070191, -12.49999999999999822 ) ) ;
#2576 = CARTESIAN_POINT ( 'NONE',  ( 28.40562575664330325, -18.73133845650808382, -12.50458780886745203 ) ) ;
#2577 = PLANE ( 'NONE',  #463 ) ;
#2578 = CARTESIAN_POINT ( 'NONE',  ( 3.216370136197054919, 45.08749999999981384, -8.800012294714003147 ) ) ;
#2579 = ORIENTED_EDGE ( 'NONE', *, *, #1101, .T. ) ;
#2580 = AXIS2_PLACEMENT_3D ( 'NONE', #4173, #891, #2345 ) ;
#2581 = ORIENTED_EDGE ( 'NONE', *, *, #990, .T. ) ;
#2582 = DIRECTION ( 'NONE',  ( 0.000000000000000000, 0.000000000000000000, 1.000000000000000000 ) ) ;
#2583 = CARTESIAN_POINT ( 'NONE',  ( 16.79999999999999716, -44.74283101375674931, -3.201247317919003077 ) ) ;
#2584 = VECTOR ( 'NONE', #2812, 1000.000000000000000 ) ;
#2585 = ORIENTED_EDGE ( 'NONE', *, *, #4507, .F. ) ;
#2586 = ORIENTED_EDGE ( 'NONE', *, *, #2510, .F. ) ;
#2587 = EDGE_CURVE ( 'NONE', #2027, #4427, #1829, .T. ) ;
#2588 = VECTOR ( 'NONE', #3045, 1000.000000000000000 ) ;
#2589 = DIRECTION ( 'NONE',  ( 1.000000000000000000, 0.000000000000000000, 0.000000000000000000 ) ) ;
#2590 = VECTOR ( 'NONE', #2423, 1000.000000000000000 ) ;
#2591 = CARTESIAN_POINT ( 'NONE',  ( 0.000000000000000000, 0.000000000000000000, -11.00000000000000000 ) ) ;
#2592 = ORIENTED_EDGE ( 'NONE', *, *, #3180, .T. ) ;
#2593 = LINE ( 'NONE', #4058, #4151 ) ;
#2594 = EDGE_CURVE ( 'NONE', #3342, #1332, #602, .T. ) ;
#2595 = ADVANCED_FACE ( 'NONE', ( #3183 ), #4652, .F. ) ;
#2596 = ORIENTED_EDGE ( 'NONE', *, *, #734, .F. ) ;
#2597 = FACE_OUTER_BOUND ( 'NONE', #76, .T. ) ;
#2598 = CARTESIAN_POINT ( 'NONE',  ( -25.82892615774507661, -41.37192790906935613, -2.201247317919003521 ) ) ;
#2599 = DIRECTION ( 'NONE',  ( 0.000000000000000000, -1.000000000000000000, 0.000000000000000000 ) ) ;
#2600 = DIRECTION ( 'NONE',  ( 0.000000000000000000, 0.000000000000000000, -1.000000000000000000 ) ) ;
#2601 = CIRCLE ( 'NONE', #3619, 3.000000000000002665 ) ;
#2602 = VECTOR ( 'NONE', #2723, 1000.000000000000000 ) ;
#2603 = VERTEX_POINT ( 'NONE', #2526 ) ;
#2604 = DIRECTION ( 'NONE',  ( -4.518244222928965571E-09, 1.000000000000000000, 0.000000000000000000 ) ) ;
#2605 = AXIS2_PLACEMENT_3D ( 'NONE', #462, #1923, #3388 ) ;
#2606 = FACE_BOUND ( 'NONE', #2037, .T. ) ;
#2607 = EDGE_LOOP ( 'NONE', ( #313, #2714, #135, #987 ) ) ;
#2608 = VECTOR ( 'NONE', #752, 1000.000000000000000 ) ;
#2609 = DIRECTION ( 'NONE',  ( 0.9999999999999998890, 1.192487775192319243E-08, 0.000000000000000000 ) ) ;
#2610 = AXIS2_PLACEMENT_3D ( 'NONE', #4266, #985, #3135 ) ;
#2611 = CIRCLE ( 'NONE', #173, 2.499999999999998668 ) ;
#2612 = ORIENTED_EDGE ( 'NONE', *, *, #3331, .F. ) ;
#2613 = PLANE ( 'NONE',  #4589 ) ;
#2614 = DIRECTION ( 'NONE',  ( -1.192487775192318085E-08, 1.000000000000000000, 0.000000000000000000 ) ) ;
#2615 = AXIS2_PLACEMENT_3D ( 'NONE', #3013, #117, #2555 ) ;
#2616 = VERTEX_POINT ( 'NONE', #3992 ) ;
#2617 = EDGE_LOOP ( 'NONE', ( #276, #550 ) ) ;
#2618 = DIRECTION ( 'NONE',  ( -0.9999999999999998890, -1.192488112498917533E-08, 0.000000000000000000 ) ) ;
#2619 = DIRECTION ( 'NONE',  ( -1.000000000000000000, 0.000000000000000000, 0.000000000000000000 ) ) ;
#2620 = VERTEX_POINT ( 'NONE', #2173 ) ;
#2621 = LINE ( 'NONE', #2234, #2155 ) ;
#2622 = ORIENTED_EDGE ( 'NONE', *, *, #439, .T. ) ;
#2623 = CARTESIAN_POINT ( 'NONE',  ( -28.19999999999998863, 17.75735931288070191, -11.00000000000000000 ) ) ;
#2624 = CARTESIAN_POINT ( 'NONE',  ( -24.70320349208182265, 54.73599849820489283, -7.550012294714003147 ) ) ;
#2625 = CARTESIAN_POINT ( 'NONE',  ( -28.19999999999999218, 17.95703167647030796, -12.49999999999999645 ) ) ;
#2626 = ADVANCED_FACE ( 'NONE', ( #1880 ), #2315, .T. ) ;
#2627 = ADVANCED_FACE ( 'NONE', ( #134 ), #248, .F. ) ;
#2628 = LINE ( 'NONE', #836, #1851 ) ;
#2629 = ORIENTED_EDGE ( 'NONE', *, *, #3923, .F. ) ;
#2630 = DIRECTION ( 'NONE',  ( 1.000000000000000000, 1.484173008126763085E-09, 0.000000000000000000 ) ) ;
#2631 = CARTESIAN_POINT ( 'NONE',  ( 0.000000000000000000, 0.000000000000000000, -8.801247317919001389 ) ) ;
#2632 = CARTESIAN_POINT ( 'NONE',  ( -17.22892616430279134, -40.47192760363603270, -2.201247317919003077 ) ) ;
#2633 = EDGE_LOOP ( 'NONE', ( #1944, #130, #2433, #2164 ) ) ;
#2634 = PLANE ( 'NONE',  #1011 ) ;
#2635 = EDGE_CURVE ( 'NONE', #1395, #771, #2995, .T. ) ;
#2636 = ADVANCED_FACE ( 'NONE', ( #3055 ), #445, .F. ) ;
#2637 = ORIENTED_EDGE ( 'NONE', *, *, #3221, .T. ) ;
#2638 = LINE ( 'NONE', #72, #2588 ) ;
#2639 = CARTESIAN_POINT ( 'NONE',  ( -18.20000000000001350, 72.19499999999997897, -16.98531814000003948 ) ) ;
#2640 = VERTEX_POINT ( 'NONE', #4519 ) ;
#2641 = ORIENTED_EDGE ( 'NONE', *, *, #1054, .T. ) ;
#2642 = FACE_OUTER_BOUND ( 'NONE', #153, .T. ) ;
#2643 = CARTESIAN_POINT ( 'NONE',  ( -28.25000003450509922, 59.50231832796998788, -10.80001229471400492 ) ) ;
#2644 = VERTEX_POINT ( 'NONE', #862 ) ;
#2645 = CARTESIAN_POINT ( 'NONE',  ( -26.72892616388181963, -30.16487542214900230, -4.800012294714003147 ) ) ;
#2646 = EDGE_LOOP ( 'NONE', ( #1949, #1912, #3946, #1164 ) ) ;
#2647 = CARTESIAN_POINT ( 'NONE',  ( -24.70320349208182265, 54.73599849820489283, -26.70263684700744378 ) ) ;
#2648 = DIRECTION ( 'NONE',  ( 0.7071067811865543451, 0.7071067811865408004, -0.000000000000000000 ) ) ;
#2649 = CARTESIAN_POINT ( 'NONE',  ( -29.07867965644035024, 19.87867965644035095, -12.70335811543928806 ) ) ;
#2650 = LINE ( 'NONE', #1885, #1622 ) ;
#2651 = ORIENTED_EDGE ( 'NONE', *, *, #3362, .T. ) ;
#2652 = LINE ( 'NONE', #3474, #1978 ) ;
#2653 = EDGE_CURVE ( 'NONE', #1763, #3629, #477, .T. ) ;
#2654 = LINE ( 'NONE', #4381, #2972 ) ;
#2655 = CARTESIAN_POINT ( 'NONE',  ( -19.69999999999998153, -44.74283101375676353, -16.98531814000003948 ) ) ;
#2656 = ORIENTED_EDGE ( 'NONE', *, *, #887, .F. ) ;
#2657 = CARTESIAN_POINT ( 'NONE',  ( -8.763203276925628060, 52.72304779445453704, -10.80001229471400492 ) ) ;
#2658 = ORIENTED_EDGE ( 'NONE', *, *, #4095, .F. ) ;
#2659 = EDGE_CURVE ( 'NONE', #3623, #1395, #2979, .T. ) ;
#2660 = EDGE_CURVE ( 'NONE', #3144, #1903, #4609, .T. ) ;
#2661 = CARTESIAN_POINT ( 'NONE',  ( 18.30000000000000426, 72.19499999999997897, -3.201247317919002633 ) ) ;
#2662 = DIRECTION ( 'NONE',  ( -0.000000000000000000, -0.000000000000000000, 1.000000000000000000 ) ) ;
#2663 = ORIENTED_EDGE ( 'NONE', *, *, #2269, .F. ) ;
#2664 = EDGE_LOOP ( 'NONE', ( #2720, #1592, #1087, #1301, #2637, #1442, #3696, #159, #2107, #3261, #3283 ) ) ;
#2665 = CARTESIAN_POINT ( 'NONE',  ( 12.61637013619705527, 64.08749999999999147, -0.7012473179190029660 ) ) ;
#2666 = DIRECTION ( 'NONE',  ( -0.000000000000000000, -0.000000000000000000, -1.000000000000000000 ) ) ;
#2667 = AXIS2_PLACEMENT_3D ( 'NONE', #3916, #2047, #3891 ) ;
#2668 = ORIENTED_EDGE ( 'NONE', *, *, #439, .F. ) ;
#2669 = FACE_OUTER_BOUND ( 'NONE', #2761, .T. ) ;
#2670 = ORIENTED_EDGE ( 'NONE', *, *, #1630, .T. ) ;
#2671 = LINE ( 'NONE', #2284, #4125 ) ;
#2672 = LINE ( 'NONE', #3785, #3672 ) ;
#2673 = PLANE ( 'NONE',  #2012 ) ;
#2674 = AXIS2_PLACEMENT_3D ( 'NONE', #2755, #3459, #604 ) ;
#2675 = LINE ( 'NONE', #4066, #941 ) ;
#2676 = CIRCLE ( 'NONE', #3906, 1.000000000000000888 ) ;
#2677 = EDGE_LOOP ( 'NONE', ( #1838, #1629, #2978, #1595 ) ) ;
#2678 = CARTESIAN_POINT ( 'NONE',  ( -26.72892616388181963, -30.16487542214900230, -16.98531814000003948 ) ) ;
#2679 = CARTESIAN_POINT ( 'NONE',  ( -27.20320349208182265, 54.73599846839270100, -2.201247317918996416 ) ) ;
#2680 = DIRECTION ( 'NONE',  ( -0.000000000000000000, 0.000000000000000000, 1.000000000000000000 ) ) ;
#2681 = VERTEX_POINT ( 'NONE', #422 ) ;
#2682 = VECTOR ( 'NONE', #3249, 1000.000000000000000 ) ;
#2683 = EDGE_CURVE ( 'NONE', #2230, #1234, #2282, .T. ) ;
#2684 = ORIENTED_EDGE ( 'NONE', *, *, #2974, .T. ) ;
#2685 = AXIS2_PLACEMENT_3D ( 'NONE', #3962, #2884, #3651 ) ;
#2686 = VECTOR ( 'NONE', #3560, 1000.000000000000000 ) ;
#2687 = CARTESIAN_POINT ( 'NONE',  ( 15.29999999999997407, 72.19499999999997897, -3.201247317919002633 ) ) ;
#2688 = CYLINDRICAL_SURFACE ( 'NONE', #393, 1.500000000000008216 ) ;
#2689 = AXIS2_PLACEMENT_3D ( 'NONE', #2583, #128, #1951 ) ;
#2690 = EDGE_CURVE ( 'NONE', #3435, #3048, #1936, .T. ) ;
#2691 = AXIS2_PLACEMENT_3D ( 'NONE', #2907, #2783, #352 ) ;
#2692 = ADVANCED_FACE ( 'NONE', ( #3752 ), #1591, .F. ) ;
#2693 = ORIENTED_EDGE ( 'NONE', *, *, #757, .T. ) ;
#2694 = ORIENTED_EDGE ( 'NONE', *, *, #3041, .T. ) ;
#2695 = VECTOR ( 'NONE', #489, 1000.000000000000000 ) ;
#2696 = AXIS2_PLACEMENT_3D ( 'NONE', #2839, #3922, #3197 ) ;
#2697 = DIRECTION ( 'NONE',  ( 0.000000000000000000, 0.000000000000000000, 1.000000000000000000 ) ) ;
#2698 = CARTESIAN_POINT ( 'NONE',  ( -27.19999999999999929, 22.24264068711928743, -11.00000000000000000 ) ) ;
#2699 = VECTOR ( 'NONE', #1052, 1000.000000000000000 ) ;
#2700 = VERTEX_POINT ( 'NONE', #4414 ) ;
#2701 = DIRECTION ( 'NONE',  ( 1.000000000000000000, 1.192488006488781658E-08, 0.000000000000000000 ) ) ;
#2702 = ORIENTED_EDGE ( 'NONE', *, *, #1459, .T. ) ;
#2703 = CARTESIAN_POINT ( 'NONE',  ( 13.61637013619705705, 46.08749999999998437, -0.7012473179190021888 ) ) ;
#2704 = CARTESIAN_POINT ( 'NONE',  ( -16.32892616430278920, -40.47192759489375646, -2.201247317919003521 ) ) ;
#2705 = EDGE_LOOP ( 'NONE', ( #4051, #423, #2552, #3010 ) ) ;
#2706 = CYLINDRICAL_SURFACE ( 'NONE', #2580, 1.000000000000000000 ) ;
#2707 = CARTESIAN_POINT ( 'NONE',  ( -26.19999999999999929, 26.19999999999999929, -16.98531814000003948 ) ) ;
#2708 = CARTESIAN_POINT ( 'NONE',  ( -13.76320330673782166, 54.73599862866310417, -26.70263684700744378 ) ) ;
#2709 = VERTEX_POINT ( 'NONE', #1134 ) ;
#2710 = ORIENTED_EDGE ( 'NONE', *, *, #2051, .T. ) ;
#2711 = CARTESIAN_POINT ( 'NONE',  ( -21.90000000000000924, -47.52500000000001279, -16.98531814000003948 ) ) ;
#2712 = LINE ( 'NONE', #4560, #1393 ) ;
#2713 = ORIENTED_EDGE ( 'NONE', *, *, #4327, .T. ) ;
#2714 = ORIENTED_EDGE ( 'NONE', *, *, #1539, .F. ) ;
#2715 = EDGE_CURVE ( 'NONE', #695, #4295, #2593, .T. ) ;
#2716 = CARTESIAN_POINT ( 'NONE',  ( 30.24999999674130891, 22.24264067634942776, -14.50000000000001243 ) ) ;
#2717 = CARTESIAN_POINT ( 'NONE',  ( -16.01320338583778380, 59.19599866734611027, -10.80001229471400492 ) ) ;
#2718 = VERTEX_POINT ( 'NONE', #113 ) ;
#2719 = CARTESIAN_POINT ( 'NONE',  ( 30.25000000766948460, -39.50000000000258638, 133.4883807175925483 ) ) ;
#2720 = ORIENTED_EDGE ( 'NONE', *, *, #3421, .T. ) ;
#2721 = ADVANCED_FACE ( 'NONE', ( #4440 ), #787, .T. ) ;
#2722 = EDGE_CURVE ( 'NONE', #4060, #3700, #2621, .T. ) ;
#2723 = DIRECTION ( 'NONE',  ( -0.000000000000000000, -0.000000000000000000, 1.000000000000000000 ) ) ;
#2724 = CARTESIAN_POINT ( 'NONE',  ( 1.916370136197056429, 45.58749999999978542, -8.800012294714003147 ) ) ;
#2725 = ORIENTED_EDGE ( 'NONE', *, *, #2594, .T. ) ;
#2726 = CYLINDRICAL_SURFACE ( 'NONE', #2964, 2.999999999999999112 ) ;
#2727 = PLANE ( 'NONE',  #2519 ) ;
#2728 = CARTESIAN_POINT ( 'NONE',  ( 16.79999999999999005, 72.19499999999997897, -3.201247317919003077 ) ) ;
#2729 = EDGE_LOOP ( 'NONE', ( #485, #3975, #786, #3659 ) ) ;
#2730 = ORIENTED_EDGE ( 'NONE', *, *, #792, .F. ) ;
#2731 = LINE ( 'NONE', #918, #4514 ) ;
#2732 = CARTESIAN_POINT ( 'NONE',  ( 28.55855386288895303, 19.09713583369347134, -12.52245961661556173 ) ) ;
#2733 = EDGE_LOOP ( 'NONE', ( #77, #3739, #1157, #2838, #3184, #2344, #1281, #4581 ) ) ;
#2734 = ORIENTED_EDGE ( 'NONE', *, *, #3686, .F. ) ;
#2735 = CARTESIAN_POINT ( 'NONE',  ( -18.19999999999998153, -44.74283101375676353, -16.98531814000003948 ) ) ;
#2736 = DIRECTION ( 'NONE',  ( -0.000000000000000000, -0.000000000000000000, 1.000000000000000000 ) ) ;
#2737 = ADVANCED_FACE ( 'NONE', ( #4084 ), #3726, .F. ) ;
#2738 = EDGE_LOOP ( 'NONE', ( #4284, #894, #1300, #1643, #4520, #3236, #1383, #3812, #3368, #510, #1801, #3766, #3415 ) ) ;
#2739 = CARTESIAN_POINT ( 'NONE',  ( 28.24999999791524274, 1.490991094265019891E-09, -14.49999999999999822 ) ) ;
#2740 = ORIENTED_EDGE ( 'NONE', *, *, #1696, .F. ) ;
#2741 = DIRECTION ( 'NONE',  ( 0.000000000000000000, -1.000000000000000000, 0.000000000000000000 ) ) ;
#2742 = VECTOR ( 'NONE', #3273, 1000.000000000000000 ) ;
#2743 = CARTESIAN_POINT ( 'NONE',  ( -13.76320336827019375, 59.89599869417707367, -2.201247317918999968 ) ) ;
#2744 = EDGE_CURVE ( 'NONE', #2644, #1332, #4470, .T. ) ;
#2745 = ADVANCED_FACE ( 'NONE', ( #2669 ), #4280, .F. ) ;
#2746 = ORIENTED_EDGE ( 'NONE', *, *, #378, .F. ) ;
#2747 = CARTESIAN_POINT ( 'NONE',  ( 0.000000000000000000, 0.000000000000000000, -6.800012294714002259 ) ) ;
#2748 = AXIS2_PLACEMENT_3D ( 'NONE', #455, #1175, #3378 ) ;
#2749 = FACE_OUTER_BOUND ( 'NONE', #2369, .T. ) ;
#2750 = FACE_OUTER_BOUND ( 'NONE', #1889, .T. ) ;
#2751 = ORIENTED_EDGE ( 'NONE', *, *, #3067, .T. ) ;
#2752 = VECTOR ( 'NONE', #654, 1000.000000000000000 ) ;
#2753 = EDGE_CURVE ( 'NONE', #4463, #4607, #2008, .T. ) ;
#2754 = ORIENTED_EDGE ( 'NONE', *, *, #182, .F. ) ;
#2755 = CARTESIAN_POINT ( 'NONE',  ( -25.27892635226175599, -36.17192779159400828, -1.201247317919001301 ) ) ;
#2756 = CARTESIAN_POINT ( 'NONE',  ( 0.000000000000000000, 0.000000000000000000, -6.800012294714002259 ) ) ;
#2757 = AXIS2_PLACEMENT_3D ( 'NONE', #2187, #2254, #733 ) ;
#2758 = AXIS2_PLACEMENT_3D ( 'NONE', #1932, #3395, #3317 ) ;
#2759 = AXIS2_PLACEMENT_3D ( 'NONE', #1869, #45, #843 ) ;
#2760 = ORIENTED_EDGE ( 'NONE', *, *, #1872, .T. ) ;
#2761 = EDGE_LOOP ( 'NONE', ( #4020, #3097, #3896, #3442 ) ) ;
#2762 = CARTESIAN_POINT ( 'NONE',  ( 1.416370136197057317, 64.08749999999999147, -8.800012294714003147 ) ) ;
#2763 = CARTESIAN_POINT ( 'NONE',  ( 13.61637013619706060, 63.08749999999999147, -6.800012294714002259 ) ) ;
#2764 = CARTESIAN_POINT ( 'NONE',  ( -13.76320327692561740, 52.23599862866309707, -2.201247317919001745 ) ) ;
#2765 = CIRCLE ( 'NONE', #1535, 2.499999999999998668 ) ;
#2766 = VECTOR ( 'NONE', #3553, 1000.000000000000000 ) ;
#2767 = LINE ( 'NONE', #1971, #4681 ) ;
#2768 = ORIENTED_EDGE ( 'NONE', *, *, #89, .T. ) ;
#2769 = AXIS2_PLACEMENT_3D ( 'NONE', #3884, #1967, #3791 ) ;
#2770 = DIRECTION ( 'NONE',  ( 1.000000000000000000, 0.000000000000000000, 0.000000000000000000 ) ) ;
#2771 = AXIS2_PLACEMENT_3D ( 'NONE', #1407, #3266, #1424 ) ;
#2772 = VERTEX_POINT ( 'NONE', #2434 ) ;
#2773 = LINE ( 'NONE', #4696, #2682 ) ;
#2774 = COLOUR_RGB ( '',1.000000000000000000, 1.000000000000000000, 1.000000000000000000 ) ;
#2775 = AXIS2_PLACEMENT_3D ( 'NONE', #4646, #889, #3157 ) ;
#2776 = DIRECTION ( 'NONE',  ( -0.000000000000000000, -0.000000000000000000, 1.000000000000000000 ) ) ;
#2777 = EDGE_LOOP ( 'NONE', ( #639, #2880, #4079, #2989 ) ) ;
#2778 = FACE_BOUND ( 'NONE', #3312, .T. ) ;
#2779 = AXIS2_PLACEMENT_3D ( 'NONE', #1781, #748, #3264 ) ;
#2780 = CARTESIAN_POINT ( 'NONE',  ( 2.416370136197056429, 64.08749999999999147, -0.7012473179190029660 ) ) ;
#2781 = DIRECTION ( 'NONE',  ( -1.000000000000000000, 0.000000000000000000, 0.000000000000000000 ) ) ;
#2782 = EDGE_CURVE ( 'NONE', #4632, #4463, #4209, .T. ) ;
#2783 = DIRECTION ( 'NONE',  ( 0.000000000000000000, 1.000000000000000000, 0.000000000000000000 ) ) ;
#2784 = VERTEX_POINT ( 'NONE', #3824 ) ;
#2785 = FACE_OUTER_BOUND ( 'NONE', #3392, .T. ) ;
#2786 = DIRECTION ( 'NONE',  ( 0.000000000000000000, 0.000000000000000000, -1.000000000000000000 ) ) ;
#2787 = ADVANCED_FACE ( 'NONE', ( #3802 ), #1464, .T. ) ;
#2788 = EDGE_CURVE ( 'NONE', #4626, #1308, #1617, .T. ) ;
#2789 = EDGE_LOOP ( 'NONE', ( #2015, #2932, #457, #1265 ) ) ;
#2790 = ORIENTED_EDGE ( 'NONE', *, *, #3301, .T. ) ;
#2791 = LINE ( 'NONE', #2762, #4666 ) ;
#2792 = DIRECTION ( 'NONE',  ( -0.000000000000000000, -0.000000000000000000, -1.000000000000000000 ) ) ;
#2793 = DIRECTION ( 'NONE',  ( 0.000000000000000000, -0.000000000000000000, -1.000000000000000000 ) ) ;
#2794 = EDGE_LOOP ( 'NONE', ( #3454, #215, #830, #239, #2641, #2380, #3792, #2448 ) ) ;
#2795 = FACE_OUTER_BOUND ( 'NONE', #1590, .T. ) ;
#2796 = VERTEX_POINT ( 'NONE', #1282 ) ;
#2797 = CARTESIAN_POINT ( 'NONE',  ( -13.76320338913873620, 62.39599869417708078, -6.050012294714004035 ) ) ;
#2798 = LINE ( 'NONE', #1983, #3759 ) ;
#2799 = ORIENTED_EDGE ( 'NONE', *, *, #4569, .T. ) ;
#2800 = CARTESIAN_POINT ( 'NONE',  ( 20.49999999999998579, -47.52500000000002700, 133.4883807175925483 ) ) ;
#2801 = CARTESIAN_POINT ( 'NONE',  ( 26.99890579710099914, -39.49890579710100980, 133.4883807175925483 ) ) ;
#2802 = PLANE ( 'NONE',  #2769 ) ;
#2803 = EDGE_CURVE ( 'NONE', #196, #878, #557, .T. ) ;
#2804 = CARTESIAN_POINT ( 'NONE',  ( -1.083629863802943794, 45.58749999999978542, -4.800012294714003147 ) ) ;
#2805 = EDGE_LOOP ( 'NONE', ( #3903, #4177, #682, #3484 ) ) ;
#2806 = DIRECTION ( 'NONE',  ( -0.000000000000000000, -0.000000000000000000, 1.000000000000000000 ) ) ;
#2807 = DIRECTION ( 'NONE',  ( -0.000000000000000000, -0.000000000000000000, -1.000000000000000000 ) ) ;
#2808 = EDGE_CURVE ( 'NONE', #3427, #3017, #4238, .T. ) ;
#2809 = EDGE_CURVE ( 'NONE', #2948, #695, #4622, .T. ) ;
#2810 = EDGE_LOOP ( 'NONE', ( #2465, #1021, #3510, #3722 ) ) ;
#2811 = VERTEX_POINT ( 'NONE', #573 ) ;
#2812 = DIRECTION ( 'NONE',  ( -1.000000000000000000, 0.000000000000000000, 0.000000000000000000 ) ) ;
#2813 = DIRECTION ( 'NONE',  ( -1.000000000000000000, 0.000000000000000000, 0.000000000000000000 ) ) ;
#2814 = CARTESIAN_POINT ( 'NONE',  ( 12.61637013619707304, 45.08749999999977831, -6.800012294714002259 ) ) ;
#2815 = ORIENTED_EDGE ( 'NONE', *, *, #2942, .T. ) ;
#2816 = DIRECTION ( 'NONE',  ( 0.000000000000000000, 0.000000000000000000, -1.000000000000000000 ) ) ;
#2817 = CARTESIAN_POINT ( 'NONE',  ( -26.19999999999999929, 26.19999999999999929, -16.98531814000003948 ) ) ;
#2818 = LINE ( 'NONE', #3250, #2906 ) ;
#2819 = ORIENTED_EDGE ( 'NONE', *, *, #434, .F. ) ;
#2820 = CARTESIAN_POINT ( 'NONE',  ( -30.19999999999999929, 20.99999999999999289, -11.00000000000000000 ) ) ;
#2821 = DIRECTION ( 'NONE',  ( -0.9999999999999998890, -1.192487775192317919E-08, 0.000000000000000000 ) ) ;
#2822 = FACE_OUTER_BOUND ( 'NONE', #513, .T. ) ;
#2823 = FACE_OUTER_BOUND ( 'NONE', #678, .T. ) ;
#2824 = AXIS2_PLACEMENT_3D ( 'NONE', #3033, #1938, #3401 ) ;
#2825 = VERTEX_POINT ( 'NONE', #1338 ) ;
#2826 = DIRECTION ( 'NONE',  ( -9.130123557772670799E-17, -1.000000000000000000, 0.000000000000000000 ) ) ;
#2827 = DIRECTION ( 'NONE',  ( 0.000000000000000000, 0.000000000000000000, 1.000000000000000000 ) ) ;
#2828 = ADVANCED_FACE ( 'NONE', ( #4549 ), #4566, .F. ) ;
#2829 = ORIENTED_EDGE ( 'NONE', *, *, #1604, .T. ) ;
#2830 = ORIENTED_EDGE ( 'NONE', *, *, #3015, .T. ) ;
#2831 = AXIS2_PLACEMENT_3D ( 'NONE', #3498, #525, #1670 ) ;
#2832 = DIRECTION ( 'NONE',  ( 1.000000000000000000, 0.000000000000000000, 0.000000000000000000 ) ) ;
#2833 = DIRECTION ( 'NONE',  ( 0.9999999999999998890, 1.192487775192317919E-08, 0.000000000000000000 ) ) ;
#2834 = CARTESIAN_POINT ( 'NONE',  ( 13.61637013619705705, 45.08750000000000568, -8.801247317919001389 ) ) ;
#2835 = EDGE_CURVE ( 'NONE', #232, #246, #3877, .T. ) ;
#2836 = EDGE_CURVE ( 'NONE', #3491, #4096, #1467, .T. ) ;
#2837 = AXIS2_PLACEMENT_3D ( 'NONE', #2499, #2122, #2414 ) ;
#2838 = ORIENTED_EDGE ( 'NONE', *, *, #1835, .F. ) ;
#2839 = CARTESIAN_POINT ( 'NONE',  ( -25.25000002790730846, 46.72304779445453704, -4.800012294713996042 ) ) ;
#2840 = AXIS2_PLACEMENT_3D ( 'NONE', #1585, #1331, #989 ) ;
#2841 = VECTOR ( 'NONE', #1711, 1000.000000000000114 ) ;
#2842 = CARTESIAN_POINT ( 'NONE',  ( -26.43284812093930114, 3.493675022841859690E-15, -0.7012473179190126249 ) ) ;
#2843 = ADVANCED_FACE ( 'NONE', ( #2795 ), #3469, .F. ) ;
#2844 = EDGE_CURVE ( 'NONE', #3337, #2221, #4372, .T. ) ;
#2845 = DIRECTION ( 'NONE',  ( 0.000000000000000000, 1.000000000000000000, 0.000000000000000000 ) ) ;
#2846 = AXIS2_PLACEMENT_3D ( 'NONE', #195, #242, #893 ) ;
#2847 = VECTOR ( 'NONE', #4186, 1000.000000000000000 ) ;
#2848 = VERTEX_POINT ( 'NONE', #1309 ) ;
#2849 = CARTESIAN_POINT ( 'NONE',  ( -17.22892616430279134, -41.37192760363603128, -4.800012294714003147 ) ) ;
#2850 = CARTESIAN_POINT ( 'NONE',  ( 20.49999999999998579, 74.97499999999998010, 133.4883807175925483 ) ) ;
#2851 = AXIS2_PLACEMENT_3D ( 'NONE', #818, #101, #2680 ) ;
#2852 = CARTESIAN_POINT ( 'NONE',  ( -29.32132034355964834, -20.12132034355964905, -12.49999999999999822 ) ) ;
#2853 = VECTOR ( 'NONE', #3603, 1000.000000000000000 ) ;
#2854 = ORIENTED_EDGE ( 'NONE', *, *, #4443, .T. ) ;
#2855 = LINE ( 'NONE', #4315, #155 ) ;
#2856 = DIRECTION ( 'NONE',  ( 1.000000000000000000, 0.000000000000000000, 0.000000000000000000 ) ) ;
#2857 = ORIENTED_EDGE ( 'NONE', *, *, #56, .F. ) ;
#2858 = VERTEX_POINT ( 'NONE', #2412 ) ;
#2859 = CARTESIAN_POINT ( 'NONE',  ( 15.29999999999997407, 72.19499999999997897, -16.98531814000003948 ) ) ;
#2860 = CARTESIAN_POINT ( 'NONE',  ( -22.45320347451423260, 55.43599852503587755, -16.98531814000003948 ) ) ;
#2861 = ORIENTED_EDGE ( 'NONE', *, *, #4244, .F. ) ;
#2862 = FACE_OUTER_BOUND ( 'NONE', #1651, .T. ) ;
#2863 = EDGE_CURVE ( 'NONE', #2124, #1106, #4304, .T. ) ;
#2864 = DIRECTION ( 'NONE',  ( -0.000000000000000000, -0.000000000000000000, -1.000000000000000000 ) ) ;
#2865 = CARTESIAN_POINT ( 'NONE',  ( 16.79999999999999005, 72.19499999999997897, -3.201247317919003077 ) ) ;
#2866 = ADVANCED_FACE ( 'NONE', ( #230 ), #979, .F. ) ;
#2867 = EDGE_CURVE ( 'NONE', #4420, #3222, #4643, .T. ) ;
#2868 = ORIENTED_EDGE ( 'NONE', *, *, #2186, .F. ) ;
#2869 = DIRECTION ( 'NONE',  ( 1.000000000000000000, 0.000000000000000000, -0.000000000000000000 ) ) ;
#2870 = CARTESIAN_POINT ( 'NONE',  ( 27.00061343523699264, 59.50061343522999380, -4.800012294714003147 ) ) ;
#2871 = CARTESIAN_POINT ( 'NONE',  ( -16.32892638880289837, -30.19999999999999929, -4.800012294714003147 ) ) ;
#2872 = ORIENTED_EDGE ( 'NONE', *, *, #2753, .T. ) ;
#2873 = DIRECTION ( 'NONE',  ( 1.000000000000000000, 0.000000000000000000, 0.000000000000000000 ) ) ;
#2874 = PLANE ( 'NONE',  #1928 ) ;
#2875 = EDGE_LOOP ( 'NONE', ( #2592, #1842 ) ) ;
#2876 = ORIENTED_EDGE ( 'NONE', *, *, #618, .F. ) ;
#2877 = LINE ( 'NONE', #2475, #3819 ) ;
#2878 = CARTESIAN_POINT ( 'NONE',  ( 30.16244882676235051, -21.49912413965074265, -13.89494328469032425 ) ) ;
#2879 = APPLICATION_PROTOCOL_DEFINITION ( 'draft international standard', 'automotive_design', 1998, #1427 ) ;
#2880 = ORIENTED_EDGE ( 'NONE', *, *, #2788, .F. ) ;
#2881 = CARTESIAN_POINT ( 'NONE',  ( 30.20000000000000284, -26.19999999999997087, -16.98531814000003948 ) ) ;
#2882 = CARTESIAN_POINT ( 'NONE',  ( 14.39999999999998792, 72.19499999999997897, -3.201247317919003077 ) ) ;
#2883 = ADVANCED_FACE ( 'NONE', ( #3246 ), #4366, .F. ) ;
#2884 = DIRECTION ( 'NONE',  ( 0.000000000000000000, 0.000000000000000000, 1.000000000000000000 ) ) ;
#2885 = ORIENTED_EDGE ( 'NONE', *, *, #2400, .T. ) ;
#2886 = DIRECTION ( 'NONE',  ( 0.000000000000000000, 0.000000000000000000, 1.000000000000000000 ) ) ;
#2887 = CARTESIAN_POINT ( 'NONE',  ( -19.70000000000001705, 72.19499999999997897, -16.98531814000003948 ) ) ;
#2888 = CARTESIAN_POINT ( 'NONE',  ( -7.059052494602420987E-07, 59.19599885830164254, -10.80001229471400492 ) ) ;
#2889 = EDGE_CURVE ( 'NONE', #1156, #3423, #2998, .T. ) ;
#2890 = EDGE_CURVE ( 'NONE', #2041, #3679, #1930, .T. ) ;
#2891 = VERTEX_POINT ( 'NONE', #3985 ) ;
#2892 = AXIS2_PLACEMENT_3D ( 'NONE', #1319, #4627, #336 ) ;
#2893 = LINE ( 'NONE', #3208, #3521 ) ;
#2894 = DIRECTION ( 'NONE',  ( -1.000000000000000000, 0.000000000000000000, 0.000000000000000000 ) ) ;
#2895 = AXIS2_PLACEMENT_3D ( 'NONE', #568, #2451, #4231 ) ;
#2896 = ORIENTED_EDGE ( 'NONE', *, *, #2635, .F. ) ;
#2897 = ORIENTED_EDGE ( 'NONE', *, *, #290, .T. ) ;
#2898 = DIRECTION ( 'NONE',  ( -1.000000000000000000, 0.000000000000000000, 0.000000000000000000 ) ) ;
#2899 = VECTOR ( 'NONE', #314, 1000.000000000000000 ) ;
#2900 = VECTOR ( 'NONE', #1476, 1000.000000000000000 ) ;
#2901 = VERTEX_POINT ( 'NONE', #366 ) ;
#2902 = CARTESIAN_POINT ( 'NONE',  ( -17.77892635226175599, -36.17192779159400828, -0.7012473179190021888 ) ) ;
#2903 = DIRECTION ( 'NONE',  ( 0.000000000000000000, -1.000000000000000000, 0.000000000000000000 ) ) ;
#2904 = VECTOR ( 'NONE', #2104, 1000.000000000000000 ) ;
#2905 = CYLINDRICAL_SURFACE ( 'NONE', #3838, 1.550000025915001967 ) ;
#2906 = VECTOR ( 'NONE', #2462, 1000.000000000000000 ) ;
#2907 = CARTESIAN_POINT ( 'NONE',  ( 0.000000000000000000, 49.72304779445453704, 145.1871456943875671 ) ) ;
#2908 = VECTOR ( 'NONE', #3051, 1000.000000000000000 ) ;
#2909 = VERTEX_POINT ( 'NONE', #3563 ) ;
#2910 = CARTESIAN_POINT ( 'NONE',  ( -4.083629863802944016, 59.74999995627790383, -8.800012294713999594 ) ) ;
#2911 = CARTESIAN_POINT ( 'NONE',  ( 30.19999999999999929, -25.00000000000000000, -0.7012473179190029660 ) ) ;
#2912 = CARTESIAN_POINT ( 'NONE',  ( -28.25000003450509922, 59.49999999997535838, 133.4883807175925483 ) ) ;
#2913 = AXIS2_PLACEMENT_3D ( 'NONE', #2639, #4101, #4462 ) ;
#2914 = AXIS2_PLACEMENT_3D ( 'NONE', #3855, #160, #3104 ) ;
#2915 = DIRECTION ( 'NONE',  ( 0.000000000000000000, 1.000000000000000000, 0.000000000000000000 ) ) ;
#2916 = CIRCLE ( 'NONE', #4688, 3.000000000000000888 ) ;
#2917 = EDGE_CURVE ( 'NONE', #3427, #1919, #1019, .T. ) ;
#2918 = AXIS2_PLACEMENT_3D ( 'NONE', #2929, #4323, #665 ) ;
#2919 = FACE_OUTER_BOUND ( 'NONE', #3886, .T. ) ;
#2920 = FACE_BOUND ( 'NONE', #4744, .T. ) ;
#2921 = ORIENTED_EDGE ( 'NONE', *, *, #529, .T. ) ;
#2922 = VECTOR ( 'NONE', #1497, 1000.000000000000114 ) ;
#2923 = ORIENTED_EDGE ( 'NONE', *, *, #3653, .F. ) ;
#2924 = ADVANCED_FACE ( 'NONE', ( #1823 ), #1802, .F. ) ;
#2925 = ADVANCED_FACE ( 'NONE', ( #2862 ), #3223, .F. ) ;
#2926 = CARTESIAN_POINT ( 'NONE',  ( -29.07867965644035024, 19.87867965644035095, -12.70335811543928806 ) ) ;
#2927 = DIRECTION ( 'NONE',  ( -1.192488006488781328E-08, 0.9999999999999998890, 0.000000000000000000 ) ) ;
#2928 = ORIENTED_EDGE ( 'NONE', *, *, #1808, .F. ) ;
#2929 = CARTESIAN_POINT ( 'NONE',  ( 0.000000000000000000, 42.72339333194054234, 145.1871456943875671 ) ) ;
#2930 = CARTESIAN_POINT ( 'NONE',  ( -25.25000002790730846, 46.72304779445453704, -10.80001229471400137 ) ) ;
#2931 = LINE ( 'NONE', #753, #1531 ) ;
#2932 = ORIENTED_EDGE ( 'NONE', *, *, #3950, .F. ) ;
#2933 = CARTESIAN_POINT ( 'NONE',  ( -16.32892638880289837, -30.19999999999999929, 13.28001984583019635 ) ) ;
#2934 = ORIENTED_EDGE ( 'NONE', *, *, #1553, .F. ) ;
#2935 = CARTESIAN_POINT ( 'NONE',  ( -7.903178273314987926E-13, 42.58749999999974989, -8.800012294714003147 ) ) ;
#2936 = DIRECTION ( 'NONE',  ( -0.000000000000000000, -0.000000000000000000, 1.000000000000000000 ) ) ;
#2937 = CARTESIAN_POINT ( 'NONE',  ( -25.27892635226175599, -36.17192779159400828, -0.7012473179190013006 ) ) ;
#2938 = ORIENTED_EDGE ( 'NONE', *, *, #1137, .T. ) ;
#2939 = DIRECTION ( 'NONE',  ( -0.000000000000000000, 0.000000000000000000, 1.000000000000000000 ) ) ;
#2940 = PLANE ( 'NONE',  #2851 ) ;
#2941 = ORIENTED_EDGE ( 'NONE', *, *, #3335, .F. ) ;
#2942 = EDGE_CURVE ( 'NONE', #385, #2616, #3991, .T. ) ;
#2943 = ORIENTED_EDGE ( 'NONE', *, *, #231, .T. ) ;
#2944 = CARTESIAN_POINT ( 'NONE',  ( -21.90000000000000568, -33.52500000000001279, -16.98531814000003948 ) ) ;
#2945 = DIRECTION ( 'NONE',  ( -0.000000000000000000, -0.000000000000000000, 1.000000000000000000 ) ) ;
#2946 = EDGE_CURVE ( 'NONE', #3731, #608, #281, .T. ) ;
#2947 = ADVANCED_FACE ( 'NONE', ( #647 ), #1734, .T. ) ;
#2948 = VERTEX_POINT ( 'NONE', #8 ) ;
#2949 = ORIENTED_EDGE ( 'NONE', *, *, #734, .T. ) ;
#2950 = CARTESIAN_POINT ( 'NONE',  ( -27.20320349208182265, 54.73599846839270100, -6.050012294714004035 ) ) ;
#2951 = CARTESIAN_POINT ( 'NONE',  ( 15.29999999999998650, -44.74283101375674931, -3.201247317919002633 ) ) ;
#2952 = EDGE_LOOP ( 'NONE', ( #3732, #1897, #3955, #3386 ) ) ;
#2953 = DIRECTION ( 'NONE',  ( -0.000000000000000000, 0.000000000000000000, 1.000000000000000000 ) ) ;
#2954 = ORIENTED_EDGE ( 'NONE', *, *, #2269, .T. ) ;
#2955 = CARTESIAN_POINT ( 'NONE',  ( 30.24999999908917658, -22.24264067838065628, 133.4883807175925483 ) ) ;
#2956 = LINE ( 'NONE', #2237, #234 ) ;
#2957 = DIRECTION ( 'NONE',  ( -0.000000000000000000, -0.000000000000000000, 1.000000000000000000 ) ) ;
#2958 = PLANE ( 'NONE',  #2227 ) ;
#2959 = LINE ( 'NONE', #3018, #3738 ) ;
#2960 = FACE_OUTER_BOUND ( 'NONE', #3190, .T. ) ;
#2961 = CARTESIAN_POINT ( 'NONE',  ( -13.76320330673782166, 54.73599862866310417, -2.201247317918999968 ) ) ;
#2962 = ORIENTED_EDGE ( 'NONE', *, *, #2844, .F. ) ;
#2963 = LINE ( 'NONE', #3626, #2383 ) ;
#2964 = AXIS2_PLACEMENT_3D ( 'NONE', #2290, #2365, #935 ) ;
#2965 = VERTEX_POINT ( 'NONE', #2902 ) ;
#2966 = CARTESIAN_POINT ( 'NONE',  ( -12.03355894091131795, 30.19999999999999929, -4.800012294714003147 ) ) ;
#2967 = ADVANCED_FACE ( 'NONE', ( #1469 ), #732, .F. ) ;
#2968 = DIRECTION ( 'NONE',  ( -0.000000000000000000, -0.000000000000000000, 1.000000000000000000 ) ) ;
#2969 = VECTOR ( 'NONE', #3979, 1000.000000000000000 ) ;
#2970 = VERTEX_POINT ( 'NONE', #1785 ) ;
#2971 = ORIENTED_EDGE ( 'NONE', *, *, #2511, .F. ) ;
#2972 = VECTOR ( 'NONE', #1914, 1000.000000000000000 ) ;
#2973 = EDGE_CURVE ( 'NONE', #1308, #2909, #397, .T. ) ;
#2974 = EDGE_CURVE ( 'NONE', #3116, #4328, #1400, .T. ) ;
#2975 = CARTESIAN_POINT ( 'NONE',  ( -24.70320348015694023, 53.73599849820489283, -6.050012294714004035 ) ) ;
#2976 = VECTOR ( 'NONE', #3160, 1000.000000000000000 ) ;
#2977 = DIRECTION ( 'NONE',  ( 0.000000000000000000, 0.000000000000000000, 1.000000000000000000 ) ) ;
#2978 = ORIENTED_EDGE ( 'NONE', *, *, #2425, .T. ) ;
#2979 = LINE ( 'NONE', #1958, #4065 ) ;
#2980 = VERTEX_POINT ( 'NONE', #4712 ) ;
#2981 = CARTESIAN_POINT ( 'NONE',  ( -28.25000002790730846, 46.72304779290539045, 133.4883807175925483 ) ) ;
#2982 = EDGE_CURVE ( 'NONE', #4708, #490, #1757, .T. ) ;
#2983 = VECTOR ( 'NONE', #2648, 1000.000000000000114 ) ;
#2984 = EDGE_CURVE ( 'NONE', #4562, #1816, #2145, .T. ) ;
#2985 = DIRECTION ( 'NONE',  ( 0.000000000000000000, -0.000000000000000000, 1.000000000000000000 ) ) ;
#2986 = CARTESIAN_POINT ( 'NONE',  ( -26.43284812093930114, 0.000000000000000000, -10.80001229471400492 ) ) ;
#2987 = DIRECTION ( 'NONE',  ( -0.000000000000000000, -0.000000000000000000, -1.000000000000000000 ) ) ;
#2988 = CIRCLE ( 'NONE', #4144, 1.500000000000001332 ) ;
#2989 = ORIENTED_EDGE ( 'NONE', *, *, #4223, .F. ) ;
#2990 = ORIENTED_EDGE ( 'NONE', *, *, #4164, .F. ) ;
#2991 = CARTESIAN_POINT ( 'NONE',  ( -25.00000000000581224, -42.75000001342161937, -4.800012294714003147 ) ) ;
#2992 = AXIS2_PLACEMENT_3D ( 'NONE', #970, #2067, #250 ) ;
#2993 = DIRECTION ( 'NONE',  ( -1.000000000000000000, 1.541976423090498000E-14, -0.000000000000000000 ) ) ;
#2994 = ORIENTED_EDGE ( 'NONE', *, *, #4630, .F. ) ;
#2995 = CIRCLE ( 'NONE', #703, 4.000000000000000000 ) ;
#2996 = CARTESIAN_POINT ( 'NONE',  ( 30.24999999908917658, -22.24264067838065628, -14.49999999999999822 ) ) ;
#2997 = AXIS2_PLACEMENT_3D ( 'NONE', #4355, #1076, #726 ) ;
#2998 = CIRCLE ( 'NONE', #2469, 3.251094401414220680 ) ;
#2999 = ORIENTED_EDGE ( 'NONE', *, *, #3800, .T. ) ;
#3000 = CARTESIAN_POINT ( 'NONE',  ( -28.25000003450509922, 59.49999999996304467, -10.80001229471400492 ) ) ;
#3001 = FACE_OUTER_BOUND ( 'NONE', #2070, .T. ) ;
#3002 = VECTOR ( 'NONE', #4063, 1000.000000000000000 ) ;
#3003 = VERTEX_POINT ( 'NONE', #331 ) ;
#3004 = ORIENTED_EDGE ( 'NONE', *, *, #1844, .F. ) ;
#3005 = DIRECTION ( 'NONE',  ( 1.000000000000000000, 0.000000000000000000, 0.000000000000000000 ) ) ;
#3006 = CARTESIAN_POINT ( 'NONE',  ( -13.76320341596971275, 63.89599869417707367, -2.201247317918999968 ) ) ;
#3007 = ADVANCED_FACE ( 'NONE', ( #4342 ), #2521, .F. ) ;
#3008 = VERTEX_POINT ( 'NONE', #3787 ) ;
#3009 = DIRECTION ( 'NONE',  ( 1.000000000000000000, 0.000000000000000000, 0.000000000000000000 ) ) ;
#3010 = ORIENTED_EDGE ( 'NONE', *, *, #1726, .F. ) ;
#3011 = CARTESIAN_POINT ( 'NONE',  ( -18.19999999999998153, -44.74283101375676353, -3.201247317919003077 ) ) ;
#3012 = DIRECTION ( 'NONE',  ( -5.277844581858585529E-11, 1.000000000000000000, 0.000000000000000000 ) ) ;
#3013 = CARTESIAN_POINT ( 'NONE',  ( 1.416370136197056429, 45.08749999999977831, -8.801247317919001389 ) ) ;
#3014 = DIRECTION ( 'NONE',  ( -0.9999999999999991118, -4.371138824236487046E-08, 0.000000000000000000 ) ) ;
#3015 = EDGE_CURVE ( 'NONE', #2348, #3623, #14, .T. ) ;
#3016 = ADVANCED_FACE ( 'NONE', ( #63 ), #1863, .F. ) ;
#3017 = VERTEX_POINT ( 'NONE', #2320 ) ;
#3018 = CARTESIAN_POINT ( 'NONE',  ( -1.083629863802943794, 0.000000000000000000, -4.800012294714003147 ) ) ;
#3019 = CARTESIAN_POINT ( 'NONE',  ( 26.19999999999997442, -30.19999999999999929, -0.7012473179190029660 ) ) ;
#3020 = FACE_BOUND ( 'NONE', #2617, .T. ) ;
#3021 = ORIENTED_EDGE ( 'NONE', *, *, #2024, .F. ) ;
#3022 = DIRECTION ( 'NONE',  ( 1.000000000000000000, 0.000000000000000000, 0.000000000000000000 ) ) ;
#3023 = VERTEX_POINT ( 'NONE', #2704 ) ;
#3024 = CARTESIAN_POINT ( 'NONE',  ( -12.03355894091131795, 36.83822922263945543, 145.1871456943875671 ) ) ;
#3025 = CYLINDRICAL_SURFACE ( 'NONE', #2913, 1.500000000000001332 ) ;
#3026 = ORIENTED_EDGE ( 'NONE', *, *, #405, .F. ) ;
#3027 = EDGE_LOOP ( 'NONE', ( #4684, #3213, #2928, #898 ) ) ;
#3028 = CARTESIAN_POINT ( 'NONE',  ( 30.16243843320282991, 21.49908469033309544, -13.89491146015133083 ) ) ;
#3029 = DIRECTION ( 'NONE',  ( -1.000000000000000000, 0.000000000000000000, -0.000000000000000000 ) ) ;
#3030 = ORIENTED_EDGE ( 'NONE', *, *, #758, .T. ) ;
#3031 = DIRECTION ( 'NONE',  ( -0.000000000000000000, -0.000000000000000000, -1.000000000000000000 ) ) ;
#3032 = VERTEX_POINT ( 'NONE', #1961 ) ;
#3033 = CARTESIAN_POINT ( 'NONE',  ( 16.11637013619705527, 0.000000000000000000, -8.800012294714003147 ) ) ;
#3034 = FACE_OUTER_BOUND ( 'NONE', #1830, .T. ) ;
#3035 = CARTESIAN_POINT ( 'NONE',  ( -13.76320336827019375, 59.89599869417707367, -2.201247317918999968 ) ) ;
#3036 = CARTESIAN_POINT ( 'NONE',  ( 19.19999999999999574, -44.74283101375674931, -3.201247317919003077 ) ) ;
#3037 = ORIENTED_EDGE ( 'NONE', *, *, #655, .F. ) ;
#3038 = FACE_OUTER_BOUND ( 'NONE', #2646, .T. ) ;
#3039 = DIRECTION ( 'NONE',  ( -0.000000000000000000, -1.000000000000000000, -0.000000000000000000 ) ) ;
#3040 = DIRECTION ( 'NONE',  ( 1.000000000000000000, 0.000000000000000000, -1.734723475976806848E-16 ) ) ;
#3041 = EDGE_CURVE ( 'NONE', #541, #640, #1086, .T. ) ;
#3042 = ORIENTED_EDGE ( 'NONE', *, *, #3800, .F. ) ;
#3043 = ADVANCED_FACE ( 'NONE', ( #3422 ), #4523, .F. ) ;
#3044 = ORIENTED_EDGE ( 'NONE', *, *, #2917, .F. ) ;
#3045 = DIRECTION ( 'NONE',  ( -1.000000000000000000, 0.000000000000000000, 0.000000000000000000 ) ) ;
#3046 = LINE ( 'NONE', #1562, #1767 ) ;
#3047 = EDGE_CURVE ( 'NONE', #1329, #541, #2675, .T. ) ;
#3048 = VERTEX_POINT ( 'NONE', #1142 ) ;
#3049 = ORIENTED_EDGE ( 'NONE', *, *, #2890, .T. ) ;
#3050 = VECTOR ( 'NONE', #2630, 1000.000000000000000 ) ;
#3051 = DIRECTION ( 'NONE',  ( -0.000000000000000000, -0.000000000000000000, 1.000000000000000000 ) ) ;
#3052 = DIRECTION ( 'NONE',  ( 1.000000000000000000, 0.000000000000000000, 0.000000000000000000 ) ) ;
#3053 = CIRCLE ( 'NONE', #376, 4.000000000000000000 ) ;
#3054 = ORIENTED_EDGE ( 'NONE', *, *, #1314, .F. ) ;
#3055 = FACE_OUTER_BOUND ( 'NONE', #4477, .T. ) ;
#3056 = ORIENTED_EDGE ( 'NONE', *, *, #3894, .T. ) ;
#3057 = CARTESIAN_POINT ( 'NONE',  ( -1.083629863802943794, 45.58749999999978542, -8.800012294714003147 ) ) ;
#3058 = VECTOR ( 'NONE', #564, 1000.000000000000000 ) ;
#3059 = DIRECTION ( 'NONE',  ( 0.000000000000000000, 0.000000000000000000, -1.000000000000000000 ) ) ;
#3060 = CIRCLE ( 'NONE', #3973, 1.500000000000001554 ) ;
#3061 = ORIENTED_EDGE ( 'NONE', *, *, #4006, .T. ) ;
#3062 = DIRECTION ( 'NONE',  ( -0.000000000000000000, 0.000000000000000000, 1.000000000000000000 ) ) ;
#3063 = CARTESIAN_POINT ( 'NONE',  ( -13.76320330673782166, 54.73599862866310417, -2.201247317918999968 ) ) ;
#3064 = LINE ( 'NONE', #1649, #4153 ) ;
#3065 = ORIENTED_EDGE ( 'NONE', *, *, #2020, .F. ) ;
#3066 = CIRCLE ( 'NONE', #3, 2.500000000000000444 ) ;
#3067 = EDGE_CURVE ( 'NONE', #232, #3859, #1323, .T. ) ;
#3068 = ORIENTED_EDGE ( 'NONE', *, *, #4102, .F. ) ;
#3069 = AXIS2_PLACEMENT_3D ( 'NONE', #4661, #1378, #2833 ) ;
#3070 = CARTESIAN_POINT ( 'NONE',  ( -29.32132034355963768, 20.12132034355963839, -12.84390800765195451 ) ) ;
#3071 = PRODUCT_DEFINITION_SHAPE ( 'NONE', 'NONE',  #4467 ) ;
#3072 = CARTESIAN_POINT ( 'NONE',  ( 27.00009115032250406, -42.74999998146587643, -4.800012294714003147 ) ) ;
#3073 = VECTOR ( 'NONE', #2257, 1000.000000000000000 ) ;
#3074 = EDGE_CURVE ( 'NONE', #3032, #3788, #2650, .T. ) ;
#3075 = EDGE_CURVE ( 'NONE', #3703, #1813, #2628, .T. ) ;
#3076 = ORIENTED_EDGE ( 'NONE', *, *, #413, .F. ) ;
#3077 = ORIENTED_EDGE ( 'NONE', *, *, #1288, .F. ) ;
#3078 = VECTOR ( 'NONE', #4349, 1000.000000000000114 ) ;
#3079 = AXIS2_PLACEMENT_3D ( 'NONE', #1662, #4259, #3123 ) ;
#3080 = DIRECTION ( 'NONE',  ( -1.000000000000000000, 0.000000000000000000, 0.000000000000000000 ) ) ;
#3081 = DIRECTION ( 'NONE',  ( 0.000000000000000000, 0.000000000000000000, 1.000000000000000000 ) ) ;
#3082 = CIRCLE ( 'NONE', #487, 2.500000000000000444 ) ;
#3083 = ORIENTED_EDGE ( 'NONE', *, *, #4023, .F. ) ;
#3084 = DIRECTION ( 'NONE',  ( -0.000000000000000000, -0.000000000000000000, 1.000000000000000000 ) ) ;
#3085 = ORIENTED_EDGE ( 'NONE', *, *, #2460, .T. ) ;
#3086 = DIRECTION ( 'NONE',  ( -0.000000000000000000, -0.000000000000000000, 1.000000000000000000 ) ) ;
#3087 = DIRECTION ( 'NONE',  ( -1.000000000000000000, 0.000000000000000000, 0.000000000000000000 ) ) ;
#3088 = VERTEX_POINT ( 'NONE', #2287 ) ;
#3089 = DIRECTION ( 'NONE',  ( -1.192487775192318085E-08, 1.000000000000000000, 0.000000000000000000 ) ) ;
#3090 = DIRECTION ( 'NONE',  ( 1.192487770234732844E-08, -0.9999999999999998890, -2.394758842500636547E-17 ) ) ;
#3091 = CARTESIAN_POINT ( 'NONE',  ( -16.01320335948379991, 56.98599862774710800, -10.80001229471400492 ) ) ;
#3092 = ORIENTED_EDGE ( 'NONE', *, *, #2587, .F. ) ;
#3093 = ORIENTED_EDGE ( 'NONE', *, *, #378, .T. ) ;
#3094 = CARTESIAN_POINT ( 'NONE',  ( -30.06029218989171525, -21.31750098929569504, -13.74863996356162232 ) ) ;
#3095 = LINE ( 'NONE', #3115, #933 ) ;
#3096 = EDGE_CURVE ( 'NONE', #3023, #2027, #4142, .T. ) ;
#3097 = ORIENTED_EDGE ( 'NONE', *, *, #1426, .T. ) ;
#3098 = ORIENTED_EDGE ( 'NONE', *, *, #2311, .T. ) ;
#3099 = DIRECTION ( 'NONE',  ( -0.000000000000000000, 1.000000000000000000, 0.000000000000000000 ) ) ;
#3100 = EDGE_CURVE ( 'NONE', #3831, #3496, #3770, .T. ) ;
#3101 = ADVANCED_FACE ( 'NONE', ( #3687 ), #2958, .F. ) ;
#3102 = CARTESIAN_POINT ( 'NONE',  ( -29.16278312432154607, -19.96278312432155033, -12.74449041169618013 ) ) ;
#3103 = ORIENTED_EDGE ( 'NONE', *, *, #972, .F. ) ;
#3104 = DIRECTION ( 'NONE',  ( 1.000000000000000000, 0.000000000000000000, 0.000000000000000000 ) ) ;
#3105 = VERTEX_POINT ( 'NONE', #40 ) ;
#3106 = FACE_OUTER_BOUND ( 'NONE', #617, .T. ) ;
#3107 = EDGE_CURVE ( 'NONE', #2221, #1033, #868, .T. ) ;
#3108 = DIRECTION ( 'NONE',  ( -0.000000000000000000, -0.000000000000000000, 1.000000000000000000 ) ) ;
#3109 = VERTEX_POINT ( 'NONE', #4498 ) ;
#3110 = CARTESIAN_POINT ( 'NONE',  ( -13.76320325903829556, 50.73599862866310417, -2.201247317919000412 ) ) ;
#3111 = CARTESIAN_POINT ( 'NONE',  ( -18.20000000000001350, 72.19499999999997897, -0.7012473179190029660 ) ) ;
#3112 = DIRECTION ( 'NONE',  ( 1.000000000000000000, 0.000000000000000000, 0.000000000000000000 ) ) ;
#3113 = ORIENTED_EDGE ( 'NONE', *, *, #175, .F. ) ;
#3114 = ORIENTED_EDGE ( 'NONE', *, *, #207, .F. ) ;
#3115 = CARTESIAN_POINT ( 'NONE',  ( 13.61637013619706060, 64.08749999999999147, -6.800012294714002259 ) ) ;
#3116 = VERTEX_POINT ( 'NONE', #3758 ) ;
#3117 = ORIENTED_EDGE ( 'NONE', *, *, #3180, .F. ) ;
#3118 = DIRECTION ( 'NONE',  ( -1.000000000000000000, 0.000000000000000000, 0.000000000000000000 ) ) ;
#3119 = CARTESIAN_POINT ( 'NONE',  ( -18.20000000000001350, 72.19499999999997897, -3.201247317919003077 ) ) ;
#3120 = FACE_BOUND ( 'NONE', #4711, .T. ) ;
#3121 = LINE ( 'NONE', #1238, #3764 ) ;
#3122 = ORIENTED_EDGE ( 'NONE', *, *, #909, .T. ) ;
#3123 = DIRECTION ( 'NONE',  ( 0.000000000000000000, 0.000000000000000000, 1.000000000000000000 ) ) ;
#3124 = ADVANCED_FACE ( 'NONE', ( #2240 ), #3709, .T. ) ;
#3125 = ORIENTED_EDGE ( 'NONE', *, *, #3970, .F. ) ;
#3126 = CARTESIAN_POINT ( 'NONE',  ( -27.20320355361419118, 59.89599853390670603, -2.201247317918996416 ) ) ;
#3127 = AXIS2_PLACEMENT_3D ( 'NONE', #1204, #3697, #4100 ) ;
#3128 = CARTESIAN_POINT ( 'NONE',  ( -24.00320351891279458, 56.98599853246730618, -7.550012294714003147 ) ) ;
#3129 = ADVANCED_FACE ( 'NONE', ( #1217 ), #118, .T. ) ;
#3130 = EDGE_CURVE ( 'NONE', #1797, #2325, #1575, .T. ) ;
#3131 = EDGE_LOOP ( 'NONE', ( #1277, #3239, #713, #2885 ) ) ;
#3132 = FACE_OUTER_BOUND ( 'NONE', #1333, .T. ) ;
#3133 = CIRCLE ( 'NONE', #3206, 14.00000000000000178 ) ;
#3134 = LINE ( 'NONE', #2679, #3446 ) ;
#3135 = DIRECTION ( 'NONE',  ( -1.000000000000000000, 0.000000000000000000, 0.000000000000000000 ) ) ;
#3136 = CIRCLE ( 'NONE', #3214, 4.000000000000000000 ) ;
#3137 = PLANE ( 'NONE',  #2691 ) ;
#3138 = EDGE_LOOP ( 'NONE', ( #4621, #2570, #731, #1375 ) ) ;
#3139 = CARTESIAN_POINT ( 'NONE',  ( -29.91838917496182404, 20.95908430887438101, -13.46444759549912717 ) ) ;
#3140 = CARTESIAN_POINT ( 'NONE',  ( 28.25000000747724016, 17.95665275444521214, -12.49999999999999822 ) ) ;
#3141 = AXIS2_PLACEMENT_3D ( 'NONE', #3472, #3858, #932 ) ;
#3142 = VECTOR ( 'NONE', #1470, 1000.000000000000000 ) ;
#3143 = EDGE_LOOP ( 'NONE', ( #1135, #126, #3647, #4676 ) ) ;
#3144 = VERTEX_POINT ( 'NONE', #235 ) ;
#3145 = PLANE ( 'NONE',  #152 ) ;
#3146 = CARTESIAN_POINT ( 'NONE',  ( 34.49999999999998579, 60.97499999999998721, -0.7012473179190111816 ) ) ;
#3147 = DIRECTION ( 'NONE',  ( -9.714451465470119729E-17, 2.394758726656991011E-17, -1.000000000000000000 ) ) ;
#3148 = AXIS2_PLACEMENT_3D ( 'NONE', #1017, #3238, #359 ) ;
#3149 = AXIS2_PLACEMENT_3D ( 'NONE', #1858, #3319, #36 ) ;
#3150 = ORIENTED_EDGE ( 'NONE', *, *, #4605, .F. ) ;
#3151 = VECTOR ( 'NONE', #3862, 1000.000000000000000 ) ;
#3152 = CARTESIAN_POINT ( 'NONE',  ( 16.11637013619705527, 59.74999999071071954, -8.800012294714003147 ) ) ;
#3153 = AXIS2_PLACEMENT_3D ( 'NONE', #3289, #715, #4729 ) ;
#3154 = ORIENTED_EDGE ( 'NONE', *, *, #1865, .T. ) ;
#3155 = DIRECTION ( 'NONE',  ( 0.000000000000000000, 1.000000000000000000, 0.000000000000000000 ) ) ;
#3156 = EDGE_CURVE ( 'NONE', #1058, #2405, #4455, .T. ) ;
#3157 = DIRECTION ( 'NONE',  ( 1.000000000000000000, 0.000000000000000000, 0.000000000000000000 ) ) ;
#3158 = EDGE_LOOP ( 'NONE', ( #27, #64, #1637, #3793 ) ) ;
#3159 = LINE ( 'NONE', #2800, #370 ) ;
#3160 = DIRECTION ( 'NONE',  ( -0.000000000000000000, -1.000000000000000000, -0.000000000000000000 ) ) ;
#3161 = LINE ( 'NONE', #171, #3151 ) ;
#3162 = ADVANCED_FACE ( 'NONE', ( #1693 ), #4613, .T. ) ;
#3163 = EDGE_CURVE ( 'NONE', #4310, #3414, #483, .T. ) ;
#3164 = DIRECTION ( 'NONE',  ( 1.000000000000000000, 0.000000000000000000, -1.734723475976808080E-16 ) ) ;
#3165 = ORIENTED_EDGE ( 'NONE', *, *, #1901, .T. ) ;
#3166 = DIRECTION ( 'NONE',  ( -0.000000000000000000, -0.000000000000000000, 1.000000000000000000 ) ) ;
#3167 = DIRECTION ( 'NONE',  ( -1.651871951907022430E-48, 9.244463733058732095E-33, -1.000000000000000000 ) ) ;
#3168 = ORIENTED_EDGE ( 'NONE', *, *, #3398, .F. ) ;
#3169 = ORIENTED_EDGE ( 'NONE', *, *, #4089, .T. ) ;
#3170 = DIRECTION ( 'NONE',  ( 0.000000000000000000, -1.000000000000000000, 0.000000000000000000 ) ) ;
#3171 = DIRECTION ( 'NONE',  ( 1.000000000000000000, 1.850733984910877024E-09, 0.000000000000000000 ) ) ;
#3172 = CARTESIAN_POINT ( 'NONE',  ( 3.216370136197054030, 45.08749999999978542, -6.800012294714002259 ) ) ;
#3173 = ORIENTED_EDGE ( 'NONE', *, *, #4244, .T. ) ;
#3174 = CARTESIAN_POINT ( 'NONE',  ( -5.763203276925626284, 59.74999995378512807, 133.4883807175925483 ) ) ;
#3175 = ORIENTED_EDGE ( 'NONE', *, *, #757, .F. ) ;
#3176 = LINE ( 'NONE', #3226, #1149 ) ;
#3177 = DIRECTION ( 'NONE',  ( -1.000000000000000000, 0.000000000000000000, 0.000000000000000000 ) ) ;
#3178 = ORIENTED_EDGE ( 'NONE', *, *, #1702, .F. ) ;
#3179 = CARTESIAN_POINT ( 'NONE',  ( -1.417225713293482466E-14, 36.83822922263945543, -0.7012473179190126249 ) ) ;
#3180 = EDGE_CURVE ( 'NONE', #1797, #1374, #2080, .T. ) ;
#3181 = CARTESIAN_POINT ( 'NONE',  ( 16.79999999999999716, -44.74283101375674931, -3.201247317919002633 ) ) ;
#3182 = LINE ( 'NONE', #2852, #2699 ) ;
#3183 = FACE_OUTER_BOUND ( 'NONE', #1147, .T. ) ;
#3184 = ORIENTED_EDGE ( 'NONE', *, *, #50, .F. ) ;
#3185 = EDGE_CURVE ( 'NONE', #3491, #1419, #597, .T. ) ;
#3186 = EDGE_CURVE ( 'NONE', #4506, #3003, #2297, .T. ) ;
#3187 = FACE_OUTER_BOUND ( 'NONE', #1714, .T. ) ;
#3188 = LINE ( 'NONE', #1458, #1700 ) ;
#3189 = VERTEX_POINT ( 'NONE', #4595 ) ;
#3190 = EDGE_LOOP ( 'NONE', ( #1708, #1272, #720, #1818 ) ) ;
#3191 = EDGE_CURVE ( 'NONE', #3859, #1156, #1315, .T. ) ;
#3192 = EDGE_CURVE ( 'NONE', #4130, #17, #1267, .T. ) ;
#3193 = CARTESIAN_POINT ( 'NONE',  ( 11.81637013619705989, 64.08749999999999147, -6.800012294714002259 ) ) ;
#3194 = CARTESIAN_POINT ( 'NONE',  ( -30.19999999999999929, 22.24264068711928743, -11.00000000000000000 ) ) ;
#3195 = FACE_OUTER_BOUND ( 'NONE', #1179, .T. ) ;
#3196 = ORIENTED_EDGE ( 'NONE', *, *, #704, .T. ) ;
#3197 = DIRECTION ( 'NONE',  ( -1.000000000000000000, 0.000000000000000000, 0.000000000000000000 ) ) ;
#3198 = LINE ( 'NONE', #4307, #237 ) ;
#3199 = LINE ( 'NONE', #1828, #1934 ) ;
#3200 = AXIS2_PLACEMENT_3D ( 'NONE', #285, #3202, #2486 ) ;
#3201 = ORIENTED_EDGE ( 'NONE', *, *, #1991, .T. ) ;
#3202 = DIRECTION ( 'NONE',  ( 0.000000000000000000, 0.000000000000000000, 1.000000000000000000 ) ) ;
#3203 = CARTESIAN_POINT ( 'NONE',  ( 30.24999999674130891, 22.24264067634942776, 133.4883807175925483 ) ) ;
#3204 = CARTESIAN_POINT ( 'NONE',  ( 28.25000000766948460, 19.00000000000000000, -12.49999999999999822 ) ) ;
#3205 = VECTOR ( 'NONE', #4004, 1000.000000000000000 ) ;
#3206 = AXIS2_PLACEMENT_3D ( 'NONE', #4610, #2374, #249 ) ;
#3207 = EDGE_LOOP ( 'NONE', ( #2373, #3447, #1212, #3644 ) ) ;
#3208 = CARTESIAN_POINT ( 'NONE',  ( 28.25000000766948460, 19.00000000000000000, -11.00000000000000000 ) ) ;
#3209 = FACE_OUTER_BOUND ( 'NONE', #167, .T. ) ;
#3210 = CIRCLE ( 'NONE', #157, 2.399999999999999467 ) ;
#3211 = EDGE_CURVE ( 'NONE', #2603, #3435, #1840, .T. ) ;
#3212 = ORIENTED_EDGE ( 'NONE', *, *, #2942, .F. ) ;
#3213 = ORIENTED_EDGE ( 'NONE', *, *, #1171, .T. ) ;
#3214 = AXIS2_PLACEMENT_3D ( 'NONE', #1480, #2939, #430 ) ;
#3215 = LINE ( 'NONE', #2165, #684 ) ;
#3216 = DIRECTION ( 'NONE',  ( -0.000000000000000000, -0.000000000000000000, -1.000000000000000000 ) ) ;
#3217 =( LENGTH_UNIT ( ) NAMED_UNIT ( * ) SI_UNIT ( .MILLI., .METRE. ) );
#3218 = VECTOR ( 'NONE', #1186, 1000.000000000000000 ) ;
#3219 = EDGE_CURVE ( 'NONE', #3105, #759, #1645, .T. ) ;
#3220 = AXIS2_PLACEMENT_3D ( 'NONE', #2975, #3988, #367 ) ;
#3221 = EDGE_CURVE ( 'NONE', #821, #3503, #2798, .T. ) ;
#3222 = VERTEX_POINT ( 'NONE', #1623 ) ;
#3223 = CYLINDRICAL_SURFACE ( 'NONE', #2158, 2.999999999999999112 ) ;
#3224 = CIRCLE ( 'NONE', #1316, 1.499999999999999778 ) ;
#3225 = VECTOR ( 'NONE', #3171, 1000.000000000000000 ) ;
#3226 = CARTESIAN_POINT ( 'NONE',  ( -12.03355894091131795, 42.72339333194054234, 145.1871456943875671 ) ) ;
#3227 = DIRECTION ( 'NONE',  ( -1.000000000000000000, 0.000000000000000000, 0.000000000000000000 ) ) ;
#3228 = VECTOR ( 'NONE', #4575, 1000.000000000000000 ) ;
#3229 = VECTOR ( 'NONE', #2420, 1000.000000000000000 ) ;
#3230 = EDGE_LOOP ( 'NONE', ( #2330, #4229 ) ) ;
#3231 = LINE ( 'NONE', #4600, #754 ) ;
#3232 = DIRECTION ( 'NONE',  ( -0.000000000000000000, -0.000000000000000000, 1.000000000000000000 ) ) ;
#3233 = AXIS2_PLACEMENT_3D ( 'NONE', #39, #2957, #426 ) ;
#3234 = CARTESIAN_POINT ( 'NONE',  ( -21.90000000000001279, 60.97499999999998721, -0.7012473179190126249 ) ) ;
#3235 = AXIS2_PLACEMENT_3D ( 'NONE', #3404, #2600, #406 ) ;
#3236 = ORIENTED_EDGE ( 'NONE', *, *, #434, .T. ) ;
#3237 = CARTESIAN_POINT ( 'NONE',  ( -1.417225713293482466E-14, 42.72339333194054234, -0.7012473179190126249 ) ) ;
#3238 = DIRECTION ( 'NONE',  ( -0.000000000000000000, -0.000000000000000000, -1.000000000000000000 ) ) ;
#3239 = ORIENTED_EDGE ( 'NONE', *, *, #2274, .T. ) ;
#3240 = EDGE_LOOP ( 'NONE', ( #3410, #4322, #3557, #184 ) ) ;
#3241 = CARTESIAN_POINT ( 'NONE',  ( -16.32892638880289837, -30.19999999999999929, -4.800012294714003147 ) ) ;
#3242 = EDGE_CURVE ( 'NONE', #1524, #1713, #4524, .T. ) ;
#3243 = CARTESIAN_POINT ( 'NONE',  ( 11.81637013619705989, 45.08749999999977831, -8.800012294714003147 ) ) ;
#3244 = APPLICATION_PROTOCOL_DEFINITION ( 'draft international standard', 'automotive_design', 1998, #1185 ) ;
#3245 = ORIENTED_EDGE ( 'NONE', *, *, #4698, .F. ) ;
#3246 = FACE_OUTER_BOUND ( 'NONE', #3138, .T. ) ;
#3247 = EDGE_CURVE ( 'NONE', #3629, #874, #2057, .T. ) ;
#3248 = EDGE_CURVE ( 'NONE', #798, #2325, #1761, .T. ) ;
#3249 = DIRECTION ( 'NONE',  ( -1.331641851542744598E-16, -1.000000000000000000, 0.000000000000000000 ) ) ;
#3250 = CARTESIAN_POINT ( 'NONE',  ( -19.69999999999998153, -44.74283101375676353, -16.98531814000003948 ) ) ;
#3251 = ORIENTED_EDGE ( 'NONE', *, *, #2889, .F. ) ;
#3252 = CYLINDRICAL_SURFACE ( 'NONE', #4345, 3.249999999999999556 ) ;
#3253 = B_SPLINE_CURVE_WITH_KNOTS ( 'NONE', 3,
 ( #2716, #3416, #1541, #3028, #1638, #1931, #109, #1954, #1611, #4163 ),
 .UNSPECIFIED., .F., .F.,
 ( 4, 2, 2, 2, 4 ),
 ( -1.095445772280259808E-05, 0.0007144898583901580086, 0.001439934174503118471, 0.002165378490616079368, 0.002890822806729039830 ),
 .UNSPECIFIED. ) ;
#3254 = EDGE_CURVE ( 'NONE', #2228, #2796, #697, .T. ) ;
#3255 = LINE ( 'NONE', #3203, #2752 ) ;
#3256 = PRESENTATION_STYLE_ASSIGNMENT (( #4378 ) ) ;
#3257 = ORIENTED_EDGE ( 'NONE', *, *, #2782, .T. ) ;
#3258 = CARTESIAN_POINT ( 'NONE',  ( -25.00231832797400600, 59.50231832796998788, -16.98531814000003948 ) ) ;
#3259 = B_SPLINE_CURVE_WITH_KNOTS ( 'NONE', 3,
 ( #2096, #897, #2023, #1275, #2732, #3867, #1653, #3843, #3140, #583 ),
 .UNSPECIFIED., .F., .F.,
 ( 4, 2, 2, 2, 4 ),
 ( 0.000000000000000000, 0.0005900562470220708112, 0.001180112494044141622, 0.001770168741066212434, 0.002360224988088283245 ),
 .UNSPECIFIED. ) ;
#3260 = CARTESIAN_POINT ( 'NONE',  ( 13.61637013619706060, 62.75000001795966398, -8.800012294714003147 ) ) ;
#3261 = ORIENTED_EDGE ( 'NONE', *, *, #4691, .F. ) ;
#3262 = ORIENTED_EDGE ( 'NONE', *, *, #1787, .T. ) ;
#3263 = CARTESIAN_POINT ( 'NONE',  ( 29.37132034030093308, 20.12132033263142716, -12.84390800757613782 ) ) ;
#3264 = DIRECTION ( 'NONE',  ( 1.000000000000000000, 0.000000000000000000, 0.000000000000000000 ) ) ;
#3265 = VERTEX_POINT ( 'NONE', #3128 ) ;
#3266 = DIRECTION ( 'NONE',  ( 0.000000000000000000, 9.244463733058732095E-33, -1.000000000000000000 ) ) ;
#3267 = DIRECTION ( 'NONE',  ( 1.000000000000000000, 1.192487804382836169E-08, 0.000000000000000000 ) ) ;
#3268 = B_SPLINE_CURVE_WITH_KNOTS ( 'NONE', 3,
 ( #4453, #65, #4092, #815, #3377, #97, #911, #1290, #4554, #578 ),
 .UNSPECIFIED., .F., .F.,
 ( 4, 2, 2, 2, 4 ),
 ( 0.000000000000000000, 0.0005900562468186571364, 0.001180112493637314273, 0.001770168740455971409, 0.002360224987274628546 ),
 .UNSPECIFIED. ) ;
#3269 = LINE ( 'NONE', #1004, #5 ) ;
#3270 = EDGE_CURVE ( 'NONE', #608, #4572, #1287, .T. ) ;
#3271 = CARTESIAN_POINT ( 'NONE',  ( -24.70320349208182265, 54.73599849820489283, -2.201247317918999968 ) ) ;
#3272 = EDGE_LOOP ( 'NONE', ( #4557, #2857, #2943, #2934 ) ) ;
#3273 = DIRECTION ( 'NONE',  ( 0.000000000000000000, -0.000000000000000000, 1.000000000000000000 ) ) ;
#3274 = LINE ( 'NONE', #1114, #2900 ) ;
#3275 = DIRECTION ( 'NONE',  ( 1.000000000000000000, 0.000000000000000000, -1.006759160165111489E-16 ) ) ;
#3276 = EDGE_CURVE ( 'NONE', #4328, #3761, #1341, .T. ) ;
#3277 = ADVANCED_FACE ( 'NONE', ( #3902 ), #4571, .F. ) ;
#3278 = VERTEX_POINT ( 'NONE', #164 ) ;
#3279 = CARTESIAN_POINT ( 'NONE',  ( -12.03355894091131795, 42.72339333194054234, -4.800012294713996042 ) ) ;
#3280 = DIRECTION ( 'NONE',  ( -1.000000000000000000, 0.000000000000000000, 0.000000000000000000 ) ) ;
#3281 = ORIENTED_EDGE ( 'NONE', *, *, #349, .F. ) ;
#3282 = ORIENTED_EDGE ( 'NONE', *, *, #3928, .T. ) ;
#3283 = ORIENTED_EDGE ( 'NONE', *, *, #4271, .T. ) ;
#3284 = CARTESIAN_POINT ( 'NONE',  ( -22.45320351935178493, 59.19599859054986979, -16.98531814000003948 ) ) ;
#3285 = VECTOR ( 'NONE', #3593, 1000.000000000000000 ) ;
#3286 =( NAMED_UNIT ( * ) SI_UNIT ( $, .STERADIAN. ) SOLID_ANGLE_UNIT ( ) );
#3287 = CIRCLE ( 'NONE', #770, 1.500000000000008216 ) ;
#3288 = ORIENTED_EDGE ( 'NONE', *, *, #3743, .F. ) ;
#3289 = CARTESIAN_POINT ( 'NONE',  ( -31.19999999999998863, 17.75735931288070191, -11.00000000000000000 ) ) ;
#3290 = LINE ( 'NONE', #11, #3142 ) ;
#3291 = VECTOR ( 'NONE', #2985, 1000.000000000000000 ) ;
#3292 = CARTESIAN_POINT ( 'NONE',  ( -16.70000000000001350, 72.19499999999997897, -3.201247317919002633 ) ) ;
#3293 = VERTEX_POINT ( 'NONE', #3292 ) ;
#3294 = VECTOR ( 'NONE', #3227, 1000.000000000000000 ) ;
#3295 = CARTESIAN_POINT ( 'NONE',  ( 13.61637013619706060, 45.08749999999977831, -6.800012294714002259 ) ) ;
#3296 = AXIS2_PLACEMENT_3D ( 'NONE', #79, #3394, #569 ) ;
#3297 = ORIENTED_EDGE ( 'NONE', *, *, #3686, .T. ) ;
#3298 = DIRECTION ( 'NONE',  ( 0.000000000000000000, -1.000000000000000000, 0.000000000000000000 ) ) ;
#3299 = DIRECTION ( 'NONE',  ( 1.000000000000000000, 0.000000000000000000, 0.000000000000000000 ) ) ;
#3300 = CARTESIAN_POINT ( 'NONE',  ( -35.90000000000000568, 60.97499999999998721, 133.4883807175925483 ) ) ;
#3301 = EDGE_CURVE ( 'NONE', #1402, #4374, #4011, .T. ) ;
#3302 = AXIS2_PLACEMENT_3D ( 'NONE', #3397, #1165, #3704 ) ;
#3303 = CARTESIAN_POINT ( 'NONE',  ( -12.03355894091131795, 36.83822922263945543, -4.800012294714003147 ) ) ;
#3304 = CIRCLE ( 'NONE', #3461, 1.000000000000000000 ) ;
#3305 = AXIS2_PLACEMENT_3D ( 'NONE', #1943, #505, #2214 ) ;
#3306 = DIRECTION ( 'NONE',  ( 1.141265444721571432E-16, 1.000000000000000000, 0.000000000000000000 ) ) ;
#3307 = CARTESIAN_POINT ( 'NONE',  ( -22.45320351935178493, 59.19599859054986979, -10.80001229471400492 ) ) ;
#3308 = EDGE_CURVE ( 'NONE', #2010, #4506, #3269, .T. ) ;
#3309 = EDGE_LOOP ( 'NONE', ( #586, #418, #3865, #1438 ) ) ;
#3310 = ADVANCED_FACE ( 'NONE', ( #736 ), #12, .F. ) ;
#3311 = VECTOR ( 'NONE', #258, 1000.000000000000114 ) ;
#3312 = EDGE_LOOP ( 'NONE', ( #4407, #201 ) ) ;
#3313 = CARTESIAN_POINT ( 'NONE',  ( -16.01320338583778380, 59.19599866734611027, -7.550012294714003147 ) ) ;
#3314 = ORIENTED_EDGE ( 'NONE', *, *, #3744, .F. ) ;
#3315 = ORIENTED_EDGE ( 'NONE', *, *, #3015, .F. ) ;
#3316 = DIRECTION ( 'NONE',  ( -1.192487804382836003E-08, 0.9999999999999998890, 0.000000000000000000 ) ) ;
#3317 = DIRECTION ( 'NONE',  ( 1.000000000000000000, 0.000000000000000000, -0.000000000000000000 ) ) ;
#3318 = ORIENTED_EDGE ( 'NONE', *, *, #428, .T. ) ;
#3319 = DIRECTION ( 'NONE',  ( -0.000000000000000000, -0.000000000000000000, 1.000000000000000000 ) ) ;
#3320 = FACE_BOUND ( 'NONE', #414, .T. ) ;
#3321 = DIRECTION ( 'NONE',  ( 0.000000000000000000, 0.000000000000000000, 1.000000000000000000 ) ) ;
#3322 = DIRECTION ( 'NONE',  ( 0.000000000000000000, 0.000000000000000000, 1.000000000000000000 ) ) ;
#3323 = DIRECTION ( 'NONE',  ( 0.9999999999999998890, 1.192488125248453485E-08, 0.000000000000000000 ) ) ;
#3324 = EDGE_CURVE ( 'NONE', #4741, #1258, #2106, .T. ) ;
#3325 = ORIENTED_EDGE ( 'NONE', *, *, #3482, .F. ) ;
#3326 = FACE_OUTER_BOUND ( 'NONE', #3158, .T. ) ;
#3327 = CARTESIAN_POINT ( 'NONE',  ( -28.70320355361419118, 59.89599851601938241, -0.7012473179189987471 ) ) ;
#3328 = EDGE_LOOP ( 'NONE', ( #1455, #4642, #4707, #32 ) ) ;
#3329 = FACE_OUTER_BOUND ( 'NONE', #2427, .T. ) ;
#3330 = EDGE_CURVE ( 'NONE', #1374, #1797, #716, .T. ) ;
#3331 = EDGE_CURVE ( 'NONE', #4215, #1263, #2818, .T. ) ;
#3332 = VERTEX_POINT ( 'NONE', #1048 ) ;
#3333 = DIRECTION ( 'NONE',  ( -0.000000000000000000, -0.000000000000000000, 1.000000000000000000 ) ) ;
#3334 = CARTESIAN_POINT ( 'NONE',  ( 19.11637013174453514, 62.74999999071071954, -8.800012294713999594 ) ) ;
#3335 = EDGE_CURVE ( 'NONE', #2891, #3359, #283, .T. ) ;
#3336 = ORIENTED_EDGE ( 'NONE', *, *, #4306, .F. ) ;
#3337 = VERTEX_POINT ( 'NONE', #4731 ) ;
#3338 = CARTESIAN_POINT ( 'NONE',  ( -26.19999999999999929, -26.19999999999999929, -2.201247317919003521 ) ) ;
#3339 = FACE_OUTER_BOUND ( 'NONE', #125, .T. ) ;
#3340 = EDGE_LOOP ( 'NONE', ( #3165, #3478, #4180, #261 ) ) ;
#3341 = DIRECTION ( 'NONE',  ( 0.000000000000000000, 0.000000000000000000, 1.000000000000000000 ) ) ;
#3342 = VERTEX_POINT ( 'NONE', #4344 ) ;
#3343 = CYLINDRICAL_SURFACE ( 'NONE', #3517, 13.99999999999999467 ) ;
#3344 = CARTESIAN_POINT ( 'NONE',  ( 28.25000000766948816, -17.75735931288073033, -11.00000000000000000 ) ) ;
#3345 = CARTESIAN_POINT ( 'NONE',  ( -27.20320355361418052, 59.89599854285036429, -6.050012294714004035 ) ) ;
#3346 = CARTESIAN_POINT ( 'NONE',  ( -11.76320327692562628, 52.72304779445453704, 18.64005569719067168 ) ) ;
#3347 = CARTESIAN_POINT ( 'NONE',  ( 28.65112369256038249, -19.26862486059437529, -12.53740732146358816 ) ) ;
#3348 = PLANE ( 'NONE',  #4675 ) ;
#3349 = DIRECTION ( 'NONE',  ( -1.192487770234732844E-08, 0.9999999999999998890, 2.394758842500636239E-17 ) ) ;
#3350 = VERTEX_POINT ( 'NONE', #2500 ) ;
#3351 = PLANE ( 'NONE',  #2759 ) ;
#3352 = AXIS2_PLACEMENT_3D ( 'NONE', #1167, #3680, #424 ) ;
#3353 = ORIENTED_EDGE ( 'NONE', *, *, #2167, .F. ) ;
#3354 = DIRECTION ( 'NONE',  ( 0.000000000000000000, 0.000000000000000000, 1.000000000000000000 ) ) ;
#3355 = DIRECTION ( 'NONE',  ( -1.000000000000000000, 0.000000000000000000, 0.000000000000000000 ) ) ;
#3356 = ADVANCED_FACE ( 'NONE', ( #2482 ), #2905, .F. ) ;
#3357 = VECTOR ( 'NONE', #1376, 1000.000000000000000 ) ;
#3358 = ORIENTED_EDGE ( 'NONE', *, *, #1426, .F. ) ;
#3359 = VERTEX_POINT ( 'NONE', #687 ) ;
#3360 = AXIS2_PLACEMENT_3D ( 'NONE', #1584, #3387, #1227 ) ;
#3361 = PLANE ( 'NONE',  #4525 ) ;
#3362 = EDGE_CURVE ( 'NONE', #468, #2640, #334, .T. ) ;
#3363 = ADVANCED_FACE ( 'NONE', ( #1805 ), #2550, .T. ) ;
#3364 = CIRCLE ( 'NONE', #74, 2.399999999999999467 ) ;
#3365 = CARTESIAN_POINT ( 'NONE',  ( -29.32132034355964834, -20.12132034355964905, -11.00000000000000000 ) ) ;
#3366 = ORIENTED_EDGE ( 'NONE', *, *, #792, .T. ) ;
#3367 = DIRECTION ( 'NONE',  ( -5.163819860439229035E-10, 1.000000000000000000, 0.000000000000000000 ) ) ;
#3368 = ORIENTED_EDGE ( 'NONE', *, *, #1963, .T. ) ;
#3369 = DIRECTION ( 'NONE',  ( 3.273063162220391312E-16, 1.000000000000000000, -0.000000000000000000 ) ) ;
#3370 = VECTOR ( 'NONE', #480, 1000.000000000000000 ) ;
#3371 = DIRECTION ( 'NONE',  ( -1.192488006488781328E-08, 0.9999999999999998890, 0.000000000000000000 ) ) ;
#3372 = CARTESIAN_POINT ( 'NONE',  ( -28.94477341465915643, 19.74477341465915359, -12.63786888715477374 ) ) ;
#3373 = DIRECTION ( 'NONE',  ( 1.000000000000000000, 0.000000000000000000, -1.084202172485504434E-16 ) ) ;
#3374 = AXIS2_PLACEMENT_3D ( 'NONE', #2591, #3799, #4236 ) ;
#3375 = VECTOR ( 'NONE', #1108, 1000.000000000000000 ) ;
#3376 = ORIENTED_EDGE ( 'NONE', *, *, #1597, .F. ) ;
#3377 = CARTESIAN_POINT ( 'NONE',  ( -28.50855385506132578, -19.09713583336845844, -12.52245961491543724 ) ) ;
#3378 = DIRECTION ( 'NONE',  ( -1.000000000000000000, 0.000000000000000000, 0.000000000000000000 ) ) ;
#3379 = AXIS2_PLACEMENT_3D ( 'NONE', #512, #2614, #1606 ) ;
#3380 = DIRECTION ( 'NONE',  ( 0.000000000000000000, 0.000000000000000000, 1.000000000000000000 ) ) ;
#3381 = VERTEX_POINT ( 'NONE', #2148 ) ;
#3382 = CIRCLE ( 'NONE', #633, 4.000000000000000000 ) ;
#3383 = DIRECTION ( 'NONE',  ( -0.000000000000000000, -0.000000000000000000, -1.000000000000000000 ) ) ;
#3384 = VECTOR ( 'NONE', #3280, 1000.000000000000000 ) ;
#3385 = AXIS2_PLACEMENT_3D ( 'NONE', #4303, #1027, #3648 ) ;
#3386 = ORIENTED_EDGE ( 'NONE', *, *, #3130, .F. ) ;
#3387 = DIRECTION ( 'NONE',  ( 0.000000000000000000, 0.000000000000000000, 1.000000000000000000 ) ) ;
#3388 = DIRECTION ( 'NONE',  ( 1.000000000000000000, 0.000000000000000000, -1.006759160165111243E-16 ) ) ;
#3389 = STYLED_ITEM ( 'NONE', ( #3256 ), #4464 ) ;
#3390 = VECTOR ( 'NONE', #3779, 1000.000000000000000 ) ;
#3391 = ORIENTED_EDGE ( 'NONE', *, *, #2483, .T. ) ;
#3392 = EDGE_LOOP ( 'NONE', ( #2283, #4513, #3037, #31 ) ) ;
#3393 = EDGE_CURVE ( 'NONE', #1308, #1329, #3199, .T. ) ;
#3394 = DIRECTION ( 'NONE',  ( -1.192487804382836169E-08, 1.000000000000000000, -0.000000000000000000 ) ) ;
#3395 = DIRECTION ( 'NONE',  ( 0.000000000000000000, 0.000000000000000000, 1.000000000000000000 ) ) ;
#3396 = ORIENTED_EDGE ( 'NONE', *, *, #2086, .F. ) ;
#3397 = CARTESIAN_POINT ( 'NONE',  ( 0.000000000000000000, 0.000000000000000000, -11.00000000000000000 ) ) ;
#3398 = EDGE_CURVE ( 'NONE', #1239, #821, #4669, .T. ) ;
#3399 = EDGE_CURVE ( 'NONE', #1798, #885, #1789, .T. ) ;
#3400 = EDGE_LOOP ( 'NONE', ( #1964, #4718, #4145, #222 ) ) ;
#3401 = DIRECTION ( 'NONE',  ( -0.000000000000000000, 0.000000000000000000, 1.000000000000000000 ) ) ;
#3402 = CARTESIAN_POINT ( 'NONE',  ( -16.01320334100023146, 55.43599860183210382, -10.80001229471400492 ) ) ;
#3403 = CARTESIAN_POINT ( 'NONE',  ( 30.20000000000000284, -26.19999999999997087, -4.800012294714003147 ) ) ;
#3404 = CARTESIAN_POINT ( 'NONE',  ( 26.99890579710099914, -39.49890579710100980, -4.800012294714003147 ) ) ;
#3405 = ADVANCED_FACE ( 'NONE', ( #718 ), #4309, .T. ) ;
#3406 = EDGE_LOOP ( 'NONE', ( #3085, #1679, #506, #3125 ) ) ;
#3407 = CARTESIAN_POINT ( 'NONE',  ( -30.19999999999999929, -22.24264068711928743, -11.00000000000000000 ) ) ;
#3408 = CYLINDRICAL_SURFACE ( 'NONE', #1607, 2.999999999999999112 ) ;
#3409 = DIRECTION ( 'NONE',  ( -9.714451465470119729E-17, 2.394758726656991011E-17, -1.000000000000000000 ) ) ;
#3410 = ORIENTED_EDGE ( 'NONE', *, *, #4508, .T. ) ;
#3411 = ORIENTED_EDGE ( 'NONE', *, *, #909, .F. ) ;
#3412 = DIRECTION ( 'NONE',  ( -1.000000000000000000, -1.192487266848206288E-08, 0.000000000000000000 ) ) ;
#3413 = DIRECTION ( 'NONE',  ( 1.000000000000000000, 0.000000000000000000, 0.000000000000000000 ) ) ;
#3414 = VERTEX_POINT ( 'NONE', #1760 ) ;
#3415 = ORIENTED_EDGE ( 'NONE', *, *, #4441, .T. ) ;
#3416 = CARTESIAN_POINT ( 'NONE',  ( 30.24999999675119255, 22.05533160950173155, -14.34706286382350626 ) ) ;
#3417 = PLANE ( 'NONE',  #1612 ) ;
#3418 = EDGE_LOOP ( 'NONE', ( #3077, #2267, #4518, #660, #4561, #1055, #3745, #4360 ) ) ;
#3419 = DIRECTION ( 'NONE',  ( 0.9999999999999998890, 1.192487951123138445E-08, -9.714451436912908760E-17 ) ) ;
#3420 = CARTESIAN_POINT ( 'NONE',  ( -24.99890579710099203, -39.49890579710100980, 133.4883807175925483 ) ) ;
#3421 = EDGE_CURVE ( 'NONE', #3898, #1675, #4715, .T. ) ;
#3422 = FACE_OUTER_BOUND ( 'NONE', #1504, .T. ) ;
#3423 = VERTEX_POINT ( 'NONE', #4699 ) ;
#3424 = FACE_OUTER_BOUND ( 'NONE', #3952, .T. ) ;
#3425 = CARTESIAN_POINT ( 'NONE',  ( 28.25000000766948816, -18.99999999999999645, -12.49999999999999822 ) ) ;
#3426 = CARTESIAN_POINT ( 'NONE',  ( 3.216370136197056251, 64.08749999999999147, -6.800012294714002259 ) ) ;
#3427 = VERTEX_POINT ( 'NONE', #1425 ) ;
#3428 = EDGE_CURVE ( 'NONE', #821, #2405, #351, .T. ) ;
#3429 = EDGE_CURVE ( 'NONE', #1892, #3088, #1542, .T. ) ;
#3430 = VERTEX_POINT ( 'NONE', #1955 ) ;
#3431 = CARTESIAN_POINT ( 'NONE',  ( -30.19999999999999929, 22.24264068711928743, -14.49999999999999822 ) ) ;
#3432 = DIRECTION ( 'NONE',  ( -0.000000000000000000, -0.000000000000000000, 1.000000000000000000 ) ) ;
#3433 = VECTOR ( 'NONE', #3520, 1000.000000000000000 ) ;
#3434 = ORIENTED_EDGE ( 'NONE', *, *, #3270, .T. ) ;
#3435 = VERTEX_POINT ( 'NONE', #1209 ) ;
#3436 = AXIS2_PLACEMENT_3D ( 'NONE', #4500, #3062, #1647 ) ;
#3437 = FACE_OUTER_BOUND ( 'NONE', #1976, .T. ) ;
#3438 = FACE_BOUND ( 'NONE', #4268, .T. ) ;
#3439 = VECTOR ( 'NONE', #1810, 1000.000000000000000 ) ;
#3440 = ORIENTED_EDGE ( 'NONE', *, *, #238, .F. ) ;
#3441 = DIRECTION ( 'NONE',  ( 1.000000000000000000, 1.820037745287141957E-14, 0.000000000000000000 ) ) ;
#3442 = ORIENTED_EDGE ( 'NONE', *, *, #3514, .F. ) ;
#3443 = LINE ( 'NONE', #1620, #466 ) ;
#3444 = AXIS2_PLACEMENT_3D ( 'NONE', #1676, #1274, #2022 ) ;
#3445 = CARTESIAN_POINT ( 'NONE',  ( -16.01320338583778380, 59.19599866734611027, -16.98531814000003948 ) ) ;
#3446 = VECTOR ( 'NONE', #3090, 1000.000000000000114 ) ;
#3447 = ORIENTED_EDGE ( 'NONE', *, *, #1996, .F. ) ;
#3448 = DIRECTION ( 'NONE',  ( -0.000000000000000000, -0.000000000000000000, 1.000000000000000000 ) ) ;
#3449 = ADVANCED_FACE ( 'NONE', ( #1131 ), #2312, .F. ) ;
#3450 = DIRECTION ( 'NONE',  ( -1.000000000000000000, 0.000000000000000000, 0.000000000000000000 ) ) ;
#3451 = CARTESIAN_POINT ( 'NONE',  ( 11.81637013619705989, 45.08749999999977831, -6.800012294714002259 ) ) ;
#3452 = ORIENTED_EDGE ( 'NONE', *, *, #291, .T. ) ;
#3453 = CIRCLE ( 'NONE', #1608, 1.000000000000000888 ) ;
#3454 = ORIENTED_EDGE ( 'NONE', *, *, #4384, .T. ) ;
#3455 = VECTOR ( 'NONE', #3167, 1000.000000000000000 ) ;
#3456 = EDGE_CURVE ( 'NONE', #26, #3342, #3702, .T. ) ;
#3457 = AXIS2_PLACEMENT_3D ( 'NONE', #1090, #3631, #3671 ) ;
#3458 = ADVANCED_FACE ( 'NONE', ( #420 ), #3417, .T. ) ;
#3459 = DIRECTION ( 'NONE',  ( 1.224646799147353207E-16, 1.000000000000000000, 2.394758726656989778E-17 ) ) ;
#3460 = DIRECTION ( 'NONE',  ( 1.000000000000000000, -0.000000000000000000, -0.000000000000000000 ) ) ;
#3461 = AXIS2_PLACEMENT_3D ( 'NONE', #1947, #1579, #768 ) ;
#3462 = AXIS2_PLACEMENT_3D ( 'NONE', #1447, #4733, #2551 ) ;
#3463 = VERTEX_POINT ( 'NONE', #1491 ) ;
#3464 = ORIENTED_EDGE ( 'NONE', *, *, #1581, .F. ) ;
#3465 = VECTOR ( 'NONE', #1754, 1000.000000000000000 ) ;
#3466 = CARTESIAN_POINT ( 'NONE',  ( 1.416370136197056429, 64.08749999999999147, -8.801247317919001389 ) ) ;
#3467 = DIRECTION ( 'NONE',  ( -1.000000000000000000, 0.000000000000000000, 0.000000000000000000 ) ) ;
#3468 = ORIENTED_EDGE ( 'NONE', *, *, #823, .F. ) ;
#3469 = CYLINDRICAL_SURFACE ( 'NONE', #3079, 2.000000000000000000 ) ;
#3470 = ORIENTED_EDGE ( 'NONE', *, *, #998, .F. ) ;
#3471 = DIRECTION ( 'NONE',  ( -1.000000000000000000, -1.192488237785244901E-08, 0.000000000000000000 ) ) ;
#3472 = CARTESIAN_POINT ( 'NONE',  ( -25.70320355361419118, 59.89599855179402255, -6.050012294714004035 ) ) ;
#3473 = ORIENTED_EDGE ( 'NONE', *, *, #89, .F. ) ;
#3474 = CARTESIAN_POINT ( 'NONE',  ( -25.70320283936172956, -3.065075504180153284E-07, -7.550012294714003147 ) ) ;
#3475 = CYLINDRICAL_SURFACE ( 'NONE', #4430, 1.500000000000001554 ) ;
#3476 = DIRECTION ( 'NONE',  ( 1.000000000000000000, 0.000000000000000000, 0.000000000000000000 ) ) ;
#3477 = VERTEX_POINT ( 'NONE', #1109 ) ;
#3478 = ORIENTED_EDGE ( 'NONE', *, *, #2567, .T. ) ;
#3479 = CARTESIAN_POINT ( 'NONE',  ( 28.25000000766948816, -17.75735931288073033, -12.49999999999999822 ) ) ;
#3480 = FACE_OUTER_BOUND ( 'NONE', #2421, .T. ) ;
#3481 = EDGE_CURVE ( 'NONE', #4632, #1428, #315, .T. ) ;
#3482 = EDGE_CURVE ( 'NONE', #3825, #2356, #2601, .T. ) ;
#3483 = VERTEX_POINT ( 'NONE', #4437 ) ;
#3484 = ORIENTED_EDGE ( 'NONE', *, *, #1314, .T. ) ;
#3485 = FACE_OUTER_BOUND ( 'NONE', #4392, .T. ) ;
#3486 = CARTESIAN_POINT ( 'NONE',  ( 27.24999999908917658, -22.24264067853899007, -11.00000000000000000 ) ) ;
#3487 = LINE ( 'NONE', #3786, #3311 ) ;
#3488 = EDGE_CURVE ( 'NONE', #3703, #1395, #929, .T. ) ;
#3489 = DIRECTION ( 'NONE',  ( -1.192488112498917699E-08, 1.000000000000000000, 0.000000000000000000 ) ) ;
#3490 = ADVANCED_FACE ( 'NONE', ( #3339 ), #4082, .T. ) ;
#3491 = VERTEX_POINT ( 'NONE', #1900 ) ;
#3492 = DIRECTION ( 'NONE',  ( -0.000000000000000000, -0.000000000000000000, -1.000000000000000000 ) ) ;
#3493 = ORIENTED_EDGE ( 'NONE', *, *, #1171, .F. ) ;
#3494 = CARTESIAN_POINT ( 'NONE',  ( -17.22892616430279134, -40.47192760363603270, 13.28001984583019635 ) ) ;
#3495 = CARTESIAN_POINT ( 'NONE',  ( 16.79999999999999716, -44.74283101375674931, -0.7012473179190029660 ) ) ;
#3496 = VERTEX_POINT ( 'NONE', #3365 ) ;
#3497 = DIRECTION ( 'NONE',  ( 0.000000000000000000, 0.000000000000000000, 1.000000000000000000 ) ) ;
#3498 = CARTESIAN_POINT ( 'NONE',  ( -4.083629863802944016, 59.74999995627790383, 133.4883807175925483 ) ) ;
#3499 = DIRECTION ( 'NONE',  ( 0.000000000000000000, 0.000000000000000000, 1.000000000000000000 ) ) ;
#3500 = ORIENTED_EDGE ( 'NONE', *, *, #1929, .T. ) ;
#3501 = CARTESIAN_POINT ( 'NONE',  ( 28.25000000766948816, -18.99999999999999645, -11.00000000000000000 ) ) ;
#3502 = DIRECTION ( 'NONE',  ( -0.000000000000000000, -0.000000000000000000, 1.000000000000000000 ) ) ;
#3503 = VERTEX_POINT ( 'NONE', #2643 ) ;
#3504 = ORIENTED_EDGE ( 'NONE', *, *, #1172, .T. ) ;
#3505 = CYLINDRICAL_SURFACE ( 'NONE', #2203, 2.399999999999999467 ) ;
#3506 = EDGE_CURVE ( 'NONE', #4572, #391, #82, .T. ) ;
#3507 = DIRECTION ( 'NONE',  ( 0.000000000000000000, 0.000000000000000000, 1.000000000000000000 ) ) ;
#3508 = DIRECTION ( 'NONE',  ( 0.000000000000000000, 0.000000000000000000, -1.000000000000000000 ) ) ;
#3509 = CARTESIAN_POINT ( 'NONE',  ( -16.01320338583778380, 59.19599866734611027, -16.98531814000003948 ) ) ;
#3510 = ORIENTED_EDGE ( 'NONE', *, *, #4006, .F. ) ;
#3511 = DIRECTION ( 'NONE',  ( 1.000000000000000000, 2.168404344971008868E-14, 0.000000000000000000 ) ) ;
#3512 = CIRCLE ( 'NONE', #2277, 1.500000000000001554 ) ;
#3513 = EDGE_LOOP ( 'NONE', ( #4336, #914, #1285, #2658 ) ) ;
#3514 = EDGE_CURVE ( 'NONE', #1499, #3293, #2931, .T. ) ;
#3515 = EDGE_CURVE ( 'NONE', #4096, #4632, #4491, .T. ) ;
#3516 = LINE ( 'NONE', #1340, #4361 ) ;
#3517 = AXIS2_PLACEMENT_3D ( 'NONE', #4014, #60, #3994 ) ;
#3518 = DIRECTION ( 'NONE',  ( 1.000000000000000000, 0.000000000000000000, 0.000000000000000000 ) ) ;
#3519 = ORIENTED_EDGE ( 'NONE', *, *, #4034, .T. ) ;
#3520 = DIRECTION ( 'NONE',  ( 1.000000000000000000, 0.000000000000000000, -9.714451465470119729E-17 ) ) ;
#3521 = VECTOR ( 'NONE', #2538, 1000.000000000000000 ) ;
#3522 = CYLINDRICAL_SURFACE ( 'NONE', #309, 1.500000000000001554 ) ;
#3523 = DIRECTION ( 'NONE',  ( 0.000000000000000000, 0.000000000000000000, 1.000000000000000000 ) ) ;
#3524 = CIRCLE ( 'NONE', #4594, 3.249386627195038901 ) ;
#3525 = DIRECTION ( 'NONE',  ( -1.855750695231003188E-14, 1.000000000000000000, 0.000000000000000000 ) ) ;
#3526 = VERTEX_POINT ( 'NONE', #2279 ) ;
#3527 = CARTESIAN_POINT ( 'NONE',  ( -29.60629099835576383, 20.43956672688084808, -13.06781701839283727 ) ) ;
#3528 = LINE ( 'NONE', #4252, #1014 ) ;
#3529 = VECTOR ( 'NONE', #1511, 1000.000000000000000 ) ;
#3530 = AXIS2_PLACEMENT_3D ( 'NONE', #368, #4370, #2172 ) ;
#3531 = AXIS2_PLACEMENT_3D ( 'NONE', #1356, #2100, #2813 ) ;
#3532 = VERTEX_POINT ( 'NONE', #2206 ) ;
#3533 = VERTEX_POINT ( 'NONE', #2951 ) ;
#3534 = CARTESIAN_POINT ( 'NONE',  ( -5.763203281378145526, 62.75000000361709596, -10.80001229471400492 ) ) ;
#3535 = LINE ( 'NONE', #1683, #2841 ) ;
#3536 = PLANE ( 'NONE',  #1249 ) ;
#3537 = CIRCLE ( 'NONE', #3683, 2.999999999999999112 ) ;
#3538 = VECTOR ( 'NONE', #3441, 1000.000000000000000 ) ;
#3539 = EDGE_CURVE ( 'NONE', #3222, #4114, #3674, .T. ) ;
#3540 = ORIENTED_EDGE ( 'NONE', *, *, #3506, .F. ) ;
#3541 = CIRCLE ( 'NONE', #2846, 2.999999999999999112 ) ;
#3542 = CARTESIAN_POINT ( 'NONE',  ( 26.20000000000000284, 26.19999999999999929, -0.7012473179190029660 ) ) ;
#3543 = ORIENTED_EDGE ( 'NONE', *, *, #3211, .T. ) ;
#3544 = CARTESIAN_POINT ( 'NONE',  ( 29.29379622605410205, -20.04379621838462811, -12.79141734328167068 ) ) ;
#3545 = VECTOR ( 'NONE', #1036, 1000.000000000000000 ) ;
#3546 = DIRECTION ( 'NONE',  ( -1.000000000000000000, -5.776600367614871110E-10, 0.000000000000000000 ) ) ;
#3547 = ADVANCED_FACE ( 'NONE', ( #4054, #1856 ), #473, .F. ) ;
#3548 = ADVANCED_FACE ( 'NONE', ( #34 ), #4412, .F. ) ;
#3549 = ORIENTED_EDGE ( 'NONE', *, *, #1826, .T. ) ;
#3550 = LINE ( 'NONE', #963, #2131 ) ;
#3551 = CARTESIAN_POINT ( 'NONE',  ( -16.70000000000001350, 72.19499999999997897, -16.98531814000003948 ) ) ;
#3552 = DIRECTION ( 'NONE',  ( 0.000000000000000000, 0.000000000000000000, 1.000000000000000000 ) ) ;
#3553 = DIRECTION ( 'NONE',  ( -0.000000000000000000, -1.000000000000000000, -0.000000000000000000 ) ) ;
#3554 = VERTEX_POINT ( 'NONE', #186 ) ;
#3555 = DIRECTION ( 'NONE',  ( 1.000000000000000000, 0.000000000000000000, -9.714451465470119729E-17 ) ) ;
#3556 = DIRECTION ( 'NONE',  ( 1.000000000000000000, 1.192488122137013280E-08, 0.000000000000000000 ) ) ;
#3557 = ORIENTED_EDGE ( 'NONE', *, *, #908, .T. ) ;
#3558 = ORIENTED_EDGE ( 'NONE', *, *, #2917, .T. ) ;
#3559 = CARTESIAN_POINT ( 'NONE',  ( -12.76320330673782166, 54.73599864058797948, -6.050012294714004035 ) ) ;
#3560 = DIRECTION ( 'NONE',  ( -0.000000000000000000, -0.000000000000000000, -1.000000000000000000 ) ) ;
#3561 = DIRECTION ( 'NONE',  ( 0.000000000000000000, 0.000000000000000000, -1.000000000000000000 ) ) ;
#3562 = ORIENTED_EDGE ( 'NONE', *, *, #887, .T. ) ;
#3563 = CARTESIAN_POINT ( 'NONE',  ( 19.11637013174453870, 62.74999998962945114, -4.800012294714003147 ) ) ;
#3564 = DIRECTION ( 'NONE',  ( -0.000000000000000000, -0.000000000000000000, -1.000000000000000000 ) ) ;
#3565 = CARTESIAN_POINT ( 'NONE',  ( -16.01320336735421890, 57.64599864143110608, -16.98531814000003948 ) ) ;
#3566 = ORIENTED_EDGE ( 'NONE', *, *, #2683, .F. ) ;
#3567 = PLANE ( 'NONE',  #3200 ) ;
#3568 = CARTESIAN_POINT ( 'NONE',  ( 18.30000000000000426, -44.74283101375674931, -16.98531814000003948 ) ) ;
#3569 = EDGE_CURVE ( 'NONE', #2970, #934, #3982, .T. ) ;
#3570 = ORIENTED_EDGE ( 'NONE', *, *, #4221, .F. ) ;
#3571 = CARTESIAN_POINT ( 'NONE',  ( 26.99999999999953104, 62.75000000241139020, -16.98531814000003948 ) ) ;
#3572 = PLANE ( 'NONE',  #1621 ) ;
#3573 = EDGE_CURVE ( 'NONE', #3679, #3048, #1660, .T. ) ;
#3574 = ADVANCED_FACE ( 'NONE', ( #4206 ), #571, .F. ) ;
#3575 = VERTEX_POINT ( 'NONE', #925 ) ;
#3576 = ORIENTED_EDGE ( 'NONE', *, *, #1381, .F. ) ;
#3577 = DIRECTION ( 'NONE',  ( 0.000000000000000000, 0.000000000000000000, 1.000000000000000000 ) ) ;
#3578 = CARTESIAN_POINT ( 'NONE',  ( 29.87750570377779624, -20.78061268746605350, -13.32525422077278243 ) ) ;
#3579 = DIRECTION ( 'NONE',  ( -1.000000000000000000, 0.000000000000000000, 0.000000000000000000 ) ) ;
#3580 = ORIENTED_EDGE ( 'NONE', *, *, #4384, .F. ) ;
#3581 = DIRECTION ( 'NONE',  ( 1.000000000000000000, 0.000000000000000000, 0.000000000000000000 ) ) ;
#3582 = DIRECTION ( 'NONE',  ( 0.000000000000000000, 1.000000000000000000, 2.394758726656990703E-17 ) ) ;
#3583 = DIRECTION ( 'NONE',  ( -0.9999999999999998890, -1.192488125248453485E-08, -0.000000000000000000 ) ) ;
#3584 = CIRCLE ( 'NONE', #1510, 3.000000000000000000 ) ;
#3585 = ORIENTED_EDGE ( 'NONE', *, *, #175, .T. ) ;
#3586 = DIRECTION ( 'NONE',  ( 1.000000000000000000, 0.000000000000000000, 0.000000000000000000 ) ) ;
#3587 = CARTESIAN_POINT ( 'NONE',  ( -18.27892635226175599, -36.17192779159400828, -2.201247317919003077 ) ) ;
#3588 = FACE_OUTER_BOUND ( 'NONE', #4260, .T. ) ;
#3589 = VECTOR ( 'NONE', #1403, 1000.000000000000000 ) ;
#3590 = EDGE_CURVE ( 'NONE', #4114, #1876, #3121, .T. ) ;
#3591 = AXIS2_PLACEMENT_3D ( 'NONE', #4578, #178, #1632 ) ;
#3592 = ORIENTED_EDGE ( 'NONE', *, *, #1836, .F. ) ;
#3593 = DIRECTION ( 'NONE',  ( 0.000000000000000000, 0.000000000000000000, 1.000000000000000000 ) ) ;
#3594 = DIRECTION ( 'NONE',  ( -1.000000000000000000, -4.670426525301834586E-10, 0.000000000000000000 ) ) ;
#3595 = CIRCLE ( 'NONE', #2143, 1.500000000000015099 ) ;
#3596 = EDGE_CURVE ( 'NONE', #2811, #3278, #2422, .T. ) ;
#3597 = EDGE_CURVE ( 'NONE', #885, #15, #882, .T. ) ;
#3598 = VERTEX_POINT ( 'NONE', #591 ) ;
#3599 = ORIENTED_EDGE ( 'NONE', *, *, #151, .T. ) ;
#3600 = VECTOR ( 'NONE', #4593, 1000.000000000000000 ) ;
#3601 = CARTESIAN_POINT ( 'NONE',  ( -11.26320336827019553, 59.89599872398927261, -6.050012294714004035 ) ) ;
#3602 = DIRECTION ( 'NONE',  ( 1.000000000000000000, 0.000000000000000000, 0.000000000000000000 ) ) ;
#3603 = DIRECTION ( 'NONE',  ( -1.000000000000000000, 0.000000000000000000, 9.714451465470119729E-17 ) ) ;
#3604 = AXIS2_PLACEMENT_3D ( 'NONE', #783, #2232, #4134 ) ;
#3605 = AXIS2_PLACEMENT_3D ( 'NONE', #2029, #185, #3005 ) ;
#3606 = VERTEX_POINT ( 'NONE', #516 ) ;
#3607 = DIRECTION ( 'NONE',  ( -0.000000000000000000, -0.000000000000000000, 1.000000000000000000 ) ) ;
#3608 = VECTOR ( 'NONE', #4655, 1000.000000000000114 ) ;
#3609 = AXIS2_PLACEMENT_3D ( 'NONE', #1780, #70, #2609 ) ;
#3610 = CARTESIAN_POINT ( 'NONE',  ( -26.43284812093930114, 36.83822922263945543, -0.7012473179190126249 ) ) ;
#3611 = DIRECTION ( 'NONE',  ( 1.000000000000000000, 0.000000000000000000, 0.000000000000000000 ) ) ;
#3612 = VECTOR ( 'NONE', #2894, 1000.000000000000000 ) ;
#3613 = VECTOR ( 'NONE', #2816, 1000.000000000000000 ) ;
#3614 = ORIENTED_EDGE ( 'NONE', *, *, #4713, .F. ) ;
#3615 = FACE_OUTER_BOUND ( 'NONE', #1112, .T. ) ;
#3616 = CARTESIAN_POINT ( 'NONE',  ( -28.70320358342638656, 62.39599851601938241, -2.201247317918996416 ) ) ;
#3617 = AXIS2_PLACEMENT_3D ( 'NONE', #1025, #1357, #3918 ) ;
#3618 = FILL_AREA_STYLE ('',( #2441 ) ) ;
#3619 = AXIS2_PLACEMENT_3D ( 'NONE', #2569, #2977, #4029 ) ;
#3620 = ORIENTED_EDGE ( 'NONE', *, *, #150, .T. ) ;
#3621 = DIRECTION ( 'NONE',  ( 0.9999999999999998890, 1.192487951123138445E-08, -0.000000000000000000 ) ) ;
#3622 = DIRECTION ( 'NONE',  ( 1.000000000000000000, 0.000000000000000000, 0.000000000000000000 ) ) ;
#3623 = VERTEX_POINT ( 'NONE', #3853 ) ;
#3624 = ORIENTED_EDGE ( 'NONE', *, *, #1582, .F. ) ;
#3625 = FACE_OUTER_BOUND ( 'NONE', #2677, .T. ) ;
#3626 = CARTESIAN_POINT ( 'NONE',  ( -26.19999999999997087, -30.19999999999999929, -16.98531814000003948 ) ) ;
#3627 =( NAMED_UNIT ( * ) PLANE_ANGLE_UNIT ( ) SI_UNIT ( $, .RADIAN. ) );
#3628 = EDGE_CURVE ( 'NONE', #495, #1257, #165, .T. ) ;
#3629 = VERTEX_POINT ( 'NONE', #2717 ) ;
#3630 = CARTESIAN_POINT ( 'NONE',  ( 19.11637013619705527, 59.74999999071071954, 133.4883807175925483 ) ) ;
#3631 = DIRECTION ( 'NONE',  ( 0.000000000000000000, -9.244463733058732095E-33, 1.000000000000000000 ) ) ;
#3632 = EDGE_CURVE ( 'NONE', #197, #2335, #3537, .T. ) ;
#3633 = EDGE_CURVE ( 'NONE', #3332, #3477, #4517, .T. ) ;
#3634 = DIRECTION ( 'NONE',  ( 1.192488237785244736E-08, -0.9999999999999998890, 0.000000000000000000 ) ) ;
#3635 = DIRECTION ( 'NONE',  ( 9.714451465470119729E-17, -2.394758726656991011E-17, 1.000000000000000000 ) ) ;
#3636 = ORIENTED_EDGE ( 'NONE', *, *, #2984, .T. ) ;
#3637 = DIRECTION ( 'NONE',  ( 1.000000000000000000, 0.000000000000000000, 0.000000000000000000 ) ) ;
#3638 = CARTESIAN_POINT ( 'NONE',  ( 26.99999999999895905, 62.75000000421994173, -4.800012294714003147 ) ) ;
#3639 =( NAMED_UNIT ( * ) SI_UNIT ( $, .STERADIAN. ) SOLID_ANGLE_UNIT ( ) );
#3640 = CARTESIAN_POINT ( 'NONE',  ( 28.34703754517653351, -18.53938515141129528, -12.50198126815891264 ) ) ;
#3641 = DIRECTION ( 'NONE',  ( 1.000000000000000000, 0.000000000000000000, 0.000000000000000000 ) ) ;
#3642 = CARTESIAN_POINT ( 'NONE',  ( -29.32132034355963768, 20.12132034355963839, -12.84390800765195451 ) ) ;
#3643 = ORIENTED_EDGE ( 'NONE', *, *, #704, .F. ) ;
#3644 = ORIENTED_EDGE ( 'NONE', *, *, #1929, .F. ) ;
#3645 = DIRECTION ( 'NONE',  ( 1.000000000000000000, 0.000000000000000000, 0.000000000000000000 ) ) ;
#3646 = CARTESIAN_POINT ( 'NONE',  ( -26.19999999999999929, -26.19999999999999929, -16.98531814000003948 ) ) ;
#3647 = ORIENTED_EDGE ( 'NONE', *, *, #3784, .F. ) ;
#3648 = DIRECTION ( 'NONE',  ( -1.000000000000000000, 0.000000000000000000, 0.000000000000000000 ) ) ;
#3649 = ADVANCED_FACE ( 'NONE', ( #3821, #3438 ), #1614, .T. ) ;
#3650 = FACE_OUTER_BOUND ( 'NONE', #4210, .T. ) ;
#3651 = DIRECTION ( 'NONE',  ( 1.000000000000000000, 0.000000000000000000, 0.000000000000000000 ) ) ;
#3652 = DIRECTION ( 'NONE',  ( -1.000000000000000000, 0.000000000000000000, 0.000000000000000000 ) ) ;
#3653 = EDGE_CURVE ( 'NONE', #2709, #3731, #1845, .T. ) ;
#3654 = EDGE_CURVE ( 'NONE', #4572, #2901, #540, .T. ) ;
#3655 = ORIENTED_EDGE ( 'NONE', *, *, #2744, .T. ) ;
#3656 = CARTESIAN_POINT ( 'NONE',  ( -21.52892635226175599, -36.17192779159400828, -2.201247317919003077 ) ) ;
#3657 = CARTESIAN_POINT ( 'NONE',  ( -13.76320336827019375, 59.89599869417707367, -6.050012294714004035 ) ) ;
#3658 = LINE ( 'NONE', #3757, #1933 ) ;
#3659 = ORIENTED_EDGE ( 'NONE', *, *, #3096, .T. ) ;
#3660 = VECTOR ( 'NONE', #4243, 1000.000000000000000 ) ;
#3661 = PLANE ( 'NONE',  #2447 ) ;
#3662 = CARTESIAN_POINT ( 'NONE',  ( -26.43284812093930114, 3.493675022841859690E-15, -0.7012473179190126249 ) ) ;
#3663 = EDGE_LOOP ( 'NONE', ( #1406, #280, #4107, #4091 ) ) ;
#3664 = CIRCLE ( 'NONE', #3901, 1.499999999999999778 ) ;
#3665 = ORIENTED_EDGE ( 'NONE', *, *, #2332, .F. ) ;
#3666 = DIRECTION ( 'NONE',  ( -0.000000000000000000, -0.000000000000000000, -1.000000000000000000 ) ) ;
#3667 = VECTOR ( 'NONE', #3866, 1000.000000000000000 ) ;
#3668 = VECTOR ( 'NONE', #3039, 1000.000000000000000 ) ;
#3669 = EDGE_LOOP ( 'NONE', ( #3558, #444 ) ) ;
#3670 = ORIENTED_EDGE ( 'NONE', *, *, #3654, .T. ) ;
#3671 = DIRECTION ( 'NONE',  ( 0.000000000000000000, -1.000000000000000000, 0.000000000000000000 ) ) ;
#3672 = VECTOR ( 'NONE', #190, 1000.000000000000114 ) ;
#3673 = EDGE_CURVE ( 'NONE', #1937, #705, #2767, .T. ) ;
#3674 = LINE ( 'NONE', #3750, #2149 ) ;
#3675 = ORIENTED_EDGE ( 'NONE', *, *, #2635, .T. ) ;
#3676 = VECTOR ( 'NONE', #110, 1000.000000000000000 ) ;
#3677 = DIRECTION ( 'NONE',  ( -0.000000000000000000, -0.000000000000000000, -1.000000000000000000 ) ) ;
#3678 = AXIS2_PLACEMENT_3D ( 'NONE', #828, #4132, #515 ) ;
#3679 = VERTEX_POINT ( 'NONE', #803 ) ;
#3680 = DIRECTION ( 'NONE',  ( 0.000000000000000000, 0.000000000000000000, 1.000000000000000000 ) ) ;
#3681 = CARTESIAN_POINT ( 'NONE',  ( -11.76320327692562628, 49.72304779445453704, 145.1871456943875671 ) ) ;
#3682 = FACE_OUTER_BOUND ( 'NONE', #2952, .T. ) ;
#3683 = AXIS2_PLACEMENT_3D ( 'NONE', #2698, #208, #4184 ) ;
#3684 = ADVANCED_FACE ( 'NONE', ( #848 ), #4047, .F. ) ;
#3685 = AXIS2_PLACEMENT_3D ( 'NONE', #616, #3492, #542 ) ;
#3686 = EDGE_CURVE ( 'NONE', #567, #980, #2463, .T. ) ;
#3687 = FACE_OUTER_BOUND ( 'NONE', #71, .T. ) ;
#3688 = DIRECTION ( 'NONE',  ( -1.000000000000000000, 0.000000000000000000, 0.000000000000000000 ) ) ;
#3689 = AXIS2_PLACEMENT_3D ( 'NONE', #2220, #3692, #1526 ) ;
#3690 = VECTOR ( 'NONE', #4090, 999.9999999999998863 ) ;
#3691 = CARTESIAN_POINT ( 'NONE',  ( -19.69999999999998153, -44.74283101375676353, -3.201247317919002633 ) ) ;
#3692 = DIRECTION ( 'NONE',  ( -0.000000000000000000, -0.000000000000000000, 1.000000000000000000 ) ) ;
#3693 = ORIENTED_EDGE ( 'NONE', *, *, #1, .F. ) ;
#3694 = EDGE_CURVE ( 'NONE', #3731, #2041, #3046, .T. ) ;
#3695 = AXIS2_PLACEMENT_3D ( 'NONE', #3949, #1812, #692 ) ;
#3696 = ORIENTED_EDGE ( 'NONE', *, *, #3654, .F. ) ;
#3697 = DIRECTION ( 'NONE',  ( -1.192487775192319573E-08, 1.000000000000000000, 0.000000000000000000 ) ) ;
#3698 = DIRECTION ( 'NONE',  ( -0.000000000000000000, -0.000000000000000000, 1.000000000000000000 ) ) ;
#3699 = EDGE_LOOP ( 'NONE', ( #1489, #2896, #1448, #3705 ) ) ;
#3700 = VERTEX_POINT ( 'NONE', #3334 ) ;
#3701 = CARTESIAN_POINT ( 'NONE',  ( -30.19999999999999929, 25.00000000000000000, -16.98531814000003948 ) ) ;
#3702 = LINE ( 'NONE', #1514, #3390 ) ;
#3703 = VERTEX_POINT ( 'NONE', #2250 ) ;
#3704 = DIRECTION ( 'NONE',  ( 1.000000000000000000, 0.000000000000000000, -0.000000000000000000 ) ) ;
#3705 = ORIENTED_EDGE ( 'NONE', *, *, #4568, .F. ) ;
#3706 = CARTESIAN_POINT ( 'NONE',  ( 16.11637013619705527, 0.000000000000000000, -8.800012294714003147 ) ) ;
#3707 = DIRECTION ( 'NONE',  ( 1.000000000000000000, 1.192487951123138611E-08, -9.714451436912909993E-17 ) ) ;
#3708 = FACE_OUTER_BOUND ( 'NONE', #905, .T. ) ;
#3709 = CYLINDRICAL_SURFACE ( 'NONE', #1775, 3.000000000000000888 ) ;
#3710 = CARTESIAN_POINT ( 'NONE',  ( -31.19999999999998863, 17.75735931288070191, -12.49999999999999822 ) ) ;
#3711 = ADVANCED_FACE ( 'NONE', ( #3001 ), #3025, .F. ) ;
#3712 = FACE_BOUND ( 'NONE', #3131, .T. ) ;
#3713 = CARTESIAN_POINT ( 'NONE',  ( -15.79999999999998117, -44.74283101375676353, -3.201247317919003077 ) ) ;
#3714 = EDGE_LOOP ( 'NONE', ( #1569, #4388, #4242, #875 ) ) ;
#3715 = DIRECTION ( 'NONE',  ( -0.7071067811865493491, 0.7071067811865456854, 6.536822994078918158E-33 ) ) ;
#3716 = VERTEX_POINT ( 'NONE', #1534 ) ;
#3717 = ADVANCED_FACE ( 'NONE', ( #825 ), #4157, .F. ) ;
#3718 = EDGE_CURVE ( 'NONE', #1374, #798, #3720, .T. ) ;
#3719 = CARTESIAN_POINT ( 'NONE',  ( -30.19999999999999929, -22.24264068711928743, -14.49999999999999822 ) ) ;
#3720 = LINE ( 'NONE', #1153, #4367 ) ;
#3721 = ORIENTED_EDGE ( 'NONE', *, *, #238, .T. ) ;
#3722 = ORIENTED_EDGE ( 'NONE', *, *, #990, .F. ) ;
#3723 = CARTESIAN_POINT ( 'NONE',  ( 27.00061343523699264, 59.50061343522999380, -16.98531814000003948 ) ) ;
#3724 = CARTESIAN_POINT ( 'NONE',  ( 2.416370136197056429, 46.08749999999979963, -0.7012473179190021888 ) ) ;
#3725 = ORIENTED_EDGE ( 'NONE', *, *, #3456, .T. ) ;
#3726 = CYLINDRICAL_SURFACE ( 'NONE', #2304, 2.399999999999999467 ) ;
#3727 = CARTESIAN_POINT ( 'NONE',  ( -24.70320355361419118, 59.89599856371889786, -2.201247317918999968 ) ) ;
#3728 = LINE ( 'NONE', #3681, #545 ) ;
#3729 = CARTESIAN_POINT ( 'NONE',  ( -28.60112368447332187, 19.26862485989552098, -12.53740731959717003 ) ) ;
#3730 = CARTESIAN_POINT ( 'NONE',  ( -27.20320346226962727, 52.23599846839269389, -26.70263684700744378 ) ) ;
#3731 = VERTEX_POINT ( 'NONE', #1181 ) ;
#3732 = ORIENTED_EDGE ( 'NONE', *, *, #3330, .F. ) ;
#3733 = DIRECTION ( 'NONE',  ( 1.000000000000000000, -1.141265444721571432E-16, 0.000000000000000000 ) ) ;
#3734 = CARTESIAN_POINT ( 'NONE',  ( 1.416370136197057317, 45.08749999999981384, -6.800012294714002259 ) ) ;
#3735 = ORIENTED_EDGE ( 'NONE', *, *, #4027, .F. ) ;
#3736 = LINE ( 'NONE', #1422, #2084 ) ;
#3737 = EDGE_CURVE ( 'NONE', #1813, #1717, #2765, .T. ) ;
#3738 = VECTOR ( 'NONE', #2915, 1000.000000000000000 ) ;
#3739 = ORIENTED_EDGE ( 'NONE', *, *, #2274, .F. ) ;
#3740 = CARTESIAN_POINT ( 'NONE',  ( -18.19999999999998153, -44.74283101375676353, -3.201247317919003077 ) ) ;
#3741 = PLANE ( 'NONE',  #2689 ) ;
#3742 = VECTOR ( 'NONE', #3333, 1000.000000000000000 ) ;
#3743 = EDGE_CURVE ( 'NONE', #688, #1798, #4148, .T. ) ;
#3744 = EDGE_CURVE ( 'NONE', #2097, #2858, #2083, .T. ) ;
#3745 = ORIENTED_EDGE ( 'NONE', *, *, #2782, .F. ) ;
#3746 = ORIENTED_EDGE ( 'NONE', *, *, #4249, .T. ) ;
#3747 = AXIS2_PLACEMENT_3D ( 'NONE', #4046, #1873, #1121 ) ;
#3748 = DIRECTION ( 'NONE',  ( 0.000000000000000000, -0.000000000000000000, 1.000000000000000000 ) ) ;
#3749 = AXIS2_PLACEMENT_3D ( 'NONE', #3063, #4245, #1598 ) ;
#3750 = CARTESIAN_POINT ( 'NONE',  ( 3.216370136197056251, 64.08749999999999147, -8.800012294714003147 ) ) ;
#3751 = ORIENTED_EDGE ( 'NONE', *, *, #207, .T. ) ;
#3752 = FACE_OUTER_BOUND ( 'NONE', #1984, .T. ) ;
#3753 = ORIENTED_EDGE ( 'NONE', *, *, #782, .T. ) ;
#3754 = DIRECTION ( 'NONE',  ( 0.000000000000000000, 0.000000000000000000, -1.000000000000000000 ) ) ;
#3755 = CIRCLE ( 'NONE', #1529, 1.550000025914995083 ) ;
#3756 = DIRECTION ( 'NONE',  ( 0.000000000000000000, 9.244463733058733463E-33, -1.000000000000000000 ) ) ;
#3757 = CARTESIAN_POINT ( 'NONE',  ( 11.81637013619705989, 45.08749999999977831, -6.800012294714002259 ) ) ;
#3758 = CARTESIAN_POINT ( 'NONE',  ( -28.25000003284309003, 46.72304779290538335, -4.800012294714003147 ) ) ;
#3759 = VECTOR ( 'NONE', #2363, 1000.000000000000000 ) ;
#3760 = CIRCLE ( 'NONE', #4293, 1.500000000000001332 ) ;
#3761 = VERTEX_POINT ( 'NONE', #4078 ) ;
#3762 = DIRECTION ( 'NONE',  ( 1.192487770234732844E-08, -0.9999999999999998890, 0.000000000000000000 ) ) ;
#3763 = DIRECTION ( 'NONE',  ( 1.000000000000000000, 2.775557561562890957E-15, 0.000000000000000000 ) ) ;
#3764 = VECTOR ( 'NONE', #1975, 1000.000000000000000 ) ;
#3765 = LINE ( 'NONE', #382, #4534 ) ;
#3766 = ORIENTED_EDGE ( 'NONE', *, *, #3156, .T. ) ;
#3767 = VECTOR ( 'NONE', #4012, 1000.000000000000000 ) ;
#3768 = DIRECTION ( 'NONE',  ( 0.000000000000000000, 0.000000000000000000, 1.000000000000000000 ) ) ;
#3769 = AXIS2_PLACEMENT_3D ( 'NONE', #2728, #4629, #3476 ) ;
#3770 = CIRCLE ( 'NONE', #4535, 2.999999999999999112 ) ;
#3771 = ORIENTED_EDGE ( 'NONE', *, *, #4095, .T. ) ;
#3772 = CARTESIAN_POINT ( 'NONE',  ( -13.76320336827019375, 59.89599869417707367, -26.70263684700744378 ) ) ;
#3773 = DIRECTION ( 'NONE',  ( 9.714451465470119729E-17, -2.394758726656991011E-17, 1.000000000000000000 ) ) ;
#3774 = CIRCLE ( 'NONE', #1703, 13.99999999999999645 ) ;
#3775 = ORIENTED_EDGE ( 'NONE', *, *, #4356, .T. ) ;
#3776 = ORIENTED_EDGE ( 'NONE', *, *, #1702, .T. ) ;
#3777 = ADVANCED_FACE ( 'NONE', ( #3795, #4429 ), #3741, .T. ) ;
#3778 = CARTESIAN_POINT ( 'NONE',  ( 19.11637013619705527, 59.74999999071071954, -8.800012294713999594 ) ) ;
#3779 = DIRECTION ( 'NONE',  ( 4.518244222928965571E-09, -1.000000000000000000, 0.000000000000000000 ) ) ;
#3780 = ORIENTED_EDGE ( 'NONE', *, *, #590, .T. ) ;
#3781 = DIRECTION ( 'NONE',  ( 0.000000000000000000, 0.000000000000000000, 1.000000000000000000 ) ) ;
#3782 = ORIENTED_EDGE ( 'NONE', *, *, #3515, .T. ) ;
#3783 = EDGE_CURVE ( 'NONE', #3350, #2473, #2303, .T. ) ;
#3784 = EDGE_CURVE ( 'NONE', #3788, #3265, #4487, .T. ) ;
#3785 = CARTESIAN_POINT ( 'NONE',  ( -22.45320347451423260, 55.43599852503587755, -7.550012294714003147 ) ) ;
#3786 = CARTESIAN_POINT ( 'NONE',  ( -6.407954045876452253E-07, 53.73599879278765457, -7.550012294714003147 ) ) ;
#3787 = CARTESIAN_POINT ( 'NONE',  ( -28.19999999999999218, -17.75735931288070546, -12.49999999999999822 ) ) ;
#3788 = VERTEX_POINT ( 'NONE', #106 ) ;
#3789 = DIRECTION ( 'NONE',  ( 0.000000000000000000, 0.000000000000000000, 1.000000000000000000 ) ) ;
#3790 = DIRECTION ( 'NONE',  ( 1.000000000000000000, 1.192488125248453650E-08, 0.000000000000000000 ) ) ;
#3791 = DIRECTION ( 'NONE',  ( -1.192487792521975753E-08, 0.9999999999999998890, 0.000000000000000000 ) ) ;
#3792 = ORIENTED_EDGE ( 'NONE', *, *, #286, .T. ) ;
#3793 = ORIENTED_EDGE ( 'NONE', *, *, #2984, .F. ) ;
#3794 = CARTESIAN_POINT ( 'NONE',  ( -8.763203276925628060, 52.72304779445453704, -4.800012294714002259 ) ) ;
#3795 = FACE_OUTER_BOUND ( 'NONE', #2875, .T. ) ;
#3796 = ORIENTED_EDGE ( 'NONE', *, *, #51, .F. ) ;
#3797 = VERTEX_POINT ( 'NONE', #49 ) ;
#3798 = DIRECTION ( 'NONE',  ( 1.000000000000000000, 0.000000000000000000, 0.000000000000000000 ) ) ;
#3799 = DIRECTION ( 'NONE',  ( 0.000000000000000000, 0.000000000000000000, -1.000000000000000000 ) ) ;
#3800 = EDGE_CURVE ( 'NONE', #2547, #1619, #4439, .T. ) ;
#3801 = ORIENTED_EDGE ( 'NONE', *, *, #2690, .F. ) ;
#3802 = FACE_OUTER_BOUND ( 'NONE', #3908, .T. ) ;
#3803 = EDGE_LOOP ( 'NONE', ( #2224, #2151, #104, #275 ) ) ;
#3804 = CARTESIAN_POINT ( 'NONE',  ( -8.763203276925628060, 52.72304779445453704, 18.64005569719067168 ) ) ;
#3805 = DIRECTION ( 'NONE',  ( 0.000000000000000000, 0.000000000000000000, 1.000000000000000000 ) ) ;
#3806 = ADVANCED_FACE ( 'NONE', ( #877 ), #2688, .F. ) ;
#3807 = EDGE_CURVE ( 'NONE', #1518, #2572, #2219, .T. ) ;
#3808 = ORIENTED_EDGE ( 'NONE', *, *, #1940, .F. ) ;
#3809 = LINE ( 'NONE', #1985, #2442 ) ;
#3810 = CARTESIAN_POINT ( 'NONE',  ( 16.11637013619705527, 59.74999999071071954, -4.800012294714003147 ) ) ;
#3811 = FACE_OUTER_BOUND ( 'NONE', #1654, .T. ) ;
#3812 = ORIENTED_EDGE ( 'NONE', *, *, #1553, .T. ) ;
#3813 = UNCERTAINTY_MEASURE_WITH_UNIT (LENGTH_MEASURE( 1.000000000000000082E-05 ), #3217, 'distance_accuracy_value', 'NONE');
#3814 = ORIENTED_EDGE ( 'NONE', *, *, #3075, .T. ) ;
#3815 = CARTESIAN_POINT ( 'NONE',  ( -24.77892635226175599, -36.17192779159400828, -1.201247317919001745 ) ) ;
#3816 = DIRECTION ( 'NONE',  ( 1.000000000000000000, 0.000000000000000000, -0.000000000000000000 ) ) ;
#3817 = ORIENTED_EDGE ( 'NONE', *, *, #645, .T. ) ;
#3818 = ORIENTED_EDGE ( 'NONE', *, *, #4484, .F. ) ;
#3819 = VECTOR ( 'NONE', #4, 1000.000000000000000 ) ;
#3820 = FACE_OUTER_BOUND ( 'NONE', #2006, .T. ) ;
#3821 = FACE_OUTER_BOUND ( 'NONE', #4013, .T. ) ;
#3822 = VECTOR ( 'NONE', #3555, 1000.000000000000000 ) ;
#3823 = VERTEX_POINT ( 'NONE', #1707 ) ;
#3824 = CARTESIAN_POINT ( 'NONE',  ( -21.90000000000001279, 74.97499999999998010, -16.98531814000003948 ) ) ;
#3825 = VERTEX_POINT ( 'NONE', #4226 ) ;
#3826 = DIRECTION ( 'NONE',  ( 9.714451465470119729E-17, -2.394758726656991011E-17, 1.000000000000000000 ) ) ;
#3827 = EDGE_CURVE ( 'NONE', #1580, #2620, #199, .T. ) ;
#3828 = AXIS2_PLACEMENT_3D ( 'NONE', #4093, #488, #3763 ) ;
#3829 = CARTESIAN_POINT ( 'NONE',  ( 20.49999999999999289, -33.52500000000002700, -16.98531814000003948 ) ) ;
#3830 = CIRCLE ( 'NONE', #1388, 3.247682551242192517 ) ;
#3831 = VERTEX_POINT ( 'NONE', #4634 ) ;
#3832 = DIRECTION ( 'NONE',  ( 1.000000000000000000, 0.000000000000000000, -0.000000000000000000 ) ) ;
#3833 = CARTESIAN_POINT ( 'NONE',  ( -28.24999998338323337, -39.50009115032321461, 133.4883807175925483 ) ) ;
#3834 = CARTESIAN_POINT ( 'NONE',  ( -7.261774491013308351E-07, 60.89599885830161696, -6.050012294714004035 ) ) ;
#3835 = EDGE_CURVE ( 'NONE', #4002, #2796, #3095, .T. ) ;
#3836 = ORIENTED_EDGE ( 'NONE', *, *, #1635, .F. ) ;
#3837 = EDGE_CURVE ( 'NONE', #2891, #4438, #1463, .T. ) ;
#3838 = AXIS2_PLACEMENT_3D ( 'NONE', #3565, #1736, #3611 ) ;
#3839 = ORIENTED_EDGE ( 'NONE', *, *, #318, .T. ) ;
#3840 = VECTOR ( 'NONE', #3467, 1000.000000000000000 ) ;
#3841 = CIRCLE ( 'NONE', #1768, 1.500000000000001332 ) ;
#3842 = CARTESIAN_POINT ( 'NONE',  ( -29.91837751496332132, -20.95906032026004695, -13.46442882803870944 ) ) ;
#3843 = CARTESIAN_POINT ( 'NONE',  ( 28.26966436822496220, 18.15347124220307862, -12.49971567452406163 ) ) ;
#3844 = EDGE_CURVE ( 'NONE', #3856, #4463, #2382, .T. ) ;
#3845 = AXIS2_PLACEMENT_3D ( 'NONE', #2708, #4218, #4175 ) ;
#3846 = AXIS2_PLACEMENT_3D ( 'NONE', #58, #476, #3367 ) ;
#3847 = ORIENTED_EDGE ( 'NONE', *, *, #2216, .F. ) ;
#3848 = ORIENTED_EDGE ( 'NONE', *, *, #677, .F. ) ;
#3849 = CARTESIAN_POINT ( 'NONE',  ( 29.37132034264883629, -20.12132033497936590, -12.49999999999999822 ) ) ;
#3850 = VECTOR ( 'NONE', #1415, 1000.000000000000000 ) ;
#3851 = AXIS2_PLACEMENT_3D ( 'NONE', #3542, #594, #3511 ) ;
#3852 = DIRECTION ( 'NONE',  ( -0.000000000000000000, -0.000000000000000000, 1.000000000000000000 ) ) ;
#3853 = CARTESIAN_POINT ( 'NONE',  ( -24.70320360131371018, 63.89599856371889786, -0.7012473179189990802 ) ) ;
#3854 = EDGE_LOOP ( 'NONE', ( #3021, #3956, #1979, #2506, #1868, #3889, #1916 ) ) ;
#3855 = CARTESIAN_POINT ( 'NONE',  ( -18.20000000000001350, 72.19499999999997897, -16.98531814000003948 ) ) ;
#3856 = VERTEX_POINT ( 'NONE', #4579 ) ;
#3857 = LINE ( 'NONE', #1644, #2602 ) ;
#3858 = DIRECTION ( 'NONE',  ( 1.192487775192318085E-08, -1.000000000000000000, -2.758182051255290319E-23 ) ) ;
#3859 = VERTEX_POINT ( 'NONE', #3072 ) ;
#3860 = DIRECTION ( 'NONE',  ( -1.000000000000000000, 0.000000000000000000, 0.000000000000000000 ) ) ;
#3861 = DIRECTION ( 'NONE',  ( 5.277844581858584883E-11, -1.000000000000000000, 0.000000000000000000 ) ) ;
#3862 = DIRECTION ( 'NONE',  ( 0.000000000000000000, 0.000000000000000000, -1.000000000000000000 ) ) ;
#3863 = ORIENTED_EDGE ( 'NONE', *, *, #1546, .T. ) ;
#3864 = EDGE_CURVE ( 'NONE', #4481, #2980, #1352, .T. ) ;
#3865 = ORIENTED_EDGE ( 'NONE', *, *, #4306, .T. ) ;
#3866 = DIRECTION ( 'NONE',  ( 0.000000000000000000, 0.000000000000000000, 1.000000000000000000 ) ) ;
#3867 = CARTESIAN_POINT ( 'NONE',  ( 28.40634158246371399, 18.73331537579100114, -12.50464821027463813 ) ) ;
#3868 = EDGE_CURVE ( 'NONE', #1650, #3342, #9, .T. ) ;
#3869 = EDGE_CURVE ( 'NONE', #2948, #771, #3224, .T. ) ;
#3870 = ORIENTED_EDGE ( 'NONE', *, *, #1028, .T. ) ;
#3871 = EDGE_LOOP ( 'NONE', ( #183, #1583, #2144, #1709 ) ) ;
#3872 = DIRECTION ( 'NONE',  ( -0.000000000000000000, -0.000000000000000000, 1.000000000000000000 ) ) ;
#3873 = CARTESIAN_POINT ( 'NONE',  ( 1.356318263278784917E-06, -41.37192703881077449, -2.201247317919003521 ) ) ;
#3874 = PLANE ( 'NONE',  #180 ) ;
#3875 = DIRECTION ( 'NONE',  ( -0.9999999999999998890, -1.192488112498917533E-08, 0.000000000000000000 ) ) ;
#3876 = ORIENTED_EDGE ( 'NONE', *, *, #1639, .T. ) ;
#3877 = LINE ( 'NONE', #2719, #2847 ) ;
#3878 = ORIENTED_EDGE ( 'NONE', *, *, #3331, .T. ) ;
#3879 = DIRECTION ( 'NONE',  ( 0.000000000000000000, 0.000000000000000000, 1.000000000000000000 ) ) ;
#3880 = CARTESIAN_POINT ( 'NONE',  ( -25.00231832797400600, 59.50231832796998788, -16.98531814000003948 ) ) ;
#3881 = ORIENTED_EDGE ( 'NONE', *, *, #3835, .T. ) ;
#3882 = CARTESIAN_POINT ( 'NONE',  ( 1.416370136197057317, 62.74999996444086037, 133.4883807175925483 ) ) ;
#3883 = DIRECTION ( 'NONE',  ( -0.000000000000000000, 0.000000000000000000, -1.000000000000000000 ) ) ;
#3884 = CARTESIAN_POINT ( 'NONE',  ( -14.46320333356880106, 56.98599864623067646, -16.98531814000003948 ) ) ;
#3885 = CARTESIAN_POINT ( 'NONE',  ( -21.52892635226175599, -36.17192779159400828, -1.201247317919001745 ) ) ;
#3886 = EDGE_LOOP ( 'NONE', ( #44, #1488, #3933, #3751 ) ) ;
#3887 = CARTESIAN_POINT ( 'NONE',  ( -29.07867965644035024, 19.87867965644035095, -12.70335811543928806 ) ) ;
#3888 = CARTESIAN_POINT ( 'NONE',  ( 12.61637013619705527, 46.08749999999998437, -8.801247317919001389 ) ) ;
#3889 = ORIENTED_EDGE ( 'NONE', *, *, #3868, .T. ) ;
#3890 = ORIENTED_EDGE ( 'NONE', *, *, #4027, .T. ) ;
#3891 = DIRECTION ( 'NONE',  ( 1.000000000000000000, 0.000000000000000000, 0.000000000000000000 ) ) ;
#3892 = DIRECTION ( 'NONE',  ( 0.000000000000000000, 0.000000000000000000, 1.000000000000000000 ) ) ;
#3893 = FACE_BOUND ( 'NONE', #2115, .T. ) ;
#3894 = EDGE_CURVE ( 'NONE', #2572, #2230, #2712, .T. ) ;
#3895 = EDGE_CURVE ( 'NONE', #2718, #2565, #3259, .T. ) ;
#3896 = ORIENTED_EDGE ( 'NONE', *, *, #2540, .F. ) ;
#3897 = DIRECTION ( 'NONE',  ( 1.000000000000000000, 4.380839319655785124E-34, -9.714451465470118496E-17 ) ) ;
#3898 = VERTEX_POINT ( 'NONE', #2403 ) ;
#3899 = CARTESIAN_POINT ( 'NONE',  ( -35.90000000000000568, -33.52500000000001279, 133.4883807175925483 ) ) ;
#3900 = ADVANCED_FACE ( 'NONE', ( #4538 ), #4200, .F. ) ;
#3901 = AXIS2_PLACEMENT_3D ( 'NONE', #3559, #277, #641 ) ;
#3902 = FACE_OUTER_BOUND ( 'NONE', #1041, .T. ) ;
#3903 = ORIENTED_EDGE ( 'NONE', *, *, #2105, .F. ) ;
#3904 = CIRCLE ( 'NONE', #2674, 0.5000000000000004441 ) ;
#3905 = DIRECTION ( 'NONE',  ( 1.000000000000000000, 0.000000000000000000, 0.000000000000000000 ) ) ;
#3906 = AXIS2_PLACEMENT_3D ( 'NONE', #2624, #1833, #425 ) ;
#3907 = CARTESIAN_POINT ( 'NONE',  ( 28.25000000766948460, 17.75735931288069480, -12.49999999999999822 ) ) ;
#3908 = EDGE_LOOP ( 'NONE', ( #3776, #4160, #3314, #778 ) ) ;
#3909 = PLANE ( 'NONE',  #4352 ) ;
#3910 = DIRECTION ( 'NONE',  ( -1.192488122137013114E-08, 0.9999999999999998890, 0.000000000000000000 ) ) ;
#3911 = AXIS2_PLACEMENT_3D ( 'NONE', #3420, #136, #4570 ) ;
#3912 = VECTOR ( 'NONE', #2776, 1000.000000000000000 ) ;
#3913 = CIRCLE ( 'NONE', #1843, 4.000000000000000000 ) ;
#3914 = ORIENTED_EDGE ( 'NONE', *, *, #1787, .F. ) ;
#3915 = VERTEX_POINT ( 'NONE', #2043 ) ;
#3916 = CARTESIAN_POINT ( 'NONE',  ( 16.79999999999999716, -44.74283101375674931, -3.201247317919003077 ) ) ;
#3917 = DIRECTION ( 'NONE',  ( 1.000000000000000000, 0.000000000000000000, 0.000000000000000000 ) ) ;
#3918 = DIRECTION ( 'NONE',  ( 1.000000000000000000, 0.000000000000000000, 0.000000000000000000 ) ) ;
#3919 = AXIS2_PLACEMENT_3D ( 'NONE', #3885, #737, #4393 ) ;
#3920 = ORIENTED_EDGE ( 'NONE', *, *, #1573, .T. ) ;
#3921 = VECTOR ( 'NONE', #3523, 1000.000000000000000 ) ;
#3922 = DIRECTION ( 'NONE',  ( 0.000000000000000000, 0.000000000000000000, -1.000000000000000000 ) ) ;
#3923 = EDGE_CURVE ( 'NONE', #1516, #1253, #605, .T. ) ;
#3924 = CARTESIAN_POINT ( 'NONE',  ( 29.12867966410982845, -19.87867965644035095, -12.70335811969665407 ) ) ;
#3925 = CIRCLE ( 'NONE', #1399, 1.500000000000001554 ) ;
#3926 = CARTESIAN_POINT ( 'NONE',  ( 2.416370136197056429, 64.08749999999999147, -6.800012294714002259 ) ) ;
#3927 = ADVANCED_FACE ( 'NONE', ( #3480 ), #2351, .T. ) ;
#3928 = EDGE_CURVE ( 'NONE', #895, #495, #3528, .T. ) ;
#3929 = ORIENTED_EDGE ( 'NONE', *, *, #3718, .F. ) ;
#3930 = LINE ( 'NONE', #653, #450 ) ;
#3931 = DIRECTION ( 'NONE',  ( 1.000000000000000000, 0.000000000000000000, 0.000000000000000000 ) ) ;
#3932 = PLANE ( 'NONE',  #98 ) ;
#3933 = ORIENTED_EDGE ( 'NONE', *, *, #610, .T. ) ;
#3934 = LINE ( 'NONE', #2113, #845 ) ;
#3935 = LINE ( 'NONE', #658, #710 ) ;
#3936 = EDGE_LOOP ( 'NONE', ( #1567, #392, #321, #2293 ) ) ;
#3937 = ORIENTED_EDGE ( 'NONE', *, *, #3047, .T. ) ;
#3938 = CARTESIAN_POINT ( 'NONE',  ( -26.43284812093930114, 36.83822922263945543, -4.800012294714003147 ) ) ;
#3939 = CARTESIAN_POINT ( 'NONE',  ( 29.37132034264883629, -20.12132033497936590, -12.84390800772777830 ) ) ;
#3940 = CARTESIAN_POINT ( 'NONE',  ( -24.70320355361419118, 59.89599856371889786, -26.70263684700744378 ) ) ;
#3941 = EDGE_LOOP ( 'NONE', ( #2897, #4401, #1276, #2954, #4565, #4492 ) ) ;
#3942 = DIRECTION ( 'NONE',  ( -1.000000000000000000, 0.000000000000000000, 0.000000000000000000 ) ) ;
#3943 = CARTESIAN_POINT ( 'NONE',  ( -19.70000000000001705, 72.19499999999997897, -16.98531814000003948 ) ) ;
#3944 = ADVANCED_FACE ( 'NONE', ( #221 ), #1677, .F. ) ;
#3945 = DIRECTION ( 'NONE',  ( -1.000000000000000000, -1.192488125248453650E-08, 9.714451436912906295E-17 ) ) ;
#3946 = ORIENTED_EDGE ( 'NONE', *, *, #3481, .F. ) ;
#3947 = LINE ( 'NONE', #599, #3660 ) ;
#3948 = DIRECTION ( 'NONE',  ( -1.331641851542744598E-16, -1.000000000000000000, 0.000000000000000000 ) ) ;
#3949 = CARTESIAN_POINT ( 'NONE',  ( -21.52892635226175599, -36.17192779159400828, -2.201247317919003077 ) ) ;
#3950 = EDGE_CURVE ( 'NONE', #1492, #1183, #1154, .T. ) ;
#3951 = EDGE_CURVE ( 'NONE', #869, #2948, #2195, .T. ) ;
#3952 = EDGE_LOOP ( 'NONE', ( #1363, #1368, #1527, #2026 ) ) ;
#3953 = CARTESIAN_POINT ( 'NONE',  ( -13.76320339808239268, 62.39599869417708078, -0.7012473179190021888 ) ) ;
#3954 = LINE ( 'NONE', #3662, #937 ) ;
#3955 = ORIENTED_EDGE ( 'NONE', *, *, #3248, .T. ) ;
#3956 = ORIENTED_EDGE ( 'NONE', *, *, #4067, .F. ) ;
#3957 = CARTESIAN_POINT ( 'NONE',  ( -28.19999999999998863, 17.75735931288070191, -12.49999999999999822 ) ) ;
#3958 = CARTESIAN_POINT ( 'NONE',  ( -16.01320334100023146, 55.43599860183210382, -7.550012294714003147 ) ) ;
#3959 = VERTEX_POINT ( 'NONE', #2492 ) ;
#3960 = CARTESIAN_POINT ( 'NONE',  ( -24.70320344438229654, 50.73599849820489283, -0.7012473179189994132 ) ) ;
#3961 = DIRECTION ( 'NONE',  ( -0.000000000000000000, -0.000000000000000000, 1.000000000000000000 ) ) ;
#3962 = CARTESIAN_POINT ( 'NONE',  ( 16.79999999999999716, -44.74283101375674931, -3.201247317919003077 ) ) ;
#3963 = VECTOR ( 'NONE', #810, 1000.000000000000000 ) ;
#3964 = EDGE_LOOP ( 'NONE', ( #335, #192, #1243, #1600, #3434, #962, #202, #342, #4692, #129, #846, #209, #2385, #1353 ) ) ;
#3965 = CARTESIAN_POINT ( 'NONE',  ( 30.25000001150423401, -39.50000000000645883, -4.800012294714003147 ) ) ;
#3966 = DIRECTION ( 'NONE',  ( -1.192487770234733010E-08, 1.000000000000000000, 2.394758842500636547E-17 ) ) ;
#3967 = PLANE ( 'NONE',  #396 ) ;
#3968 = TOROIDAL_SURFACE ( 'NONE', #4040, 4.000000000000000000, 1.500000000000000000 ) ;
#3969 = ORIENTED_EDGE ( 'NONE', *, *, #4411, .T. ) ;
#3970 = EDGE_CURVE ( 'NONE', #3477, #3144, #1924, .T. ) ;
#3971 = CARTESIAN_POINT ( 'NONE',  ( -6.610676359185225545E-07, 55.43599879278762188, -10.80001229471400492 ) ) ;
#3972 = CARTESIAN_POINT ( 'NONE',  ( -1.083629863802943794, 0.000000000000000000, -8.800012294714003147 ) ) ;
#3973 = AXIS2_PLACEMENT_3D ( 'NONE', #2503, #789, #1907 ) ;
#3974 = VERTEX_POINT ( 'NONE', #3642 ) ;
#3975 = ORIENTED_EDGE ( 'NONE', *, *, #4738, .F. ) ;
#3976 = EDGE_CURVE ( 'NONE', #3023, #2700, #2532, .T. ) ;
#3977 = CIRCLE ( 'NONE', #693, 3.249386626290762248 ) ;
#3978 = ADVANCED_FACE ( 'NONE', ( #2539 ), #1398, .T. ) ;
#3979 = DIRECTION ( 'NONE',  ( -1.000000000000000000, -1.855750695231003188E-14, 0.000000000000000000 ) ) ;
#3980 = CARTESIAN_POINT ( 'NONE',  ( 29.96838917401845492, -20.95908430022701907, -13.46444759555912896 ) ) ;
#3981 = DIRECTION ( 'NONE',  ( 1.000000000000000000, 0.000000000000000000, 0.000000000000000000 ) ) ;
#3982 = CIRCLE ( 'NONE', #1920, 3.000000000000000888 ) ;
#3983 = AXIS2_PLACEMENT_3D ( 'NONE', #3778, #3852, #497 ) ;
#3984 = ORIENTED_EDGE ( 'NONE', *, *, #3130, .T. ) ;
#3985 = CARTESIAN_POINT ( 'NONE',  ( -13.76320327692561740, 52.23599862866309707, -6.050012294714004035 ) ) ;
#3986 = AXIS2_PLACEMENT_3D ( 'NONE', #1796, #2827, #3622 ) ;
#3987 = TOROIDAL_SURFACE ( 'NONE', #3919, 3.750000000000001332, 0.5000000000000000000 ) ;
#3988 = DIRECTION ( 'NONE',  ( 1.000000000000000000, 1.192488237785245067E-08, 5.516366242432741721E-23 ) ) ;
#3989 = DIRECTION ( 'NONE',  ( -1.000000000000000000, 0.000000000000000000, 0.000000000000000000 ) ) ;
#3990 = VECTOR ( 'NONE', #1745, 1000.000000000000000 ) ;
#3991 = CIRCLE ( 'NONE', #3153, 2.999999999999999112 ) ;
#3992 = CARTESIAN_POINT ( 'NONE',  ( -29.07867965644035024, 19.87867965644035095, -11.00000000000000000 ) ) ;
#3993 = ORIENTED_EDGE ( 'NONE', *, *, #1031, .T. ) ;
#3994 = DIRECTION ( 'NONE',  ( -1.000000000000000000, 0.000000000000000000, 0.000000000000000000 ) ) ;
#3995 = FACE_OUTER_BOUND ( 'NONE', #4512, .T. ) ;
#3996 = PLANE ( 'NONE',  #4232 ) ;
#3997 = VECTOR ( 'NONE', #1362, 1000.000000000000000 ) ;
#3998 = CARTESIAN_POINT ( 'NONE',  ( 28.24999999886298241, -17.95703167713929105, -12.49999999999999645 ) ) ;
#3999 = LINE ( 'NONE', #674, #3285 ) ;
#4000 = CARTESIAN_POINT ( 'NONE',  ( -17.22892616430279134, -40.47192760363603270, -4.800012294714003147 ) ) ;
#4001 = EDGE_CURVE ( 'NONE', #2325, #798, #1850, .T. ) ;
#4002 = VERTEX_POINT ( 'NONE', #316 ) ;
#4003 = ORIENTED_EDGE ( 'NONE', *, *, #3827, .T. ) ;
#4004 = DIRECTION ( 'NONE',  ( 1.519290839321567800E-64, -9.244463733058732095E-33, 1.000000000000000000 ) ) ;
#4005 = LINE ( 'NONE', #2518, #2853 ) ;
#4006 = EDGE_CURVE ( 'NONE', #1733, #1898, #3954, .T. ) ;
#4007 = EDGE_CURVE ( 'NONE', #1062, #3761, #1773, .T. ) ;
#4008 = ORIENTED_EDGE ( 'NONE', *, *, #2659, .T. ) ;
#4009 = CARTESIAN_POINT ( 'NONE',  ( -5.763203281378144638, 62.74999995378513518, 133.4883807175925483 ) ) ;
#4010 = LINE ( 'NONE', #4028, #2608 ) ;
#4011 = LINE ( 'NONE', #3926, #1690 ) ;
#4012 = DIRECTION ( 'NONE',  ( 0.000000000000000000, -0.000000000000000000, -1.000000000000000000 ) ) ;
#4013 = EDGE_LOOP ( 'NONE', ( #189, #603 ) ) ;
#4014 = CARTESIAN_POINT ( 'NONE',  ( -21.90000000000001279, 60.97499999999998721, 133.4883807175925483 ) ) ;
#4015 = CARTESIAN_POINT ( 'NONE',  ( -18.20000000000001350, 72.19499999999997897, -0.7012473179190029660 ) ) ;
#4016 = CARTESIAN_POINT ( 'NONE',  ( -28.19999999999998863, 17.75735931288070191, -12.49999999999999822 ) ) ;
#4017 = LINE ( 'NONE', #795, #1216 ) ;
#4018 = CARTESIAN_POINT ( 'NONE',  ( -28.25000002790730846, 46.72304779290539045, -10.80001229471400492 ) ) ;
#4019 = DIRECTION ( 'NONE',  ( -1.000000000000000000, 0.000000000000000000, 0.000000000000000000 ) ) ;
#4020 = ORIENTED_EDGE ( 'NONE', *, *, #1871, .F. ) ;
#4021 = ORIENTED_EDGE ( 'NONE', *, *, #3573, .F. ) ;
#4022 = CARTESIAN_POINT ( 'NONE',  ( -25.70320349208182265, 54.73599848628001752, -7.550012294714003147 ) ) ;
#4023 = EDGE_CURVE ( 'NONE', #3859, #4359, #1436, .T. ) ;
#4024 = ORIENTED_EDGE ( 'NONE', *, *, #2594, .F. ) ;
#4025 = EDGE_LOOP ( 'NONE', ( #3818, #2994, #1847, #2379, #4080, #3411, #3468, #4083 ) ) ;
#4026 = EDGE_CURVE ( 'NONE', #3414, #1234, #3935, .T. ) ;
#4027 = EDGE_CURVE ( 'NONE', #2825, #2681, #3188, .T. ) ;
#4028 = CARTESIAN_POINT ( 'NONE',  ( 18.30000000000000426, -44.74283101375674931, -16.98531814000003948 ) ) ;
#4029 = DIRECTION ( 'NONE',  ( 1.000000000000000000, 0.000000000000000000, 0.000000000000000000 ) ) ;
#4030 = ORIENTED_EDGE ( 'NONE', *, *, #2168, .T. ) ;
#4031 = DIRECTION ( 'NONE',  ( -0.000000000000000000, -0.000000000000000000, 1.000000000000000000 ) ) ;
#4032 = ORIENTED_EDGE ( 'NONE', *, *, #1101, .F. ) ;
#4033 = CARTESIAN_POINT ( 'NONE',  ( 20.49999999999998579, 74.97499999999998010, -16.98531814000003948 ) ) ;
#4034 = EDGE_CURVE ( 'NONE', #322, #1126, #1321, .T. ) ;
#4035 = ADVANCED_FACE ( 'NONE', ( #1099, #2920 ), #2874, .T. ) ;
#4036 = CARTESIAN_POINT ( 'NONE',  ( 12.61637013619705527, 64.08749999999999147, -0.7012473179190021888 ) ) ;
#4037 = CARTESIAN_POINT ( 'NONE',  ( -25.82892615774507661, -41.37192788557447898, -4.800012294714003147 ) ) ;
#4038 = VECTOR ( 'NONE', #1007, 1000.000000000000000 ) ;
#4039 = DIRECTION ( 'NONE',  ( -0.000000000000000000, 0.000000000000000000, 1.000000000000000000 ) ) ;
#4040 = AXIS2_PLACEMENT_3D ( 'NONE', #3727, #1136, #1831 ) ;
#4041 = LINE ( 'NONE', #4072, #690 ) ;
#4042 = FACE_OUTER_BOUND ( 'NONE', #4333, .T. ) ;
#4043 = VERTEX_POINT ( 'NONE', #4316 ) ;
#4044 = AXIS2_PLACEMENT_3D ( 'NONE', #2910, #1094, #739 ) ;
#4045 = ORIENTED_EDGE ( 'NONE', *, *, #472, .T. ) ;
#4046 = CARTESIAN_POINT ( 'NONE',  ( 0.000000000000000000, 0.000000000000000000, -8.800012294714003147 ) ) ;
#4047 = CYLINDRICAL_SURFACE ( 'NONE', #1078, 1.500000000000015099 ) ;
#4048 = AXIS2_PLACEMENT_3D ( 'NONE', #1435, #4705, #725 ) ;
#4049 = B_SPLINE_CURVE_WITH_KNOTS ( 'NONE', 3,
 ( #3719, #4461, #1180, #2042, #3094, #3842, #896, #148, #1254, #1994 ),
 .UNSPECIFIED., .F., .F.,
 ( 4, 2, 2, 2, 4 ),
 ( -1.095445772280591506E-05, 0.0007144898583468992093, 0.001439934174416604342, 0.002165378490486309475, 0.002890822806556014608 ),
 .UNSPECIFIED. ) ;
#4050 = PRODUCT_RELATED_PRODUCT_CATEGORY ( 'part', '', ( #2300 ) ) ;
#4051 = ORIENTED_EDGE ( 'NONE', *, *, #4332, .F. ) ;
#4052 = EDGE_LOOP ( 'NONE', ( #4104, #3288, #3753, #1854 ) ) ;
#4053 = CARTESIAN_POINT ( 'NONE',  ( -11.26320327692562806, 52.23599865847530310, -26.70263684700744378 ) ) ;
#4054 = FACE_OUTER_BOUND ( 'NONE', #2664, .T. ) ;
#4055 = ADVANCED_FACE ( 'NONE', ( #744 ), #3572, .F. ) ;
#4056 = VERTEX_POINT ( 'NONE', #2160 ) ;
#4057 = VECTOR ( 'NONE', #4179, 1000.000000000000000 ) ;
#4058 = CARTESIAN_POINT ( 'NONE',  ( -11.26320327692562806, 52.23599865847530310, -6.050012294714004035 ) ) ;
#4059 = VECTOR ( 'NONE', #4686, 1000.000000000000000 ) ;
#4060 = VERTEX_POINT ( 'NONE', #3260 ) ;
#4061 = DIRECTION ( 'NONE',  ( 6.842277657836019335E-49, -9.244463733058732095E-33, 1.000000000000000000 ) ) ;
#4062 = CARTESIAN_POINT ( 'NONE',  ( 26.99999999999953104, 62.75000000241139020, -8.800012294713999594 ) ) ;
#4063 = DIRECTION ( 'NONE',  ( 0.7071067811865493491, -0.7071067811865456854, -0.000000000000000000 ) ) ;
#4064 = VECTOR ( 'NONE', #2993, 1000.000000000000000 ) ;
#4065 = VECTOR ( 'NONE', #3419, 1000.000000000000114 ) ;
#4066 = CARTESIAN_POINT ( 'NONE',  ( 16.11637013619705527, 45.58749999999999858, -8.800012294714003147 ) ) ;
#4067 = EDGE_CURVE ( 'NONE', #2027, #3606, #293, .T. ) ;
#4068 = ADVANCED_FACE ( 'NONE', ( #3209 ), #4678, .F. ) ;
#4069 = ORIENTED_EDGE ( 'NONE', *, *, #902, .F. ) ;
#4070 = CIRCLE ( 'NONE', #559, 4.000000000000000000 ) ;
#4071 = VECTOR ( 'NONE', #2170, 1000.000000000000000 ) ;
#4072 = CARTESIAN_POINT ( 'NONE',  ( 1.416370136197057317, 64.08749999999999147, -8.800012294714003147 ) ) ;
#4073 = CARTESIAN_POINT ( 'NONE',  ( 11.81637013619705989, 45.08749999999977831, -6.800012294714002259 ) ) ;
#4074 = ORIENTED_EDGE ( 'NONE', *, *, #1054, .F. ) ;
#4075 = LINE ( 'NONE', #1092, #1771 ) ;
#4076 = ORIENTED_EDGE ( 'NONE', *, *, #2168, .F. ) ;
#4077 = CARTESIAN_POINT ( 'NONE',  ( -22.45320347451423260, 55.43599852503587755, -16.98531814000003948 ) ) ;
#4078 = CARTESIAN_POINT ( 'NONE',  ( -26.43284812093930114, 42.72339333194054234, -4.800012294713996042 ) ) ;
#4079 = ORIENTED_EDGE ( 'NONE', *, *, #2138, .F. ) ;
#4080 = ORIENTED_EDGE ( 'NONE', *, *, #3163, .F. ) ;
#4081 = CARTESIAN_POINT ( 'NONE',  ( -16.01320338583778380, 59.19599866734611027, -7.550012294714003147 ) ) ;
#4082 = PLANE ( 'NONE',  #544 ) ;
#4083 = ORIENTED_EDGE ( 'NONE', *, *, #529, .F. ) ;
#4084 = FACE_OUTER_BOUND ( 'NONE', #432, .T. ) ;
#4085 = ORIENTED_EDGE ( 'NONE', *, *, #1634, .T. ) ;
#4086 = LINE ( 'NONE', #4375, #3439 ) ;
#4087 = DIRECTION ( 'NONE',  ( -0.000000000000000000, -0.000000000000000000, -1.000000000000000000 ) ) ;
#4088 = DIRECTION ( 'NONE',  ( 0.000000000000000000, -9.244463733058733463E-33, 1.000000000000000000 ) ) ;
#4089 = EDGE_CURVE ( 'NONE', #1428, #3491, #4382, .T. ) ;
#4090 = DIRECTION ( 'NONE',  ( -4.371138824236487046E-08, 0.9999999999999991118, 0.000000000000000000 ) ) ;
#4091 = ORIENTED_EDGE ( 'NONE', *, *, #1487, .F. ) ;
#4092 = CARTESIAN_POINT ( 'NONE',  ( -28.82224541895311631, -19.59702809230718401, -12.59590772768246758 ) ) ;
#4093 = CARTESIAN_POINT ( 'NONE',  ( -13.76320336827019375, 59.89599869417707367, -6.050012294714004035 ) ) ;
#4094 = DIRECTION ( 'NONE',  ( 0.000000000000000000, 0.000000000000000000, 1.000000000000000000 ) ) ;
#4095 = EDGE_CURVE ( 'NONE', #517, #4708, #174, .T. ) ;
#4096 = VERTEX_POINT ( 'NONE', #873 ) ;
#4097 = LINE ( 'NONE', #3243, #2298 ) ;
#4098 = EDGE_CURVE ( 'NONE', #4314, #1257, #431, .T. ) ;
#4099 = ORIENTED_EDGE ( 'NONE', *, *, #4545, .T. ) ;
#4100 = DIRECTION ( 'NONE',  ( -0.9999999999999998890, -1.192487775192319243E-08, 0.000000000000000000 ) ) ;
#4101 = DIRECTION ( 'NONE',  ( -0.000000000000000000, -0.000000000000000000, 1.000000000000000000 ) ) ;
#4102 = EDGE_CURVE ( 'NONE', #2276, #4130, #779, .T. ) ;
#4103 = EDGE_LOOP ( 'NONE', ( #2923, #3353, #532, #1339 ) ) ;
#4104 = ORIENTED_EDGE ( 'NONE', *, *, #2337, .F. ) ;
#4105 = CYLINDRICAL_SURFACE ( 'NONE', #3296, 1.499999999999999778 ) ;
#4106 = DIRECTION ( 'NONE',  ( -0.000000000000000000, -0.000000000000000000, 1.000000000000000000 ) ) ;
#4107 = ORIENTED_EDGE ( 'NONE', *, *, #3673, .F. ) ;
#4108 = CARTESIAN_POINT ( 'NONE',  ( -24.70320355361419118, 59.89599856371889786, -6.050012294714004035 ) ) ;
#4109 = EDGE_LOOP ( 'NONE', ( #3098, #2055, #1769, #4074 ) ) ;
#4110 = DIRECTION ( 'NONE',  ( -0.000000000000000000, 1.000000000000000000, -0.000000000000000000 ) ) ;
#4111 = DIRECTION ( 'NONE',  ( 0.000000000000000000, 1.000000000000000000, 0.000000000000000000 ) ) ;
#4112 = PLANE ( 'NONE',  #2615 ) ;
#4113 = DIRECTION ( 'NONE',  ( 1.192487266848206123E-08, -0.9999999999999998890, 0.000000000000000000 ) ) ;
#4114 = VERTEX_POINT ( 'NONE', #2578 ) ;
#4115 = CARTESIAN_POINT ( 'NONE',  ( -12.03355894091131795, 36.83822922263945543, -4.800012294714003147 ) ) ;
#4116 = CARTESIAN_POINT ( 'NONE',  ( -21.90000000000000924, -47.52500000000001279, 133.4883807175925483 ) ) ;
#4117 = CARTESIAN_POINT ( 'NONE',  ( -17.77892635226175599, -36.17192779159400828, -1.201247317919002189 ) ) ;
#4118 = ORIENTED_EDGE ( 'NONE', *, *, #1808, .T. ) ;
#4119 = CARTESIAN_POINT ( 'NONE',  ( 1.416370136197056429, 45.08749999999977831, -8.801247317919001389 ) ) ;
#4120 = ADVANCED_FACE ( 'NONE', ( #1915 ), #1222, .T. ) ;
#4121 = VECTOR ( 'NONE', #3860, 1000.000000000000000 ) ;
#4122 = ORIENTED_EDGE ( 'NONE', *, *, #3211, .F. ) ;
#4123 = DIRECTION ( 'NONE',  ( 1.000000000000000000, 0.000000000000000000, 0.000000000000000000 ) ) ;
#4124 = CARTESIAN_POINT ( 'NONE',  ( -26.19999999999999929, -26.19999999999999929, -16.98531814000003948 ) ) ;
#4125 = VECTOR ( 'NONE', #3170, 1000.000000000000000 ) ;
#4126 = EDGE_CURVE ( 'NONE', #2097, #2348, #43, .T. ) ;
#4127 = EDGE_CURVE ( 'NONE', #3423, #3823, #797, .T. ) ;
#4128 = B_SPLINE_CURVE_WITH_KNOTS ( 'NONE', 3,
 ( #41, #3998, #4398, #3640, #2576, #766, #3347, #2217, #407, #1864 ),
 .UNSPECIFIED., .F., .F.,
 ( 4, 2, 2, 2, 4 ),
 ( 1.334890548695893314E-12, 0.0005903747966036990841, 0.001180749591872507637, 0.001771124387141316189, 0.002361499182410124742 ),
 .UNSPECIFIED. ) ;
#4129 = ORIENTED_EDGE ( 'NONE', *, *, #111, .F. ) ;
#4130 = VERTEX_POINT ( 'NONE', #1501 ) ;
#4131 = AXIS2_PLACEMENT_3D ( 'NONE', #100, #1098, #4742 ) ;
#4132 = DIRECTION ( 'NONE',  ( 0.000000000000000000, 0.000000000000000000, -1.000000000000000000 ) ) ;
#4133 = VECTOR ( 'NONE', #1496, 1000.000000000000000 ) ;
#4134 = DIRECTION ( 'NONE',  ( 0.000000000000000000, 0.000000000000000000, -1.000000000000000000 ) ) ;
#4135 = VERTEX_POINT ( 'NONE', #3307 ) ;
#4136 = CARTESIAN_POINT ( 'NONE',  ( -13.76320338019507261, 60.89599869417707367, -6.050012294714004035 ) ) ;
#4137 = ORIENTED_EDGE ( 'NONE', *, *, #1939, .F. ) ;
#4138 = CARTESIAN_POINT ( 'NONE',  ( -22.45320350086822003, 57.64599856463487981, -10.80001229471400492 ) ) ;
#4139 = TOROIDAL_SURFACE ( 'NONE', #1685, 1.000000000000000000, 1.500000000000000000 ) ;
#4140 = LINE ( 'NONE', #3804, #2523 ) ;
#4141 = CARTESIAN_POINT ( 'NONE',  ( 0.000000000000000000, 36.83822922263945543, 145.1871456943875671 ) ) ;
#4142 = LINE ( 'NONE', #484, #3690 ) ;
#4143 = VECTOR ( 'NONE', #522, 1000.000000000000000 ) ;
#4144 = AXIS2_PLACEMENT_3D ( 'NONE', #1259, #900, #2354 ) ;
#4145 = ORIENTED_EDGE ( 'NONE', *, *, #3219, .T. ) ;
#4146 = DIRECTION ( 'NONE',  ( -0.000000000000000000, -0.000000000000000000, 1.000000000000000000 ) ) ;
#4147 = CARTESIAN_POINT ( 'NONE',  ( 1.416370136197056429, 45.08749999999977831, -0.7012473179190029660 ) ) ;
#4148 = CIRCLE ( 'NONE', #1240, 4.000000000000000000 ) ;
#4149 = DIRECTION ( 'NONE',  ( -0.000000000000000000, -0.000000000000000000, 1.000000000000000000 ) ) ;
#4150 = ORIENTED_EDGE ( 'NONE', *, *, #2332, .T. ) ;
#4151 = VECTOR ( 'NONE', #1545, 1000.000000000000114 ) ;
#4152 = PRODUCT_DEFINITION_CONTEXT ( 'detailed design', #1427, 'design' ) ;
#4153 = VECTOR ( 'NONE', #555, 1000.000000000000000 ) ;
#4154 = VECTOR ( 'NONE', #3607, 1000.000000000000000 ) ;
#4155 = VERTEX_POINT ( 'NONE', #4073 ) ;
#4156 = DIRECTION ( 'NONE',  ( 1.000000000000000000, -3.273063162220391312E-16, 0.000000000000000000 ) ) ;
#4157 = CYLINDRICAL_SURFACE ( 'NONE', #632, 4.000000000000000000 ) ;
#4158 = VECTOR ( 'NONE', #4703, 1000.000000000000114 ) ;
#4159 = EDGE_CURVE ( 'NONE', #4659, #869, #4612, .T. ) ;
#4160 = ORIENTED_EDGE ( 'NONE', *, *, #2534, .F. ) ;
#4161 = PRODUCT_DEFINITION_FORMATION_WITH_SPECIFIED_SOURCE ( 'ä»', '', #2300, .NOT_KNOWN. ) ;
#4162 = ORIENTED_EDGE ( 'NONE', *, *, #2809, .T. ) ;
#4163 = CARTESIAN_POINT ( 'NONE',  ( 29.37132034030093308, 20.12132033263142716, -12.84390800757613782 ) ) ;
#4164 = EDGE_CURVE ( 'NONE', #640, #2248, #3765, .T. ) ;
#4165 = ADVANCED_FACE ( 'NONE', ( #2606, #4042 ), #2940, .F. ) ;
#4166 = DIRECTION ( 'NONE',  ( -1.192487804382836003E-08, 0.9999999999999998890, -0.000000000000000000 ) ) ;
#4167 = ORIENTED_EDGE ( 'NONE', *, *, #290, .F. ) ;
#4168 = CARTESIAN_POINT ( 'NONE',  ( -1.083629863802943794, 0.000000000000000000, -8.800012294714003147 ) ) ;
#4169 = ORIENTED_EDGE ( 'NONE', *, *, #435, .T. ) ;
#4170 = CARTESIAN_POINT ( 'NONE',  ( -14.46320334143921826, 57.64599865991467453, -10.80001229471400492 ) ) ;
#4171 = DIRECTION ( 'NONE',  ( 1.000000000000000000, 0.000000000000000000, 0.000000000000000000 ) ) ;
#4172 = ORIENTED_EDGE ( 'NONE', *, *, #4098, .F. ) ;
#4173 = CARTESIAN_POINT ( 'NONE',  ( 2.416370136197056429, 46.08749999999979963, -8.801247317919001389 ) ) ;
#4174 = CARTESIAN_POINT ( 'NONE',  ( -24.70320348015694023, 53.73599849820489283, -7.550012294714003147 ) ) ;
#4175 = DIRECTION ( 'NONE',  ( -1.000000000000000000, 0.000000000000000000, 0.000000000000000000 ) ) ;
#4176 = ORIENTED_EDGE ( 'NONE', *, *, #3362, .F. ) ;
#4177 = ORIENTED_EDGE ( 'NONE', *, *, #2110, .T. ) ;
#4178 = CARTESIAN_POINT ( 'NONE',  ( -29.82750570471920426, 20.78061269609929695, -13.32525422070642485 ) ) ;
#4179 = DIRECTION ( 'NONE',  ( 1.000000000000000000, -0.000000000000000000, -0.000000000000000000 ) ) ;
#4180 = ORIENTED_EDGE ( 'NONE', *, *, #2510, .T. ) ;
#4181 = ORIENTED_EDGE ( 'NONE', *, *, #2044, .F. ) ;
#4182 = EDGE_CURVE ( 'NONE', #1859, #2784, #1557, .T. ) ;
#4183 = DIRECTION ( 'NONE',  ( 0.000000000000000000, -1.000000000000000000, 0.000000000000000000 ) ) ;
#4184 = DIRECTION ( 'NONE',  ( -1.000000000000000000, 0.000000000000000000, 0.000000000000000000 ) ) ;
#4185 = ORIENTED_EDGE ( 'NONE', *, *, #464, .F. ) ;
#4186 = DIRECTION ( 'NONE',  ( -0.000000000000000000, -0.000000000000000000, -1.000000000000000000 ) ) ;
#4187 = EDGE_CURVE ( 'NONE', #4374, #1419, #3304, .T. ) ;
#4188 = ADVANCED_FACE ( 'NONE', ( #4400 ), #1118, .F. ) ;
#4189 = EDGE_LOOP ( 'NONE', ( #1990, #3969 ) ) ;
#4190 = CARTESIAN_POINT ( 'NONE',  ( -24.77892635226175599, -36.17192779159400828, -2.201247317919003077 ) ) ;
#4191 = DIRECTION ( 'NONE',  ( 1.000000000000000000, 0.000000000000000000, 0.000000000000000000 ) ) ;
#4192 = EDGE_CURVE ( 'NONE', #1636, #4096, #409, .T. ) ;
#4193 = ORIENTED_EDGE ( 'NONE', *, *, #2803, .T. ) ;
#4194 = PLANE ( 'NONE',  #835 ) ;
#4195 = FACE_OUTER_BOUND ( 'NONE', #3513, .T. ) ;
#4196 = CYLINDRICAL_SURFACE ( 'NONE', #2610, 3.249386626290762248 ) ;
#4197 = EDGE_LOOP ( 'NONE', ( #1013, #860, #4193, #2868, #2559, #3061, #2180, #3735, #1852, #2000, #3624 ) ) ;
#4198 = ORIENTED_EDGE ( 'NONE', *, *, #1748, .T. ) ;
#4199 = CARTESIAN_POINT ( 'NONE',  ( -29.24379622432158499, 20.04379622432158570, -12.79141734142096176 ) ) ;
#4200 = CYLINDRICAL_SURFACE ( 'NONE', #247, 1.000000000000000888 ) ;
#4201 = AXIS2_PLACEMENT_3D ( 'NONE', #1068, #401, #4347 ) ;
#4202 = ORIENTED_EDGE ( 'NONE', *, *, #1459, .F. ) ;
#4203 = ORIENTED_EDGE ( 'NONE', *, *, #1047, .F. ) ;
#4204 = AXIS2_PLACEMENT_3D ( 'NONE', #4387, #1103, #2117 ) ;
#4205 = DIRECTION ( 'NONE',  ( -0.000000000000000000, -0.000000000000000000, 1.000000000000000000 ) ) ;
#4206 = FACE_OUTER_BOUND ( 'NONE', #1354, .T. ) ;
#4207 = CIRCLE ( 'NONE', #2068, 1.000000000000000000 ) ;
#4208 = VERTEX_POINT ( 'NONE', #4457 ) ;
#4209 = LINE ( 'NONE', #1000, #3538 ) ;
#4210 = EDGE_LOOP ( 'NONE', ( #3026, #1969, #353, #3325 ) ) ;
#4211 = CARTESIAN_POINT ( 'NONE',  ( -27.19999999999999929, 22.24264068711928743, -12.49999999999999822 ) ) ;
#4212 = AXIS2_PLACEMENT_3D ( 'NONE', #2850, #1345, #2109 ) ;
#4213 = ADVANCED_FACE ( 'NONE', ( #1176, #3020 ), #4480, .F. ) ;
#4214 = AXIS2_PLACEMENT_3D ( 'NONE', #4667, #3879, #666 ) ;
#4215 = VERTEX_POINT ( 'NONE', #2655 ) ;
#4216 = CARTESIAN_POINT ( 'NONE',  ( -28.70320355361419118, 59.89599851601938241, -2.201247317918998636 ) ) ;
#4217 = LINE ( 'NONE', #4147, #3668 ) ;
#4218 = DIRECTION ( 'NONE',  ( 0.000000000000000000, 0.000000000000000000, -1.000000000000000000 ) ) ;
#4219 = ORIENTED_EDGE ( 'NONE', *, *, #1989, .T. ) ;
#4220 = VECTOR ( 'NONE', #4391, 1000.000000000000000 ) ;
#4221 = EDGE_CURVE ( 'NONE', #2965, #567, #251, .T. ) ;
#4222 = CIRCLE ( 'NONE', #2150, 2.999999999999999112 ) ;
#4223 = EDGE_CURVE ( 'NONE', #2909, #3700, #3161, .T. ) ;
#4224 = ORIENTED_EDGE ( 'NONE', *, *, #2788, .T. ) ;
#4225 = AXIS2_PLACEMENT_3D ( 'NONE', #2756, #947, #3816 ) ;
#4226 = CARTESIAN_POINT ( 'NONE',  ( 29.12867966410985687, 19.87867965644035806, -11.00000000000000000 ) ) ;
#4227 = AXIS2_PLACEMENT_3D ( 'NONE', #1841, #3380, #1481 ) ;
#4228 = VECTOR ( 'NONE', #1045, 1000.000000000000114 ) ;
#4229 = ORIENTED_EDGE ( 'NONE', *, *, #1433, .F. ) ;
#4230 = ORIENTED_EDGE ( 'NONE', *, *, #2803, .F. ) ;
#4231 = DIRECTION ( 'NONE',  ( -1.000000000000000000, 0.000000000000000000, 0.000000000000000000 ) ) ;
#4232 = AXIS2_PLACEMENT_3D ( 'NONE', #1009, #449, #3322 ) ;
#4233 = VECTOR ( 'NONE', #3546, 1000.000000000000000 ) ;
#4234 = CARTESIAN_POINT ( 'NONE',  ( -18.19999999999998153, -44.74283101375676353, -3.201247317919002633 ) ) ;
#4235 = CARTESIAN_POINT ( 'NONE',  ( -25.00000000000000000, -30.19999999999999929, -16.98531814000003948 ) ) ;
#4236 = DIRECTION ( 'NONE',  ( -1.000000000000000000, 0.000000000000000000, -0.000000000000000000 ) ) ;
#4237 = ORIENTED_EDGE ( 'NONE', *, *, #3107, .T. ) ;
#4238 = LINE ( 'NONE', #1977, #1618 ) ;
#4239 = ORIENTED_EDGE ( 'NONE', *, *, #2085, .T. ) ;
#4240 = CARTESIAN_POINT ( 'NONE',  ( -28.25000087921619851, 59.50231832796998788, 133.4883807175925483 ) ) ;
#4241 = DIRECTION ( 'NONE',  ( 0.000000000000000000, 0.000000000000000000, 1.000000000000000000 ) ) ;
#4242 = ORIENTED_EDGE ( 'NONE', *, *, #880, .F. ) ;
#4243 = DIRECTION ( 'NONE',  ( 0.000000000000000000, 0.000000000000000000, -1.000000000000000000 ) ) ;
#4244 = EDGE_CURVE ( 'NONE', #1419, #357, #218, .T. ) ;
#4245 = DIRECTION ( 'NONE',  ( 9.714451465470119729E-17, -2.394758726656991011E-17, 1.000000000000000000 ) ) ;
#4246 = DIRECTION ( 'NONE',  ( 1.192487951123135798E-08, -0.9999999999999998890, 0.000000000000000000 ) ) ;
#4247 = LINE ( 'NONE', #1347, #2388 ) ;
#4248 = ORIENTED_EDGE ( 'NONE', *, *, #2024, .T. ) ;
#4249 = EDGE_CURVE ( 'NONE', #2221, #3337, #93, .T. ) ;
#4250 = ADVANCED_FACE ( 'NONE', ( #1346 ), #2802, .F. ) ;
#4251 = CARTESIAN_POINT ( 'NONE',  ( -24.77892635226175599, -36.17192779159400828, -2.201247317919003077 ) ) ;
#4252 = CARTESIAN_POINT ( 'NONE',  ( -20.59999999999998010, -44.74283101375676353, -3.201247317919003077 ) ) ;
#4253 = ORIENTED_EDGE ( 'NONE', *, *, #2722, .T. ) ;
#4254 = ORIENTED_EDGE ( 'NONE', *, *, #501, .F. ) ;
#4255 = DIRECTION ( 'NONE',  ( 1.000000000000000000, 0.000000000000000000, 0.000000000000000000 ) ) ;
#4256 = CARTESIAN_POINT ( 'NONE',  ( -16.32892616430278920, -40.47192759489375646, 13.28001984583019635 ) ) ;
#4257 = CARTESIAN_POINT ( 'NONE',  ( 12.61637013619705527, 63.08749999999999147, -0.7012473179190021888 ) ) ;
#4258 = ORIENTED_EDGE ( 'NONE', *, *, #4451, .T. ) ;
#4259 = DIRECTION ( 'NONE',  ( 0.000000000000000000, 1.000000000000000000, 0.000000000000000000 ) ) ;
#4260 = EDGE_LOOP ( 'NONE', ( #3168, #2398, #1233, #4003, #2528, #4647 ) ) ;
#4261 = CARTESIAN_POINT ( 'NONE',  ( 30.24999999908917658, -22.24264067838065628, -11.00000000000000000 ) ) ;
#4262 = DIRECTION ( 'NONE',  ( 1.000000000000000000, 0.000000000000000000, 0.000000000000000000 ) ) ;
#4263 = EDGE_LOOP ( 'NONE', ( #3093, #1067 ) ) ;
#4264 = DIRECTION ( 'NONE',  ( -1.000000000000000000, 0.000000000000000000, 0.000000000000000000 ) ) ;
#4265 = DIRECTION ( 'NONE',  ( -0.000000000000000000, -0.000000000000000000, -1.000000000000000000 ) ) ;
#4266 = CARTESIAN_POINT ( 'NONE',  ( 27.00061343523699264, 59.50061343522999380, 133.4883807175925483 ) ) ;
#4267 = LINE ( 'NONE', #271, #3767 ) ;
#4268 = EDGE_LOOP ( 'NONE', ( #1790, #2693 ) ) ;
#4269 = FACE_OUTER_BOUND ( 'NONE', #4542, .T. ) ;
#4270 = DIRECTION ( 'NONE',  ( -1.192487775192319408E-08, 1.000000000000000000, 1.379091025627646629E-23 ) ) ;
#4271 = EDGE_CURVE ( 'NONE', #2404, #3898, #2916, .T. ) ;
#4272 = ORIENTED_EDGE ( 'NONE', *, *, #4192, .F. ) ;
#4273 = ORIENTED_EDGE ( 'NONE', *, *, #939, .F. ) ;
#4274 = CARTESIAN_POINT ( 'NONE',  ( -24.70320349208182265, 54.73599849820489283, -0.7012473179189991912 ) ) ;
#4275 = DIRECTION ( 'NONE',  ( -0.000000000000000000, -0.000000000000000000, -1.000000000000000000 ) ) ;
#4276 = CYLINDRICAL_SURFACE ( 'NONE', #403, 2.499999999999998668 ) ;
#4277 = EDGE_CURVE ( 'NONE', #1689, #4043, #170, .T. ) ;
#4278 = ADVANCED_FACE ( 'NONE', ( #601 ), #4196, .F. ) ;
#4279 = ORIENTED_EDGE ( 'NONE', *, *, #4406, .F. ) ;
#4280 = CYLINDRICAL_SURFACE ( 'NONE', #2914, 1.500000000000001332 ) ;
#4281 = LINE ( 'NONE', #1692, #2295 ) ;
#4282 = CIRCLE ( 'NONE', #2135, 4.000000000000000000 ) ;
#4283 = CARTESIAN_POINT ( 'NONE',  ( -27.20320346226962727, 52.23599846839269389, -6.050012294714004035 ) ) ;
#4284 = ORIENTED_EDGE ( 'NONE', *, *, #1344, .F. ) ;
#4285 = CARTESIAN_POINT ( 'NONE',  ( -21.52892635226175599, -36.17192779159400828, -0.7012473179190017447 ) ) ;
#4286 = AXIS2_PLACEMENT_3D ( 'NONE', #3258, #1016, #2133 ) ;
#4287 = DIRECTION ( 'NONE',  ( 0.000000000000000000, 0.000000000000000000, 1.000000000000000000 ) ) ;
#4288 = TOROIDAL_SURFACE ( 'NONE', #3749, 4.000000000000000000, 1.500000000000000000 ) ;
#4289 = DIRECTION ( 'NONE',  ( -1.000000000000000000, -1.855750695231003188E-14, 0.000000000000000000 ) ) ;
#4290 = ORIENTED_EDGE ( 'NONE', *, *, #1836, .T. ) ;
#4291 = CARTESIAN_POINT ( 'NONE',  ( 20.49999999999998579, 60.97499999999998721, 133.4883807175925483 ) ) ;
#4292 = DIRECTION ( 'NONE',  ( 1.000000000000000000, 0.000000000000000000, 0.000000000000000000 ) ) ;
#4293 = AXIS2_PLACEMENT_3D ( 'NONE', #4234, #2792, #2453 ) ;
#4294 = ORIENTED_EDGE ( 'NONE', *, *, #3191, .T. ) ;
#4295 = VERTEX_POINT ( 'NONE', #2040 ) ;
#4296 = CARTESIAN_POINT ( 'NONE',  ( -7.261774491013308351E-07, 60.89599885830160986, -7.550012294714003147 ) ) ;
#4297 = EDGE_CURVE ( 'NONE', #2248, #1329, #3541, .T. ) ;
#4298 = CARTESIAN_POINT ( 'NONE',  ( -28.70320355361419118, 59.89599851601938241, -0.7012473179189987471 ) ) ;
#4299 = CARTESIAN_POINT ( 'NONE',  ( -29.32132034355963768, 20.12132034355963839, -11.00000000000000000 ) ) ;
#4300 = AXIS2_PLACEMENT_3D ( 'NONE', #1123, #3698, #416 ) ;
#4301 = VECTOR ( 'NONE', #210, 1000.000000000000000 ) ;
#4302 = VERTEX_POINT ( 'NONE', #4602 ) ;
#4303 = CARTESIAN_POINT ( 'NONE',  ( -4.083629863802944016, 59.74999995627790383, -4.800012294713996042 ) ) ;
#4304 = CIRCLE ( 'NONE', #3851, 4.000000000000000000 ) ;
#4305 = ADVANCED_FACE ( 'NONE', ( #1271 ), #1701, .F. ) ;
#4306 = EDGE_CURVE ( 'NONE', #4420, #1636, #1988, .T. ) ;
#4307 = CARTESIAN_POINT ( 'NONE',  ( -17.22892616430279134, -41.37192760363602417, 13.28001984583019635 ) ) ;
#4308 = AXIS2_PLACEMENT_3D ( 'NONE', #3234, #4313, #3275 ) ;
#4309 = CYLINDRICAL_SURFACE ( 'NONE', #1010, 1.500000000000001554 ) ;
#4310 = VERTEX_POINT ( 'NONE', #508 ) ;
#4311 = DIRECTION ( 'NONE',  ( -1.192487792521975753E-08, 0.9999999999999998890, 0.000000000000000000 ) ) ;
#4312 = DIRECTION ( 'NONE',  ( -1.000000000000000000, 0.000000000000000000, 0.000000000000000000 ) ) ;
#4313 = DIRECTION ( 'NONE',  ( 9.714451465470119729E-17, -2.394758726656991011E-17, 1.000000000000000000 ) ) ;
#4314 = VERTEX_POINT ( 'NONE', #142 ) ;
#4315 = CARTESIAN_POINT ( 'NONE',  ( -2.972748981138723935E-14, -47.52500000000001990, -0.7012473179190126249 ) ) ;
#4316 = CARTESIAN_POINT ( 'NONE',  ( -14.46320333356880106, 56.98599864623067646, -10.80001229471400492 ) ) ;
#4317 = ORIENTED_EDGE ( 'NONE', *, *, #908, .F. ) ;
#4318 = EDGE_LOOP ( 'NONE', ( #945, #585, #2494, #922 ) ) ;
#4319 = CARTESIAN_POINT ( 'NONE',  ( -22.45320349299780105, 56.98599855095087463, -7.550012294714003147 ) ) ;
#4320 = DIRECTION ( 'NONE',  ( -0.000000000000000000, -0.000000000000000000, 1.000000000000000000 ) ) ;
#4321 = CARTESIAN_POINT ( 'NONE',  ( -13.76320325903829556, 50.73599862866308996, -0.7012473179190005235 ) ) ;
#4322 = ORIENTED_EDGE ( 'NONE', *, *, #592, .T. ) ;
#4323 = DIRECTION ( 'NONE',  ( 0.000000000000000000, 1.000000000000000000, 0.000000000000000000 ) ) ;
#4324 = CARTESIAN_POINT ( 'NONE',  ( 30.20000000000000284, -26.19999999999997087, -0.7012473179190029660 ) ) ;
#4325 = DIRECTION ( 'NONE',  ( -0.000000000000000000, 0.000000000000000000, -1.000000000000000000 ) ) ;
#4326 = ADVANCED_FACE ( 'NONE', ( #913 ), #1599, .F. ) ;
#4327 = EDGE_CURVE ( 'NONE', #1580, #3116, #3064, .T. ) ;
#4328 = VERTEX_POINT ( 'NONE', #4530 ) ;
#4329 = DIRECTION ( 'NONE',  ( -0.000000000000000000, -0.000000000000000000, -1.000000000000000000 ) ) ;
#4330 = DIRECTION ( 'NONE',  ( 0.000000000000000000, 0.000000000000000000, -1.000000000000000000 ) ) ;
#4331 = CARTESIAN_POINT ( 'NONE',  ( 14.39999999999998792, 72.19499999999997897, -0.7012473179190029660 ) ) ;
#4332 = EDGE_CURVE ( 'NONE', #4607, #107, #636, .T. ) ;
#4333 = EDGE_LOOP ( 'NONE', ( #854, #2754, #3396, #2651 ) ) ;
#4334 = FACE_OUTER_BOUND ( 'NONE', #3936, .T. ) ;
#4335 = DIRECTION ( 'NONE',  ( -4.670426525301834586E-10, 1.000000000000000000, 0.000000000000000000 ) ) ;
#4336 = ORIENTED_EDGE ( 'NONE', *, *, #758, .F. ) ;
#4337 = ORIENTED_EDGE ( 'NONE', *, *, #1664, .F. ) ;
#4338 = CARTESIAN_POINT ( 'NONE',  ( -27.20320358342638656, 62.39599853390669892, -26.70263684700744378 ) ) ;
#4339 = FACE_OUTER_BOUND ( 'NONE', #253, .T. ) ;
#4340 = LINE ( 'NONE', #4687, #1023 ) ;
#4341 = ORIENTED_EDGE ( 'NONE', *, *, #1083, .F. ) ;
#4342 = FACE_OUTER_BOUND ( 'NONE', #2777, .T. ) ;
#4343 = DIRECTION ( 'NONE',  ( 0.000000000000000000, 0.000000000000000000, 1.000000000000000000 ) ) ;
#4344 = CARTESIAN_POINT ( 'NONE',  ( -26.72892611731203871, -40.47192797955396770, -2.201247317919003521 ) ) ;
#4345 = AXIS2_PLACEMENT_3D ( 'NONE', #3656, #2886, #3637 ) ;
#4346 = ORIENTED_EDGE ( 'NONE', *, *, #949, .T. ) ;
#4347 = DIRECTION ( 'NONE',  ( 1.000000000000000000, 0.000000000000000000, 0.000000000000000000 ) ) ;
#4348 = CARTESIAN_POINT ( 'NONE',  ( -8.763203276925633389, 1.166944823713069778E-15, 18.64005569719067168 ) ) ;
#4349 = DIRECTION ( 'NONE',  ( -0.9999999999999998890, -1.192488112498917533E-08, 0.000000000000000000 ) ) ;
#4350 = ADVANCED_FACE ( 'NONE', ( #2750 ), #965, .F. ) ;
#4351 = VECTOR ( 'NONE', #4061, 1000.000000000000000 ) ;
#4352 = AXIS2_PLACEMENT_3D ( 'NONE', #634, #2095, #2826 ) ;
#4353 = ORIENTED_EDGE ( 'NONE', *, *, #2867, .T. ) ;
#4354 = DIRECTION ( 'NONE',  ( 0.000000000000000000, 0.000000000000000000, 1.000000000000000000 ) ) ;
#4355 = CARTESIAN_POINT ( 'NONE',  ( 30.25000000766948460, 20.99999999999996447, -12.49999999999999822 ) ) ;
#4356 = EDGE_CURVE ( 'NONE', #3483, #4060, #526, .T. ) ;
#4357 = ADVANCED_FACE ( 'NONE', ( #3811 ), #2347, .T. ) ;
#4358 = VECTOR ( 'NONE', #267, 1000.000000000000000 ) ;
#4359 = VERTEX_POINT ( 'NONE', #2091 ) ;
#4360 = ORIENTED_EDGE ( 'NONE', *, *, #3481, .T. ) ;
#4361 = VECTOR ( 'NONE', #3961, 1000.000000000000000 ) ;
#4362 = DIRECTION ( 'NONE',  ( -1.000000000000000000, -1.192487770234733010E-08, 0.000000000000000000 ) ) ;
#4363 = AXIS2_PLACEMENT_3D ( 'NONE', #2341, #3805, #4171 ) ;
#4364 = CIRCLE ( 'NONE', #4442, 3.000000000000002665 ) ;
#4365 = ORIENTED_EDGE ( 'NONE', *, *, #2567, .F. ) ;
#4366 = CYLINDRICAL_SURFACE ( 'NONE', #944, 1.500000000000001554 ) ;
#4367 = VECTOR ( 'NONE', #438, 1000.000000000000000 ) ;
#4368 = CIRCLE ( 'NONE', #3609, 1.499999999999999778 ) ;
#4369 = DIRECTION ( 'NONE',  ( 1.000000000000000000, 0.000000000000000000, 0.000000000000000000 ) ) ;
#4370 = DIRECTION ( 'NONE',  ( -1.000000000000000000, 0.000000000000000000, 0.000000000000000000 ) ) ;
#4371 = VECTOR ( 'NONE', #4149, 1000.000000000000000 ) ;
#4372 = CIRCLE ( 'NONE', #176, 2.399999999999999467 ) ;
#4373 = CARTESIAN_POINT ( 'NONE',  ( -13.68347756033250207, -30.19999999999999929, -0.7012473179190024108 ) ) ;
#4374 = VERTEX_POINT ( 'NONE', #1366 ) ;
#4375 = CARTESIAN_POINT ( 'NONE',  ( -25.00000000000258282, -42.75000000766950592, -16.98531814000003948 ) ) ;
#4376 = CARTESIAN_POINT ( 'NONE',  ( 1.916370136197112162, 42.58749999999978542, -4.800012294714003147 ) ) ;
#4377 = VECTOR ( 'NONE', #3561, 1000.000000000000000 ) ;
#4378 = SURFACE_STYLE_USAGE ( .BOTH. , #1793 ) ;
#4379 = ADVANCED_FACE ( 'NONE', ( #2128 ), #3967, .F. ) ;
#4380 = EDGE_LOOP ( 'NONE', ( #1538, #1203, #1081, #2949 ) ) ;
#4381 = CARTESIAN_POINT ( 'NONE',  ( -12.03355894091131795, 0.000000000000000000, -4.800012294713996042 ) ) ;
#4382 = LINE ( 'NONE', #1146, #1085 ) ;
#4383 = ORIENTED_EDGE ( 'NONE', *, *, #1483, .F. ) ;
#4384 = EDGE_CURVE ( 'NONE', #3629, #4135, #288, .T. ) ;
#4385 = ADVANCED_FACE ( 'NONE', ( #3588 ), #3932, .T. ) ;
#4386 = ORIENTED_EDGE ( 'NONE', *, *, #4249, .F. ) ;
#4387 = CARTESIAN_POINT ( 'NONE',  ( -24.99890579710099203, -39.49890579710100980, -16.98531814000003948 ) ) ;
#4388 = ORIENTED_EDGE ( 'NONE', *, *, #4434, .T. ) ;
#4389 = DIRECTION ( 'NONE',  ( -0.000000000000000000, -0.000000000000000000, 1.000000000000000000 ) ) ;
#4390 = LINE ( 'NONE', #442, #3375 ) ;
#4391 = DIRECTION ( 'NONE',  ( 0.000000000000000000, 0.000000000000000000, 1.000000000000000000 ) ) ;
#4392 = EDGE_LOOP ( 'NONE', ( #624, #593, #2087, #3599 ) ) ;
#4393 = DIRECTION ( 'NONE',  ( 1.000000000000000000, -1.172963063274974611E-34, -9.714451465470119729E-17 ) ) ;
#4394 = ORIENTED_EDGE ( 'NONE', *, *, #1433, .T. ) ;
#4395 = DIRECTION ( 'NONE',  ( -1.000000000000000000, -1.855750695231003188E-14, 0.000000000000000000 ) ) ;
#4396 = FACE_OUTER_BOUND ( 'NONE', #3406, .T. ) ;
#4397 = LINE ( 'NONE', #2986, #2161 ) ;
#4398 = CARTESIAN_POINT ( 'NONE',  ( 28.26973647326494188, -18.15331983650787251, -12.49972361665817999 ) ) ;
#4399 = DIRECTION ( 'NONE',  ( 1.000000000000000000, 4.518244222928965571E-09, -0.000000000000000000 ) ) ;
#4400 = FACE_OUTER_BOUND ( 'NONE', #411, .T. ) ;
#4401 = ORIENTED_EDGE ( 'NONE', *, *, #2371, .F. ) ;
#4402 = ORIENTED_EDGE ( 'NONE', *, *, #3192, .F. ) ;
#4403 = LINE ( 'NONE', #3024, #765 ) ;
#4404 = CARTESIAN_POINT ( 'NONE',  ( 16.79999999999999005, 72.19499999999997897, -16.98531814000003948 ) ) ;
#4405 = DIRECTION ( 'NONE',  ( -2.185569430866352656E-08, 0.9999999999999997780, 0.000000000000000000 ) ) ;
#4406 = EDGE_CURVE ( 'NONE', #177, #3265, #356, .T. ) ;
#4407 = ORIENTED_EDGE ( 'NONE', *, *, #2540, .T. ) ;
#4408 = ORIENTED_EDGE ( 'NONE', *, *, #1940, .T. ) ;
#4409 = CARTESIAN_POINT ( 'NONE',  ( -16.32892638880289837, -30.19999999999999929, -2.201247317919003521 ) ) ;
#4410 = EDGE_CURVE ( 'NONE', #1713, #1524, #943, .T. ) ;
#4411 = EDGE_CURVE ( 'NONE', #899, #759, #4539, .T. ) ;
#4412 = PLANE ( 'NONE',  #3374 ) ;
#4413 = VERTEX_POINT ( 'NONE', #4331 ) ;
#4414 = CARTESIAN_POINT ( 'NONE',  ( -17.22892616430279134, -41.37192760363603128, -2.201247317919003521 ) ) ;
#4415 = CARTESIAN_POINT ( 'NONE',  ( 29.12867966410985687, 19.87867965644035806, -12.49999999999999822 ) ) ;
#4416 = FACE_OUTER_BOUND ( 'NONE', #4526, .T. ) ;
#4417 = CARTESIAN_POINT ( 'NONE',  ( -21.90000000000001279, 60.97499999999998721, -16.98531814000003948 ) ) ;
#4418 = CIRCLE ( 'NONE', #1672, 1.500000000000008216 ) ;
#4419 = CARTESIAN_POINT ( 'NONE',  ( 19.19999999999998863, 72.19499999999997897, -3.201247317919003077 ) ) ;
#4420 = VERTEX_POINT ( 'NONE', #4674 ) ;
#4421 = CIRCLE ( 'NONE', #2362, 1.550000025914998636 ) ;
#4422 = CARTESIAN_POINT ( 'NONE',  ( -26.72892630017409488, -1.207678168408556757E-07, 13.28001984583019635 ) ) ;
#4423 = CARTESIAN_POINT ( 'NONE',  ( -28.24999998338323337, -39.50009115032320750, -4.800012294714003147 ) ) ;
#4424 = ORIENTED_EDGE ( 'NONE', *, *, #2489, .F. ) ;
#4425 = CARTESIAN_POINT ( 'NONE',  ( -12.03355894091131795, 49.72304779445453704, 145.1871456943875671 ) ) ;
#4426 = AXIS2_PLACEMENT_3D ( 'NONE', #1197, #1145, #767 ) ;
#4427 = VERTEX_POINT ( 'NONE', #2871 ) ;
#4428 = DIRECTION ( 'NONE',  ( -1.000000000000000000, 0.000000000000000000, 0.000000000000000000 ) ) ;
#4429 = FACE_BOUND ( 'NONE', #2479, .T. ) ;
#4430 = AXIS2_PLACEMENT_3D ( 'NONE', #579, #3790, #2039 ) ;
#4431 = AXIS2_PLACEMENT_3D ( 'NONE', #163, #1266, #2340 ) ;
#4432 = ORIENTED_EDGE ( 'NONE', *, *, #694, .F. ) ;
#4433 = ORIENTED_EDGE ( 'NONE', *, *, #4026, .T. ) ;
#4434 = EDGE_CURVE ( 'NONE', #2356, #2565, #671, .T. ) ;
#4435 = CARTESIAN_POINT ( 'NONE',  ( -24.70320355361419118, 59.89599856371889786, -6.050012294714004035 ) ) ;
#4436 = VECTOR ( 'NONE', #2666, 1000.000000000000000 ) ;
#4437 = CARTESIAN_POINT ( 'NONE',  ( 13.61637013619705705, 62.74999997349431169, -8.801247317919001389 ) ) ;
#4438 = VERTEX_POINT ( 'NONE', #2504 ) ;
#4439 = CIRCLE ( 'NONE', #4300, 3.000000000000000000 ) ;
#4440 = FACE_OUTER_BOUND ( 'NONE', #1494, .T. ) ;
#4441 = EDGE_CURVE ( 'NONE', #2405, #2620, #4737, .T. ) ;
#4442 = AXIS2_PLACEMENT_3D ( 'NONE', #394, #1130, #1855 ) ;
#4443 = EDGE_CURVE ( 'NONE', #3496, #2811, #3182, .T. ) ;
#4444 = ORIENTED_EDGE ( 'NONE', *, *, #2247, .T. ) ;
#4445 = FACE_OUTER_BOUND ( 'NONE', #1615, .T. ) ;
#4446 = DIRECTION ( 'NONE',  ( 1.000000000000000000, 0.000000000000000000, 0.000000000000000000 ) ) ;
#4447 = CARTESIAN_POINT ( 'NONE',  ( -28.35562574860183105, 18.73133845544218801, -12.50458780815692350 ) ) ;
#4448 = AXIS2_PLACEMENT_3D ( 'NONE', #3834, #2061, #4246 ) ;
#4449 = AXIS2_PLACEMENT_3D ( 'NONE', #4108, #2953, #884 ) ;
#4450 = DIRECTION ( 'NONE',  ( -0.000000000000000000, -0.000000000000000000, -1.000000000000000000 ) ) ;
#4451 = EDGE_CURVE ( 'NONE', #1859, #4590, #714, .T. ) ;
#4452 = ORIENTED_EDGE ( 'NONE', *, *, #1665, .T. ) ;
#4453 = CARTESIAN_POINT ( 'NONE',  ( -29.07867965644034314, -19.87867965644034385, -12.70335811543928450 ) ) ;
#4454 = CIRCLE ( 'NONE', #3617, 14.00000000000000178 ) ;
#4455 = CIRCLE ( 'NONE', #332, 3.247682551242192517 ) ;
#4456 = LINE ( 'NONE', #4116, #1224 ) ;
#4457 = CARTESIAN_POINT ( 'NONE',  ( -28.19999999999999218, -17.75735931288070546, -11.00000000000000000 ) ) ;
#4458 = ORIENTED_EDGE ( 'NONE', *, *, #3597, .T. ) ;
#4459 = LINE ( 'NONE', #4425, #776 ) ;
#4460 = VERTEX_POINT ( 'NONE', #2154 ) ;
#4461 = CARTESIAN_POINT ( 'NONE',  ( -30.19999999999999574, -22.05533162027912297, -14.34706286383707941 ) ) ;
#4462 = DIRECTION ( 'NONE',  ( 1.000000000000000000, 0.000000000000000000, 0.000000000000000000 ) ) ;
#4463 = VERTEX_POINT ( 'NONE', #4650 ) ;
#4464 = MANIFOLD_SOLID_BREP ( '\X2\570689d2\X0\14', #2200 ) ;
#4465 = ORIENTED_EDGE ( 'NONE', *, *, #3673, .T. ) ;
#4466 = CARTESIAN_POINT ( 'NONE',  ( -26.43284812093930114, 42.72339333194054234, -0.7012473179190126249 ) ) ;
#4467 = PRODUCT_DEFINITION ( 'æœ', '', #4161, #4152 ) ;
#4468 = CARTESIAN_POINT ( 'NONE',  ( -24.99980665664885393, 62.74999992523468251, 133.4883807175925483 ) ) ;
#4469 = ORIENTED_EDGE ( 'NONE', *, *, #1597, .T. ) ;
#4470 = LINE ( 'NONE', #2645, #780 ) ;
#4471 = ORIENTED_EDGE ( 'NONE', *, *, #3596, .T. ) ;
#4472 = FACE_OUTER_BOUND ( 'NONE', #2116, .T. ) ;
#4473 = DIRECTION ( 'NONE',  ( 1.000000000000000000, 1.484173008126763085E-09, 0.000000000000000000 ) ) ;
#4474 = FACE_OUTER_BOUND ( 'NONE', #1026, .T. ) ;
#4475 = ADVANCED_FACE ( 'NONE', ( #2822 ), #3996, .F. ) ;
#4476 = DIRECTION ( 'NONE',  ( 1.192488125248453650E-08, -1.000000000000000000, 0.000000000000000000 ) ) ;
#4477 = EDGE_LOOP ( 'NONE', ( #1794, #4137, #2585, #2663, #3592, #1125 ) ) ;
#4478 = FACE_OUTER_BOUND ( 'NONE', #2633, .T. ) ;
#4479 = CARTESIAN_POINT ( 'NONE',  ( 30.24999999999999289, -39.50000000000000711, 133.4883807175925483 ) ) ;
#4480 = PLANE ( 'NONE',  #2536 ) ;
#4481 = VERTEX_POINT ( 'NONE', #1572 ) ;
#4482 = CARTESIAN_POINT ( 'NONE',  ( 30.25000000766948460, -21.00000000000002842, -11.00000000000000000 ) ) ;
#4483 = ADVANCED_FACE ( 'NONE', ( #3682 ), #1521, .F. ) ;
#4484 = EDGE_CURVE ( 'NONE', #2784, #2112, #3774, .T. ) ;
#4485 = ORIENTED_EDGE ( 'NONE', *, *, #4630, .T. ) ;
#4486 = LINE ( 'NONE', #2271, #1674 ) ;
#4487 = LINE ( 'NONE', #2226, #4529 ) ;
#4488 = ORIENTED_EDGE ( 'NONE', *, *, #712, .T. ) ;
#4489 = ORIENTED_EDGE ( 'NONE', *, *, #200, .F. ) ;
#4490 = DIRECTION ( 'NONE',  ( -0.000000000000000000, -0.000000000000000000, 1.000000000000000000 ) ) ;
#4491 = LINE ( 'NONE', #829, #4220 ) ;
#4492 = ORIENTED_EDGE ( 'NONE', *, *, #1664, .T. ) ;
#4493 = DIRECTION ( 'NONE',  ( 1.000000000000000000, 1.484173008126763085E-09, 0.000000000000000000 ) ) ;
#4494 = ORIENTED_EDGE ( 'NONE', *, *, #3837, .T. ) ;
#4495 = CARTESIAN_POINT ( 'NONE',  ( -26.19999999999999929, 26.19999999999999929, -4.800012294714003147 ) ) ;
#4496 = DIRECTION ( 'NONE',  ( -1.000000000000000000, 0.000000000000000000, 0.000000000000000000 ) ) ;
#4497 = CARTESIAN_POINT ( 'NONE',  ( 2.416370136197074636, 45.08749999999979963, -0.7012473179190029660 ) ) ;
#4498 = CARTESIAN_POINT ( 'NONE',  ( 30.24999999908917658, -22.24264067838065628, -14.49999999999999822 ) ) ;
#4499 = VERTEX_POINT ( 'NONE', #2575 ) ;
#4500 = CARTESIAN_POINT ( 'NONE',  ( -24.70320349208182265, 54.73599849820489283, -6.050012294714004035 ) ) ;
#4501 = EDGE_CURVE ( 'NONE', #1898, #631, #481, .T. ) ;
#4502 = DIRECTION ( 'NONE',  ( 1.000000000000000000, 0.000000000000000000, 0.000000000000000000 ) ) ;
#4503 = CARTESIAN_POINT ( 'NONE',  ( -13.76320330673782166, 54.73599862866310417, -0.7012473179190003014 ) ) ;
#4504 = ORIENTED_EDGE ( 'NONE', *, *, #3185, .F. ) ;
#4505 = VECTOR ( 'NONE', #1219, 1000.000000000000000 ) ;
#4506 = VERTEX_POINT ( 'NONE', #3345 ) ;
#4507 = EDGE_CURVE ( 'NONE', #1675, #3598, #4397, .T. ) ;
#4508 = EDGE_CURVE ( 'NONE', #197, #2616, #2285, .T. ) ;
#4509 = CARTESIAN_POINT ( 'NONE',  ( 13.61637013619705705, 64.08749999999999147, -8.801247317919001389 ) ) ;
#4510 = DIRECTION ( 'NONE',  ( 1.000000000000000000, 1.850733984910877024E-09, 0.000000000000000000 ) ) ;
#4511 = VECTOR ( 'NONE', #1819, 1000.000000000000000 ) ;
#4512 = EDGE_LOOP ( 'NONE', ( #3083, #467, #2098, #59 ) ) ;
#4513 = ORIENTED_EDGE ( 'NONE', *, *, #1896, .F. ) ;
#4514 = VECTOR ( 'NONE', #3166, 1000.000000000000000 ) ;
#4515 = PLANE ( 'NONE',  #1077 ) ;
#4516 = VECTOR ( 'NONE', #4473, 1000.000000000000000 ) ;
#4517 = LINE ( 'NONE', #4587, #2223 ) ;
#4518 = ORIENTED_EDGE ( 'NONE', *, *, #619, .F. ) ;
#4519 = CARTESIAN_POINT ( 'NONE',  ( -30.19999999999999929, 26.19999999999997087, -0.7012473179190029660 ) ) ;
#4520 = ORIENTED_EDGE ( 'NONE', *, *, #730, .T. ) ;
#4521 = CIRCLE ( 'NONE', #4598, 1.500000000000001554 ) ;
#4522 = FACE_OUTER_BOUND ( 'NONE', #2058, .T. ) ;
#4523 = CYLINDRICAL_SURFACE ( 'NONE', #1245, 0.8999999295153868761 ) ;
#4524 = CIRCLE ( 'NONE', #1311, 3.249999999999999556 ) ;
#4525 = AXIS2_PLACEMENT_3D ( 'NONE', #4053, #3267, #3316 ) ;
#4526 = EDGE_LOOP ( 'NONE', ( #1728, #1957, #1119, #1252 ) ) ;
#4527 = DIRECTION ( 'NONE',  ( 1.192488122137013114E-08, -0.9999999999999998890, 0.000000000000000000 ) ) ;
#4528 = FACE_OUTER_BOUND ( 'NONE', #187, .T. ) ;
#4529 = VECTOR ( 'NONE', #2301, 1000.000000000000000 ) ;
#4530 = CARTESIAN_POINT ( 'NONE',  ( -26.43284812093930114, 49.48001540195568282, -4.800012294713996042 ) ) ;
#4531 = ORIENTED_EDGE ( 'NONE', *, *, #2982, .F. ) ;
#4532 = AXIS2_PLACEMENT_3D ( 'NONE', #4631, #986, #2571 ) ;
#4533 = ADVANCED_FACE ( 'NONE', ( #4474 ), #812, .F. ) ;
#4534 = VECTOR ( 'NONE', #124, 1000.000000000000000 ) ;
#4535 = AXIS2_PLACEMENT_3D ( 'NONE', #813, #95, #2262 ) ;
#4536 = ORIENTED_EDGE ( 'NONE', *, *, #3628, .T. ) ;
#4537 = CARTESIAN_POINT ( 'NONE',  ( -29.16278312432155317, 19.96278312432155388, -12.74449041169618368 ) ) ;
#4538 = FACE_OUTER_BOUND ( 'NONE', #2705, .T. ) ;
#4539 = CIRCLE ( 'NONE', #1626, 1.500000000000015099 ) ;
#4540 = ADVANCED_FACE ( 'NONE', ( #3708 ), #834, .T. ) ;
#4541 = EDGE_CURVE ( 'NONE', #3915, #322, #791, .T. ) ;
#4542 = EDGE_LOOP ( 'NONE', ( #1218, #2, #940, #57 ) ) ;
#4543 = ORIENTED_EDGE ( 'NONE', *, *, #150, .F. ) ;
#4544 = CARTESIAN_POINT ( 'NONE',  ( -30.19999999999999929, 25.00000000000000000, -0.7012473179190029660 ) ) ;
#4545 = EDGE_CURVE ( 'NONE', #4499, #706, #2326, .T. ) ;
#4546 = CARTESIAN_POINT ( 'NONE',  ( -5.763203276925626284, 59.74999995378512807, -4.800012294713996042 ) ) ;
#4547 = EDGE_CURVE ( 'NONE', #4155, #1876, #3658, .T. ) ;
#4548 = EDGE_LOOP ( 'NONE', ( #3113, #3562, #2413, #1020 ) ) ;
#4549 = FACE_OUTER_BOUND ( 'NONE', #2733, .T. ) ;
#4550 = ORIENTED_EDGE ( 'NONE', *, *, #694, .T. ) ;
#4551 = LINE ( 'NONE', #4240, #2147 ) ;
#4552 = CARTESIAN_POINT ( 'NONE',  ( 0.000000000000000000, 62.75000000361709596, -10.80001229471400492 ) ) ;
#4553 = ORIENTED_EDGE ( 'NONE', *, *, #3628, .F. ) ;
#4554 = CARTESIAN_POINT ( 'NONE',  ( -28.19999999999999574, -17.95665275727107257, -12.50000000000000000 ) ) ;
#4555 = DIRECTION ( 'NONE',  ( -0.7071067811865457964, -0.7071067811865492381, -6.536822994078952370E-33 ) ) ;
#4556 = DIRECTION ( 'NONE',  ( 1.000000000000000000, 0.000000000000000000, 0.000000000000000000 ) ) ;
#4557 = ORIENTED_EDGE ( 'NONE', *, *, #2835, .F. ) ;
#4558 = ORIENTED_EDGE ( 'NONE', *, *, #2452, .T. ) ;
#4559 = CARTESIAN_POINT ( 'NONE',  ( -30.06030356875909604, 21.31753519193140178, -13.74866733655742657 ) ) ;
#4560 = CARTESIAN_POINT ( 'NONE',  ( 34.49999999999998579, 3.493675022841859690E-15, -0.7012473179190126249 ) ) ;
#4561 = ORIENTED_EDGE ( 'NONE', *, *, #1901, .F. ) ;
#4562 = VERTEX_POINT ( 'NONE', #3403 ) ;
#4563 = ADVANCED_FACE ( 'NONE', ( #1551 ), #4112, .F. ) ;
#4564 = CARTESIAN_POINT ( 'NONE',  ( -8.763203276925626284, 59.74999995378512807, 18.64005569719067168 ) ) ;
#4565 = ORIENTED_EDGE ( 'NONE', *, *, #3421, .F. ) ;
#4566 = CYLINDRICAL_SURFACE ( 'NONE', #2009, 2.000000000000001776 ) ;
#4567 = ORIENTED_EDGE ( 'NONE', *, *, #1137, .F. ) ;
#4568 = EDGE_CURVE ( 'NONE', #2948, #3703, #3082, .T. ) ;
#4569 = EDGE_CURVE ( 'NONE', #4590, #2112, #1834, .T. ) ;
#4570 = DIRECTION ( 'NONE',  ( -1.000000000000000000, 0.000000000000000000, 0.000000000000000000 ) ) ;
#4571 = CYLINDRICAL_SURFACE ( 'NONE', #2775, 2.399999999999999467 ) ;
#4572 = VERTEX_POINT ( 'NONE', #1477 ) ;
#4573 = LINE ( 'NONE', #1596, #300 ) ;
#4574 = LINE ( 'NONE', #1987, #1911 ) ;
#4575 = DIRECTION ( 'NONE',  ( -1.141265444721571432E-16, -1.000000000000000000, 0.000000000000000000 ) ) ;
#4576 = EDGE_LOOP ( 'NONE', ( #1189, #3636, #2474, #1401 ) ) ;
#4577 = VERTEX_POINT ( 'NONE', #2937 ) ;
#4578 = CARTESIAN_POINT ( 'NONE',  ( -13.76320330673782166, 54.73599862866310417, -6.050012294714004035 ) ) ;
#4579 = CARTESIAN_POINT ( 'NONE',  ( 13.61637013619705705, 46.08749999999998437, -0.7012473179190029660 ) ) ;
#4580 = AXIS2_PLACEMENT_3D ( 'NONE', #4216, #3089, #870 ) ;
#4581 = ORIENTED_EDGE ( 'NONE', *, *, #213, .F. ) ;
#4582 = ORIENTED_EDGE ( 'NONE', *, *, #4192, .T. ) ;
#4583 = DIRECTION ( 'NONE',  ( -1.000000000000000000, 0.000000000000000000, 0.000000000000000000 ) ) ;
#4584 = AXIS2_PLACEMENT_3D ( 'NONE', #323, #1060, #2515 ) ;
#4585 = DIRECTION ( 'NONE',  ( -5.277844581858584883E-11, 1.000000000000000000, -0.000000000000000000 ) ) ;
#4586 = CARTESIAN_POINT ( 'NONE',  ( -19.70000000000001705, 72.19499999999997897, -3.201247317919002633 ) ) ;
#4587 = CARTESIAN_POINT ( 'NONE',  ( -12.76320265401771081, -1.521996350978276723E-07, -7.550012294714003147 ) ) ;
#4588 = EDGE_CURVE ( 'NONE', #4590, #3350, #762, .T. ) ;
#4589 = AXIS2_PLACEMENT_3D ( 'NONE', #4077, #802, #2249 ) ;
#4590 = VERTEX_POINT ( 'NONE', #663 ) ;
#4591 = DIRECTION ( 'NONE',  ( 0.000000000000000000, 0.000000000000000000, 1.000000000000000000 ) ) ;
#4592 = ORIENTED_EDGE ( 'NONE', *, *, #1003, .F. ) ;
#4593 = DIRECTION ( 'NONE',  ( -0.000000000000000000, 9.244463733058733463E-33, -1.000000000000000000 ) ) ;
#4594 = AXIS2_PLACEMENT_3D ( 'NONE', #2870, #4330, #1051 ) ;
#4595 = CARTESIAN_POINT ( 'NONE',  ( 15.29999999999997407, 72.19499999999997897, -16.98531814000003948 ) ) ;
#4596 = EDGE_CURVE ( 'NONE', #1234, #421, #4454, .T. ) ;
#4597 = ADVANCED_FACE ( 'NONE', ( #4620 ), #1732, .F. ) ;
#4598 = AXIS2_PLACEMENT_3D ( 'NONE', #2360, #3471, #1244 ) ;
#4599 = ORIENTED_EDGE ( 'NONE', *, *, #3633, .F. ) ;
#4600 = CARTESIAN_POINT ( 'NONE',  ( 30.24999999477492807, 59.49994886994356591, 133.4883807175925483 ) ) ;
#4601 = PLANE ( 'NONE',  #1755 ) ;
#4602 = CARTESIAN_POINT ( 'NONE',  ( 30.24999999674130891, 22.24264067634942776, -14.50000000000001243 ) ) ;
#4603 = VECTOR ( 'NONE', #1640, 1000.000000000000000 ) ;
#4604 = VECTOR ( 'NONE', #2381, 1000.000000000000000 ) ;
#4605 = EDGE_CURVE ( 'NONE', #3974, #197, #2477, .T. ) ;
#4606 = LINE ( 'NONE', #1111, #1846 ) ;
#4607 = VERTEX_POINT ( 'NONE', #2814 ) ;
#4608 = AXIS2_PLACEMENT_3D ( 'NONE', #2179, #1371, #4292 ) ;
#4609 = CIRCLE ( 'NONE', #1695, 1.500000000000001554 ) ;
#4610 = CARTESIAN_POINT ( 'NONE',  ( 20.49999999999998579, 60.97499999999998721, -0.7012473179190126249 ) ) ;
#4611 = DIRECTION ( 'NONE',  ( -0.9999999999999998890, -1.192487775192319243E-08, 0.000000000000000000 ) ) ;
#4612 = CIRCLE ( 'NONE', #1158, 2.500000000000000444 ) ;
#4613 = TOROIDAL_SURFACE ( 'NONE', #2537, 4.000000000000000000, 1.500000000000000000 ) ;
#4614 = ORIENTED_EDGE ( 'NONE', *, *, #645, .F. ) ;
#4615 = ORIENTED_EDGE ( 'NONE', *, *, #939, .T. ) ;
#4616 = DIRECTION ( 'NONE',  ( 4.879094186413914022E-43, -9.244463733546642598E-33, 1.000000000000000000 ) ) ;
#4617 = AXIS2_PLACEMENT_3D ( 'NONE', #1942, #1115, #1862 ) ;
#4618 = AXIS2_PLACEMENT_3D ( 'NONE', #3724, #498, #1471 ) ;
#4619 = DIRECTION ( 'NONE',  ( 1.000000000000000000, 0.000000000000000000, 0.000000000000000000 ) ) ;
#4620 = FACE_OUTER_BOUND ( 'NONE', #1412, .T. ) ;
#4621 = ORIENTED_EDGE ( 'NONE', *, *, #2343, .T. ) ;
#4622 = LINE ( 'NONE', #2054, #4301 ) ;
#4623 = ORIENTED_EDGE ( 'NONE', *, *, #4484, .T. ) ;
#4624 = CARTESIAN_POINT ( 'NONE',  ( -20.60000000000001563, 72.19499999999997897, -3.201247317919003077 ) ) ;
#4625 = CARTESIAN_POINT ( 'NONE',  ( 27.00009115032320040, -42.74999998338324758, -4.800012294714003147 ) ) ;
#4626 = VERTEX_POINT ( 'NONE', #227 ) ;
#4627 = DIRECTION ( 'NONE',  ( 0.000000000000000000, -0.000000000000000000, -1.000000000000000000 ) ) ;
#4628 = DIRECTION ( 'NONE',  ( -0.000000000000000000, -0.000000000000000000, 1.000000000000000000 ) ) ;
#4629 = DIRECTION ( 'NONE',  ( 0.000000000000000000, 0.000000000000000000, 1.000000000000000000 ) ) ;
#4630 = EDGE_CURVE ( 'NONE', #421, #2784, #954, .T. ) ;
#4631 = CARTESIAN_POINT ( 'NONE',  ( -18.20000000000001350, 72.19499999999997897, -3.201247317919002633 ) ) ;
#4632 = VERTEX_POINT ( 'NONE', #4497 ) ;
#4633 = DIRECTION ( 'NONE',  ( 1.519290839321567800E-64, -9.244463733058733463E-33, 1.000000000000000000 ) ) ;
#4634 = CARTESIAN_POINT ( 'NONE',  ( -30.19999999999999929, -22.24264068711928743, -11.00000000000000000 ) ) ;
#4635 = ADVANCED_FACE ( 'NONE', ( #1379 ), #4276, .F. ) ;
#4636 = ADVANCED_FACE ( 'NONE', ( #299 ), #3874, .F. ) ;
#4637 = VERTEX_POINT ( 'NONE', #4586 ) ;
#4638 = EDGE_LOOP ( 'NONE', ( #307, #2730, #4032, #3775 ) ) ;
#4639 = CYLINDRICAL_SURFACE ( 'NONE', #66, 2.499999999999998668 ) ;
#4640 = CARTESIAN_POINT ( 'NONE',  ( 30.24999999999999289, -39.50000000000000711, -14.50000000000001243 ) ) ;
#4641 = DIRECTION ( 'NONE',  ( 0.000000000000000000, -1.000000000000000000, 0.000000000000000000 ) ) ;
#4642 = ORIENTED_EDGE ( 'NONE', *, *, #3864, .T. ) ;
#4643 = LINE ( 'NONE', #1359, #3613 ) ;
#4644 = ORIENTED_EDGE ( 'NONE', *, *, #2025, .T. ) ;
#4645 = CARTESIAN_POINT ( 'NONE',  ( -24.70320358342639011, 62.39599856371889786, -2.201247317918998192 ) ) ;
#4646 = CARTESIAN_POINT ( 'NONE',  ( -18.20000000000001350, 72.19499999999997897, -3.201247317919003077 ) ) ;
#4647 = ORIENTED_EDGE ( 'NONE', *, *, #3428, .F. ) ;
#4648 = LINE ( 'NONE', #2502, #606 ) ;
#4649 = FACE_OUTER_BOUND ( 'NONE', #3964, .T. ) ;
#4650 = CARTESIAN_POINT ( 'NONE',  ( 12.61637013619707304, 45.08749999999998437, -0.7012473179190029660 ) ) ;
#4651 = ADVANCED_FACE ( 'NONE', ( #644 ), #2673, .F. ) ;
#4652 = PLANE ( 'NONE',  #2464 ) ;
#4653 = ORIENTED_EDGE ( 'NONE', *, *, #651, .F. ) ;
#4654 = DIRECTION ( 'NONE',  ( -1.000000000000000000, 0.000000000000000000, 0.000000000000000000 ) ) ;
#4655 = DIRECTION ( 'NONE',  ( -1.192487804382836003E-08, 0.9999999999999998890, 2.394758842500640245E-17 ) ) ;
#4656 = EDGE_CURVE ( 'NONE', #1318, #4438, #3487, .T. ) ;
#4657 = EDGE_CURVE ( 'NONE', #1636, #4114, #1305, .T. ) ;
#4658 = ORIENTED_EDGE ( 'NONE', *, *, #4717, .T. ) ;
#4659 = VERTEX_POINT ( 'NONE', #2764 ) ;
#4660 = LINE ( 'NONE', #2859, #3357 ) ;
#4661 = CARTESIAN_POINT ( 'NONE',  ( -25.70320349208181909, 54.73599848628001752, -6.050012294714004035 ) ) ;
#4662 = DIRECTION ( 'NONE',  ( 9.714451465470116031E-17, -2.394758726656990703E-17, 1.000000000000000000 ) ) ;
#4663 = AXIS2_PLACEMENT_3D ( 'NONE', #2038, #3497, #551 ) ;
#4664 = ORIENTED_EDGE ( 'NONE', *, *, #3047, .F. ) ;
#4665 = DIRECTION ( 'NONE',  ( 0.000000000000000000, 0.000000000000000000, -1.000000000000000000 ) ) ;
#4666 = VECTOR ( 'NONE', #4110, 1000.000000000000000 ) ;
#4667 = CARTESIAN_POINT ( 'NONE',  ( -18.20000000000001350, 72.19499999999997897, -16.98531814000003948 ) ) ;
#4668 = VECTOR ( 'NONE', #4156, 1000.000000000000000 ) ;
#4669 = LINE ( 'NONE', #1387, #1457 ) ;
#4670 = ORIENTED_EDGE ( 'NONE', *, *, #2139, .T. ) ;
#4671 = DIRECTION ( 'NONE',  ( 1.000000000000000000, 0.000000000000000000, -8.673617379884035472E-17 ) ) ;
#4672 = CIRCLE ( 'NONE', #1141, 2.399999999999999467 ) ;
#4673 = DIRECTION ( 'NONE',  ( 1.484173008126763085E-09, -1.000000000000000000, 0.000000000000000000 ) ) ;
#4674 = CARTESIAN_POINT ( 'NONE',  ( 3.216370136197056251, 64.08749999999999147, -6.800012294714002259 ) ) ;
#4675 = AXIS2_PLACEMENT_3D ( 'NONE', #4479, #141, #3861 ) ;
#4676 = ORIENTED_EDGE ( 'NONE', *, *, #3074, .F. ) ;
#4677 = CARTESIAN_POINT ( 'NONE',  ( -16.32892616430279276, -40.47192759489375646, -4.800012294714003147 ) ) ;
#4678 = PLANE ( 'NONE',  #2997 ) ;
#4679 = TOROIDAL_SURFACE ( 'NONE', #623, 3.750000000000001332, 0.5000000000000000000 ) ;
#4680 = EDGE_CURVE ( 'NONE', #2129, #982, #2313, .T. ) ;
#4681 = VECTOR ( 'NONE', #1506, 1000.000000000000000 ) ;
#4682 = VECTOR ( 'NONE', #4585, 1000.000000000000000 ) ;
#4683 = ORIENTED_EDGE ( 'NONE', *, *, #3976, .F. ) ;
#4684 = ORIENTED_EDGE ( 'NONE', *, *, #2371, .T. ) ;
#4685 = LINE ( 'NONE', #679, #531 ) ;
#4686 = DIRECTION ( 'NONE',  ( -0.000000000000000000, -1.000000000000000000, -0.000000000000000000 ) ) ;
#4687 = CARTESIAN_POINT ( 'NONE',  ( -16.32892616430278920, -40.47192759489375646, -4.800012294714003147 ) ) ;
#4688 = AXIS2_PLACEMENT_3D ( 'NONE', #2397, #2368, #1628 ) ;
#4689 = EDGE_CURVE ( 'NONE', #1763, #17, #570, .T. ) ;
#4690 = AXIS2_PLACEMENT_3D ( 'NONE', #2142, #820, #3602 ) ;
#4691 = EDGE_CURVE ( 'NONE', #2404, #2359, #1659, .T. ) ;
#4692 = ORIENTED_EDGE ( 'NONE', *, *, #2338, .F. ) ;
#4693 = CIRCLE ( 'NONE', #784, 1.500000000000015099 ) ;
#4694 = DIRECTION ( 'NONE',  ( 1.000000000000000000, 0.000000000000000000, 0.000000000000000000 ) ) ;
#4695 = AXIS2_PLACEMENT_3D ( 'NONE', #3630, #347, #138 ) ;
#4696 = CARTESIAN_POINT ( 'NONE',  ( -8.763203276925633389, 1.166944823713069778E-15, -4.800012294714002259 ) ) ;
#4697 = ADVANCED_FACE ( 'NONE', ( #589, #205, #279, #2049, #3120, #1684, #2430, #3893, #613, #3195 ), #3536, .T. ) ;
#4698 = EDGE_CURVE ( 'NONE', #139, #1859, #4005, .T. ) ;
#4699 = CARTESIAN_POINT ( 'NONE',  ( -28.24999998242454424, -39.50009115032285933, -4.800012294714003147 ) ) ;
#4700 = ORIENTED_EDGE ( 'NONE', *, *, #3569, .F. ) ;
#4701 = PLANE ( 'NONE',  #681 ) ;
#4702 = PLANE ( 'NONE',  #1450 ) ;
#4703 = DIRECTION ( 'NONE',  ( 1.192487266848206123E-08, -0.9999999999999998890, 0.000000000000000000 ) ) ;
#4704 = ORIENTED_EDGE ( 'NONE', *, *, #1826, .F. ) ;
#4705 = DIRECTION ( 'NONE',  ( 0.000000000000000000, 0.000000000000000000, -1.000000000000000000 ) ) ;
#4706 = CARTESIAN_POINT ( 'NONE',  ( 27.00009115032320040, -42.74999998338324758, 133.4883807175925483 ) ) ;
#4707 = ORIENTED_EDGE ( 'NONE', *, *, #1835, .T. ) ;
#4708 = VERTEX_POINT ( 'NONE', #4321 ) ;
#4709 = CARTESIAN_POINT ( 'NONE',  ( 13.11637013619711212, 42.58749999999999147, -8.800012294714003147 ) ) ;
#4710 = DIRECTION ( 'NONE',  ( -0.000000000000000000, -0.000000000000000000, 1.000000000000000000 ) ) ;
#4711 = EDGE_LOOP ( 'NONE', ( #1687, #4553 ) ) ;
#4712 = CARTESIAN_POINT ( 'NONE',  ( 29.12867966410982845, -19.87867965644035095, -12.70335811969665407 ) ) ;
#4713 = EDGE_CURVE ( 'NONE', #3189, #3105, #4693, .T. ) ;
#4714 = DIRECTION ( 'NONE',  ( -0.000000000000000000, -0.000000000000000000, -1.000000000000000000 ) ) ;
#4715 = LINE ( 'NONE', #667, #3294 ) ;
#4716 = EDGE_CURVE ( 'NONE', #301, #329, #3925, .T. ) ;
#4717 = EDGE_CURVE ( 'NONE', #4725, #4728, #4070, .T. ) ;
#4718 = ORIENTED_EDGE ( 'NONE', *, *, #1507, .F. ) ;
#4719 = CARTESIAN_POINT ( 'NONE',  ( 1.416370136197056429, 63.08749999999999147, -0.7012473179190029660 ) ) ;
#4720 = CARTESIAN_POINT ( 'NONE',  ( 1.416370136197056429, 46.08749999999979963, -0.7012473179190029660 ) ) ;
#4721 = ORIENTED_EDGE ( 'NONE', *, *, #2302, .T. ) ;
#4722 = DIRECTION ( 'NONE',  ( 1.000000000000000000, -3.273063162220391312E-16, -9.714451465470120961E-17 ) ) ;
#4723 = CARTESIAN_POINT ( 'NONE',  ( -16.52892639160200972, -30.19999999999999929, -2.201247317919003077 ) ) ;
#4724 = ORIENTED_EDGE ( 'NONE', *, *, #2051, .F. ) ;
#4725 = VERTEX_POINT ( 'NONE', #2562 ) ;
#4726 = CARTESIAN_POINT ( 'NONE',  ( -26.19999999999999929, -26.19999999999999929, -4.800012294714003147 ) ) ;
#4727 = CARTESIAN_POINT ( 'NONE',  ( 16.79999999999999005, 72.19499999999997897, -16.98531814000003948 ) ) ;
#4728 = VERTEX_POINT ( 'NONE', #1800 ) ;
#4729 = DIRECTION ( 'NONE',  ( -1.000000000000000000, 0.000000000000000000, 0.000000000000000000 ) ) ;
#4730 = CARTESIAN_POINT ( 'NONE',  ( -20.60000000000001563, 72.19499999999997897, -0.7012473179190029660 ) ) ;
#4731 = CARTESIAN_POINT ( 'NONE',  ( 14.39999999999998792, 72.19499999999997897, -3.201247317919003077 ) ) ;
#4732 = VECTOR ( 'NONE', #4146, 1000.000000000000000 ) ;
#4733 = DIRECTION ( 'NONE',  ( -0.000000000000000000, -0.000000000000000000, 1.000000000000000000 ) ) ;
#4734 = ORIENTED_EDGE ( 'NONE', *, *, #1028, .F. ) ;
#4735 = CARTESIAN_POINT ( 'NONE',  ( -9.763203306737821663, 54.73599867636261251, -0.7012473179190007455 ) ) ;
#4736 = DIRECTION ( 'NONE',  ( 1.000000000000000000, -0.000000000000000000, 0.000000000000000000 ) ) ;
#4737 = LINE ( 'NONE', #1720, #3545 ) ;
#4738 = EDGE_CURVE ( 'NONE', #1126, #4427, #4340, .T. ) ;
#4739 = EDGE_CURVE ( 'NONE', #1689, #2276, #709, .T. ) ;
#4740 = VECTOR ( 'NONE', #292, 1000.000000000000000 ) ;
#4741 = VERTEX_POINT ( 'NONE', #2545 ) ;
#4742 = DIRECTION ( 'NONE',  ( 1.000000000000000000, 0.000000000000000000, 0.000000000000000000 ) ) ;
#4743 = CARTESIAN_POINT ( 'NONE',  ( -11.26320336827019553, 59.89599872398927261, -2.201247317918999968 ) ) ;
#4744 = EDGE_LOOP ( 'NONE', ( #3836, #1207, #1389, #4402, #3068, #1913, #4432, #4279 ) ) ;
ENDSEC;
END-ISO-10303-21;
