ISO-10303-21;
HEADER;
FILE_DESCRIPTION (( 'STEP AP214' ),
    '1' );
FILE_NAME ('Íâ¿Ç_Ö÷Ìå.STEP',
    '2026-02-11T10:48:01',
    ( '' ),
    ( '' ),
    'SwSTEP 2.0',
    'SolidWorks 2025',
    '' );
FILE_SCHEMA (( 'AUTOMOTIVE_DESIGN' ));
ENDSEC;

DATA;
#1 = PLANE ( 'NONE',  #2664 ) ;
#2 = LINE ( 'NONE', #2424, #1802 ) ;
#3 = LINE ( 'NONE', #1115, #1986 ) ;
#4 = VECTOR ( 'NONE', #3147, 1000.000000000000000 ) ;
#5 = CYLINDRICAL_SURFACE ( 'NONE', #759, 1.250000000000007994 ) ;
#6 = AXIS2_PLACEMENT_3D ( 'NONE', #3393, #934, #1845 ) ;
#7 = CARTESIAN_POINT ( 'NONE',  ( -53.16500000000000625, 27.02000000000000313, 27.99999999999999645 ) ) ;
#8 = ADVANCED_FACE ( 'NONE', ( #1608 ), #2185, .F. ) ;
#9 = VERTEX_POINT ( 'NONE', #2722 ) ;
#10 =( GEOMETRIC_REPRESENTATION_CONTEXT ( 3 ) GLOBAL_UNCERTAINTY_ASSIGNED_CONTEXT ( ( #365 ) ) GLOBAL_UNIT_ASSIGNED_CONTEXT ( ( #1095, #803, #3004 ) ) REPRESENTATION_CONTEXT ( 'NONE', 'WORKASPACE' ) );
#11 = CARTESIAN_POINT ( 'NONE',  ( 53.04890579710099985, 23.11890579710099303, -147.4999999999999716 ) ) ;
#12 = DIRECTION ( 'NONE',  ( -1.700709290173362843E-16, 0.5000000000000065503, 0.8660254037844349329 ) ) ;
#13 = EDGE_CURVE ( 'NONE', #3142, #2295, #210, .T. ) ;
#14 = VECTOR ( 'NONE', #2862, 1000.000000000000000 ) ;
#15 = VERTEX_POINT ( 'NONE', #3276 ) ;
#16 = AXIS2_PLACEMENT_3D ( 'NONE', #1350, #2681, #1063 ) ;
#17 = VERTEX_POINT ( 'NONE', #227 ) ;
#18 = CARTESIAN_POINT ( 'NONE',  ( 25.41367078641650679, -25.41367078641638244, -147.4999999999999716 ) ) ;
#19 = CYLINDRICAL_SURFACE ( 'NONE', #2426, 1.250000000000007994 ) ;
#20 = VECTOR ( 'NONE', #2387, 1000.000000000000000 ) ;
#21 = VERTEX_POINT ( 'NONE', #3056 ) ;
#22 = CARTESIAN_POINT ( 'NONE',  ( -54.42500000000000426, -7.979999999999997762, 18.00000000000000000 ) ) ;
#23 = FACE_OUTER_BOUND ( 'NONE', #2603, .T. ) ;
#24 = DIRECTION ( 'NONE',  ( -1.786290745155050262E-16, -8.742277700000010565E-08, -0.9999999999999963363 ) ) ;
#25 = FACE_OUTER_BOUND ( 'NONE', #3243, .T. ) ;
#26 = ORIENTED_EDGE ( 'NONE', *, *, #900, .T. ) ;
#27 = CARTESIAN_POINT ( 'NONE',  ( -47.95000000000000995, 5.020000000000003126, -24.23067382164290251 ) ) ;
#28 = EDGE_LOOP ( 'NONE', ( #3515, #1792, #1576, #1527 ) ) ;
#29 = EDGE_CURVE ( 'NONE', #1891, #2049, #1050, .T. ) ;
#30 = ORIENTED_EDGE ( 'NONE', *, *, #2990, .T. ) ;
#31 = CARTESIAN_POINT ( 'NONE',  ( -48.95000000000000995, 6.020000000000003126, -147.4999999999999716 ) ) ;
#32 = LINE ( 'NONE', #1139, #118 ) ;
#33 = ORIENTED_EDGE ( 'NONE', *, *, #3150, .T. ) ;
#34 = EDGE_CURVE ( 'NONE', #1300, #87, #1908, .T. ) ;
#35 = CARTESIAN_POINT ( 'NONE',  ( -55.91499999999999915, -28.88000000000000966, 27.99999999999999645 ) ) ;
#36 = FACE_OUTER_BOUND ( 'NONE', #2993, .T. ) ;
#37 = DIRECTION ( 'NONE',  ( -0.000000000000000000, -0.000000000000000000, -1.000000000000000000 ) ) ;
#38 = CARTESIAN_POINT ( 'NONE',  ( 53.07500000000000284, 0.02000000000000265454, -27.68512727847023669 ) ) ;
#39 = CYLINDRICAL_SURFACE ( 'NONE', #1860, 1.599386627496458768 ) ;
#40 = CARTESIAN_POINT ( 'NONE',  ( -45.45342712474620583, 6.020000000000003126, -147.4999999999999716 ) ) ;
#41 = EDGE_LOOP ( 'NONE', ( #3488, #1261, #2082, #1731 ) ) ;
#42 = PLANE ( 'NONE',  #2702 ) ;
#43 = ORIENTED_EDGE ( 'NONE', *, *, #666, .F. ) ;
#44 = CIRCLE ( 'NONE', #3501, 1.250000000000001110 ) ;
#45 = ORIENTED_EDGE ( 'NONE', *, *, #929, .T. ) ;
#46 = AXIS2_PLACEMENT_3D ( 'NONE', #2883, #734, #2957 ) ;
#47 = PLANE ( 'NONE',  #3326 ) ;
#48 = CARTESIAN_POINT ( 'NONE',  ( 51.07500000000000284, -5.979999999999969340, -5.000000000000004441 ) ) ;
#49 = EDGE_CURVE ( 'NONE', #1712, #2634, #2534, .T. ) ;
#50 = ORIENTED_EDGE ( 'NONE', *, *, #903, .T. ) ;
#51 = DIRECTION ( 'NONE',  ( 0.000000000000000000, 6.938893903907227392E-16, 1.000000000000000000 ) ) ;
#52 = DIRECTION ( 'NONE',  ( -5.115265849786603861E-13, -0.9999999999999963363, 8.742276347284407451E-08 ) ) ;
#53 = ADVANCED_FACE ( 'NONE', ( #1334 ), #2515, .T. ) ;
#54 = ORIENTED_EDGE ( 'NONE', *, *, #448, .F. ) ;
#55 = ADVANCED_FACE ( 'NONE', ( #1693 ), #39, .F. ) ;
#56 = VECTOR ( 'NONE', #3078, 1000.000000000000000 ) ;
#57 = DIRECTION ( 'NONE',  ( -1.000000000000000000, 0.000000000000000000, 0.000000000000000000 ) ) ;
#58 = DIRECTION ( 'NONE',  ( 0.000000000000000000, 0.000000000000000000, -1.000000000000000000 ) ) ;
#59 = CARTESIAN_POINT ( 'NONE',  ( -42.91789321881345387, 8.555533905932728445, -24.23067382164290251 ) ) ;
#60 = CARTESIAN_POINT ( 'NONE',  ( -48.95000000000000995, 5.020000000000003126, -147.4999999999999716 ) ) ;
#61 = EDGE_CURVE ( 'NONE', #1592, #1022, #3340, .T. ) ;
#62 = VECTOR ( 'NONE', #2523, 1000.000000000000000 ) ;
#63 = ORIENTED_EDGE ( 'NONE', *, *, #596, .T. ) ;
#64 = AXIS2_PLACEMENT_3D ( 'NONE', #2427, #3205, #2683 ) ;
#65 = CARTESIAN_POINT ( 'NONE',  ( 47.07499999999999574, 34.02000000000000313, 27.00000000000000000 ) ) ;
#66 = ORIENTED_EDGE ( 'NONE', *, *, #2690, .T. ) ;
#67 = VECTOR ( 'NONE', #1043, 1000.000000000000227 ) ;
#68 = ORIENTED_EDGE ( 'NONE', *, *, #2316, .T. ) ;
#69 = VECTOR ( 'NONE', #3425, 1000.000000000000000 ) ;
#70 = DIRECTION ( 'NONE',  ( -1.000000000000000000, 0.000000000000000000, 0.000000000000000000 ) ) ;
#71 = CARTESIAN_POINT ( 'NONE',  ( 53.07500000000000284, -28.87999999999998835, -147.4999999999999716 ) ) ;
#72 = EDGE_LOOP ( 'NONE', ( #3310, #2223, #2887, #3526 ) ) ;
#73 = AXIS2_PLACEMENT_3D ( 'NONE', #872, #565, #581 ) ;
#74 = LINE ( 'NONE', #1182, #415 ) ;
#75 = EDGE_CURVE ( 'NONE', #1891, #1555, #878, .T. ) ;
#76 = CARTESIAN_POINT ( 'NONE',  ( 5.100006971540176792, -28.87999999999998835, -144.4999999637140320 ) ) ;
#77 = CIRCLE ( 'NONE', #1122, 13.99999999999999822 ) ;
#78 = ORIENTED_EDGE ( 'NONE', *, *, #1987, .F. ) ;
#79 = CARTESIAN_POINT ( 'NONE',  ( 53.07500000000000284, -28.87999999999999545, 30.00000000000000000 ) ) ;
#80 = CARTESIAN_POINT ( 'NONE',  ( -53.41499999999999915, 0.02000000000000191208, 18.00000000000000355 ) ) ;
#81 = EDGE_CURVE ( 'NONE', #15, #1014, #3077, .T. ) ;
#82 = LINE ( 'NONE', #1764, #2670 ) ;
#83 = DIRECTION ( 'NONE',  ( 0.000000000000000000, 0.000000000000000000, 1.000000000000000000 ) ) ;
#84 = ORIENTED_EDGE ( 'NONE', *, *, #1785, .T. ) ;
#85 = ADVANCED_FACE ( 'NONE', ( #607 ), #2150, .F. ) ;
#86 = DIRECTION ( 'NONE',  ( 0.000000000000000000, 0.000000000000000000, -1.000000000000000000 ) ) ;
#87 = VERTEX_POINT ( 'NONE', #3261 ) ;
#88 = VERTEX_POINT ( 'NONE', #793 ) ;
#89 = LINE ( 'NONE', #2026, #855 ) ;
#90 = DIRECTION ( 'NONE',  ( -1.000000000000000000, 0.000000000000000000, 0.000000000000000000 ) ) ;
#91 = ORIENTED_EDGE ( 'NONE', *, *, #2953, .F. ) ;
#92 = CYLINDRICAL_SURFACE ( 'NONE', #1519, 3.000000000000002665 ) ;
#93 = DIRECTION ( 'NONE',  ( -1.000000000000000000, 0.000000000000000000, 0.000000000000000000 ) ) ;
#94 = EDGE_LOOP ( 'NONE', ( #1227, #595, #1977, #1077 ) ) ;
#95 = ADVANCED_FACE ( 'NONE', ( #3431 ), #2323, .F. ) ;
#96 = CARTESIAN_POINT ( 'NONE',  ( -53.41499999999999915, -5.979999999999997762, -7.000000000000004441 ) ) ;
#97 = PLANE ( 'NONE',  #708 ) ;
#98 = CARTESIAN_POINT ( 'NONE',  ( -47.55000002927647529, -28.87999999999998835, -145.4999999637140604 ) ) ;
#99 = CARTESIAN_POINT ( 'NONE',  ( 53.07500000000000284, -25.89554530818377032, -147.4999999999999716 ) ) ;
#100 = EDGE_CURVE ( 'NONE', #1786, #1014, #82, .T. ) ;
#101 = LINE ( 'NONE', #2793, #1781 ) ;
#102 = ADVANCED_FACE ( 'NONE', ( #2899 ), #971, .F. ) ;
#103 = VERTEX_POINT ( 'NONE', #2056 ) ;
#104 = VERTEX_POINT ( 'NONE', #403 ) ;
#105 = CARTESIAN_POINT ( 'NONE',  ( 54.07500000000000284, 0.000000000000000000, -147.4999999999999716 ) ) ;
#106 = CARTESIAN_POINT ( 'NONE',  ( 54.07500000000000284, 3.247658427167244621, -144.5000027286918112 ) ) ;
#107 = AXIS2_PLACEMENT_3D ( 'NONE', #1280, #2327, #959 ) ;
#108 = ORIENTED_EDGE ( 'NONE', *, *, #2947, .T. ) ;
#109 = CIRCLE ( 'NONE', #1210, 1.000000000000001110 ) ;
#110 = LINE ( 'NONE', #2528, #3404 ) ;
#111 = CARTESIAN_POINT ( 'NONE',  ( 53.04890579710099985, -28.87890579710099814, -149.0999999999999659 ) ) ;
#112 = ORIENTED_EDGE ( 'NONE', *, *, #3162, .T. ) ;
#113 = LINE ( 'NONE', #344, #588 ) ;
#114 = CARTESIAN_POINT ( 'NONE',  ( -50.42499999999999716, -3.688583756330135355, -6.652703644666135396 ) ) ;
#115 = DIRECTION ( 'NONE',  ( 1.000000000000000000, 0.000000000000000000, -7.511572993685649217E-16 ) ) ;
#116 = DIRECTION ( 'NONE',  ( -0.000000000000000000, -0.000000000000000000, 1.000000000000000000 ) ) ;
#117 = ADVANCED_FACE ( 'NONE', ( #1533 ), #3134, .F. ) ;
#118 = VECTOR ( 'NONE', #2241, 999.9999999999998863 ) ;
#119 = DIRECTION ( 'NONE',  ( 0.000000000000000000, -0.000000000000000000, -1.000000000000000000 ) ) ;
#120 = VERTEX_POINT ( 'NONE', #98 ) ;
#121 = VECTOR ( 'NONE', #789, 1000.000000000000000 ) ;
#122 = ORIENTED_EDGE ( 'NONE', *, *, #3001, .F. ) ;
#123 = ADVANCED_FACE ( 'NONE', ( #990 ), #678, .T. ) ;
#124 = CARTESIAN_POINT ( 'NONE',  ( 53.05009115032319755, 26.36999998338323437, -147.4999999999999716 ) ) ;
#125 = DIRECTION ( 'NONE',  ( 1.437799807424019903E-09, 1.000000000000000000, 0.000000000000000000 ) ) ;
#126 = AXIS2_PLACEMENT_3D ( 'NONE', #1094, #271, #258 ) ;
#127 = VERTEX_POINT ( 'NONE', #1479 ) ;
#128 = AXIS2_PLACEMENT_3D ( 'NONE', #477, #2932, #2371 ) ;
#129 = CARTESIAN_POINT ( 'NONE',  ( -53.16499999999999204, -28.88000000000000966, 27.99999999999999645 ) ) ;
#130 = EDGE_CURVE ( 'NONE', #474, #1786, #2606, .T. ) ;
#131 = CARTESIAN_POINT ( 'NONE',  ( -55.91499999999999915, -28.88000000000000966, 30.00000000000000000 ) ) ;
#132 = ADVANCED_FACE ( 'NONE', ( #2285 ), #3165, .F. ) ;
#133 = AXIS2_PLACEMENT_3D ( 'NONE', #3219, #1310, #2407 ) ;
#134 = ORIENTED_EDGE ( 'NONE', *, *, #369, .F. ) ;
#135 = LINE ( 'NONE', #956, #1916 ) ;
#136 = DIRECTION ( 'NONE',  ( -1.000000000000000000, 0.000000000000000000, 0.000000000000000000 ) ) ;
#137 = CIRCLE ( 'NONE', #2558, 1.000000000000000888 ) ;
#138 = DIRECTION ( 'NONE',  ( -0.000000000000000000, -0.000000000000000000, -1.000000000000000000 ) ) ;
#139 = CARTESIAN_POINT ( 'NONE',  ( 53.04890579710099985, 23.11890579710099303, -149.0999999999999659 ) ) ;
#140 = CARTESIAN_POINT ( 'NONE',  ( 32.54505697005139808, 32.54505697005150466, -147.4999999999999716 ) ) ;
#141 = ORIENTED_EDGE ( 'NONE', *, *, #1315, .T. ) ;
#142 = VERTEX_POINT ( 'NONE', #2342 ) ;
#143 = DIRECTION ( 'NONE',  ( 1.000000000000000000, -1.678460117211276297E-10, 0.000000000000000000 ) ) ;
#144 = CARTESIAN_POINT ( 'NONE',  ( -38.67525253169414867, 24.39800000000000324, -147.4999999999999716 ) ) ;
#145 = ORIENTED_EDGE ( 'NONE', *, *, #1567, .F. ) ;
#146 = EDGE_CURVE ( 'NONE', #1865, #719, #2040, .T. ) ;
#147 = VERTEX_POINT ( 'NONE', #3093 ) ;
#148 = CARTESIAN_POINT ( 'NONE',  ( -50.62499999999999289, 21.91999999999999460, -145.5000024465209378 ) ) ;
#149 = EDGE_LOOP ( 'NONE', ( #3087, #2307, #3357, #1413, #3204, #2771, #1085 ) ) ;
#150 = EDGE_CURVE ( 'NONE', #2122, #634, #694, .T. ) ;
#151 = CARTESIAN_POINT ( 'NONE',  ( 61.07499999999999574, 34.02000000000000313, -149.0999999999999659 ) ) ;
#152 = DIRECTION ( 'NONE',  ( 1.000000000000000000, 0.000000000000000000, 0.000000000000000000 ) ) ;
#153 = CARTESIAN_POINT ( 'NONE',  ( 53.07500000000000284, -4.822521190983211270E-06, -144.5000024447720648 ) ) ;
#154 = CARTESIAN_POINT ( 'NONE',  ( -53.41499999999999204, -219.0019874186044717, -145.4999999637140604 ) ) ;
#155 = EDGE_LOOP ( 'NONE', ( #1356, #3193, #655, #449 ) ) ;
#156 = VERTEX_POINT ( 'NONE', #3377 ) ;
#157 = FACE_OUTER_BOUND ( 'NONE', #758, .T. ) ;
#158 = CARTESIAN_POINT ( 'NONE',  ( 5.100006971540176792, -28.37999999999999545, -89.33679033377740097 ) ) ;
#159 = ORIENTED_EDGE ( 'NONE', *, *, #2882, .T. ) ;
#160 = ORIENTED_EDGE ( 'NONE', *, *, #276, .T. ) ;
#161 = AXIS2_PLACEMENT_3D ( 'NONE', #2628, #1517, #119 ) ;
#162 = CARTESIAN_POINT ( 'NONE',  ( 53.07500000000000284, 0.02000000000002954276, -147.4999999999999716 ) ) ;
#163 = EDGE_CURVE ( 'NONE', #1193, #142, #1795, .T. ) ;
#164 = VERTEX_POINT ( 'NONE', #957 ) ;
#165 = DIRECTION ( 'NONE',  ( -1.000000000000000000, 0.000000000000000000, 0.000000000000000000 ) ) ;
#166 = LINE ( 'NONE', #2107, #537 ) ;
#167 = DIRECTION ( 'NONE',  ( -0.000000000000000000, -0.000000000000000000, 1.000000000000000000 ) ) ;
#168 = EDGE_CURVE ( 'NONE', #2451, #218, #915, .T. ) ;
#169 = DIRECTION ( 'NONE',  ( 0.7071067811865503483, 0.7071067811865419106, -6.181723857316897760E-08 ) ) ;
#170 = CYLINDRICAL_SURFACE ( 'NONE', #2303, 3.000000000000002665 ) ;
#171 = VERTEX_POINT ( 'NONE', #3111 ) ;
#172 = AXIS2_PLACEMENT_3D ( 'NONE', #1878, #1285, #489 ) ;
#173 = ORIENTED_EDGE ( 'NONE', *, *, #1448, .F. ) ;
#174 = DIRECTION ( 'NONE',  ( 1.000000000000000000, 0.000000000000000000, 0.000000000000000000 ) ) ;
#175 = CARTESIAN_POINT ( 'NONE',  ( -45.86764068711929809, 6.020000000000003126, -24.23067382164290251 ) ) ;
#176 = ORIENTED_EDGE ( 'NONE', *, *, #1819, .F. ) ;
#177 = VECTOR ( 'NONE', #2787, 1000.000000000000114 ) ;
#178 = ORIENTED_EDGE ( 'NONE', *, *, #1765, .T. ) ;
#179 = CIRCLE ( 'NONE', #2207, 1.250000000000007994 ) ;
#180 = DIRECTION ( 'NONE',  ( 0.7071067811865474617, -0.7071067811865474617, 0.000000000000000000 ) ) ;
#181 = ORIENTED_EDGE ( 'NONE', *, *, #1886, .F. ) ;
#182 = VECTOR ( 'NONE', #1366, 1000.000000000000000 ) ;
#183 = EDGE_CURVE ( 'NONE', #2613, #2451, #425, .T. ) ;
#184 = LINE ( 'NONE', #1884, #3348 ) ;
#185 = LINE ( 'NONE', #2625, #3407 ) ;
#186 = CARTESIAN_POINT ( 'NONE',  ( 50.28500000000000369, 24.39800000000000324, -145.5000045777134119 ) ) ;
#187 = VECTOR ( 'NONE', #1242, 1000.000000000000114 ) ;
#188 = ADVANCED_FACE ( 'NONE', ( #368 ), #624, .F. ) ;
#189 = AXIS2_PLACEMENT_3D ( 'NONE', #2789, #1314, #3245 ) ;
#190 = DIRECTION ( 'NONE',  ( 0.7071067811865492381, -0.7071067811865457964, 0.000000000000000000 ) ) ;
#191 = DIRECTION ( 'NONE',  ( -1.000000000000000000, 0.000000000000000000, 0.000000000000000000 ) ) ;
#192 = AXIS2_PLACEMENT_3D ( 'NONE', #3496, #2138, #3181 ) ;
#193 = ORIENTED_EDGE ( 'NONE', *, *, #2682, .T. ) ;
#194 = ORIENTED_EDGE ( 'NONE', *, *, #717, .F. ) ;
#195 = EDGE_CURVE ( 'NONE', #2577, #127, #945, .T. ) ;
#196 = VERTEX_POINT ( 'NONE', #2302 ) ;
#197 = CARTESIAN_POINT ( 'NONE',  ( -47.42500000000000426, 31.02000000000000313, 30.00000000000000000 ) ) ;
#198 = LINE ( 'NONE', #1538, #1967 ) ;
#199 = ORIENTED_EDGE ( 'NONE', *, *, #362, .T. ) ;
#200 = ORIENTED_EDGE ( 'NONE', *, *, #1347, .T. ) ;
#201 = FACE_OUTER_BOUND ( 'NONE', #3546, .T. ) ;
#202 = CARTESIAN_POINT ( 'NONE',  ( -53.41499999999999915, -6.979999999999997762, -145.5000017471387252 ) ) ;
#203 = ORIENTED_EDGE ( 'NONE', *, *, #3562, .F. ) ;
#204 = DIRECTION ( 'NONE',  ( -1.000000000000000000, 0.000000000000000000, 0.000000000000000000 ) ) ;
#205 = DIRECTION ( 'NONE',  ( -0.000000000000000000, -0.000000000000000000, -1.000000000000000000 ) ) ;
#206 = DIRECTION ( 'NONE',  ( -1.000000000000000000, -7.383974344059563380E-14, 0.000000000000000000 ) ) ;
#207 = LINE ( 'NONE', #2719, #983 ) ;
#208 = EDGE_CURVE ( 'NONE', #1184, #3207, #1885, .T. ) ;
#209 = ORIENTED_EDGE ( 'NONE', *, *, #3364, .T. ) ;
#210 = LINE ( 'NONE', #2251, #3300 ) ;
#211 = FACE_OUTER_BOUND ( 'NONE', #631, .T. ) ;
#212 = LINE ( 'NONE', #2706, #3343 ) ;
#213 = EDGE_CURVE ( 'NONE', #3154, #867, #3500, .T. ) ;
#214 = ORIENTED_EDGE ( 'NONE', *, *, #850, .T. ) ;
#215 = EDGE_LOOP ( 'NONE', ( #3212, #2007, #1372, #1475 ) ) ;
#216 = DIRECTION ( 'NONE',  ( 0.7071067811865423547, 0.7071067811865500152, -6.181723857316967905E-08 ) ) ;
#217 = LINE ( 'NONE', #2677, #931 ) ;
#218 = VERTEX_POINT ( 'NONE', #3186 ) ;
#219 = CARTESIAN_POINT ( 'NONE',  ( -45.95028632831597548, -30.48000002928346319, -24.23067382164290251 ) ) ;
#220 = LINE ( 'NONE', #1587, #3468 ) ;
#221 = AXIS2_PLACEMENT_3D ( 'NONE', #3175, #1523, #2362 ) ;
#222 = CARTESIAN_POINT ( 'NONE',  ( -53.41499999999999204, -28.87999999999998835, -145.4999999637140604 ) ) ;
#223 = CIRCLE ( 'NONE', #2645, 13.99999999999999822 ) ;
#224 = DIRECTION ( 'NONE',  ( -1.000000000000000000, -9.860761315262711064E-32, 7.511572993685657106E-16 ) ) ;
#225 = ORIENTED_EDGE ( 'NONE', *, *, #3150, .F. ) ;
#226 = ADVANCED_FACE ( 'NONE', ( #2660 ), #2143, .T. ) ;
#227 = CARTESIAN_POINT ( 'NONE',  ( 51.07500000000000284, 0.02000000000002694067, -147.4999999999999716 ) ) ;
#228 = CARTESIAN_POINT ( 'NONE',  ( -55.91500000000000625, 26.52000000000000313, 27.99999999999999645 ) ) ;
#229 = LINE ( 'NONE', #1374, #3345 ) ;
#230 = ORIENTED_EDGE ( 'NONE', *, *, #498, .T. ) ;
#231 = ADVANCED_FACE ( 'NONE', ( #2918 ), #497, .T. ) ;
#232 = ORIENTED_EDGE ( 'NONE', *, *, #3012, .F. ) ;
#233 = DIRECTION ( 'NONE',  ( 0.000000000000000000, 8.673617379884035472E-16, 1.000000000000000000 ) ) ;
#234 = CARTESIAN_POINT ( 'NONE',  ( 53.07499999999999574, -16.12759006990701849, -147.4999999999999716 ) ) ;
#235 = AXIS2_PLACEMENT_3D ( 'NONE', #799, #818, #3283 ) ;
#236 = ORIENTED_EDGE ( 'NONE', *, *, #699, .T. ) ;
#237 = EDGE_CURVE ( 'NONE', #507, #1712, #1577, .T. ) ;
#238 = AXIS2_PLACEMENT_3D ( 'NONE', #3007, #24, #1642 ) ;
#239 = DIRECTION ( 'NONE',  ( 1.000000000000000000, 0.000000000000000000, 0.000000000000000000 ) ) ;
#240 = DIRECTION ( 'NONE',  ( 1.786290745155050262E-16, 8.742277700000010565E-08, 0.9999999999999963363 ) ) ;
#241 = LINE ( 'NONE', #2933, #2610 ) ;
#242 = VECTOR ( 'NONE', #495, 1000.000000000000000 ) ;
#243 = DIRECTION ( 'NONE',  ( -1.000000000000000000, -4.336808689942014285E-16, 1.232595164407814743E-31 ) ) ;
#244 = VECTOR ( 'NONE', #1705, 1000.000000000000000 ) ;
#245 = LINE ( 'NONE', #1118, #2588 ) ;
#246 = ORIENTED_EDGE ( 'NONE', *, *, #1886, .T. ) ;
#247 = CIRCLE ( 'NONE', #1231, 1.599386627496458102 ) ;
#248 = ORIENTED_EDGE ( 'NONE', *, *, #2996, .F. ) ;
#249 = VECTOR ( 'NONE', #3019, 1000.000000000000000 ) ;
#250 = DIRECTION ( 'NONE',  ( 1.000000000000000000, 0.000000000000000000, 0.000000000000000000 ) ) ;
#251 = DIRECTION ( 'NONE',  ( -1.000000000000000000, -6.605457577952593707E-33, 7.511572993685649217E-16 ) ) ;
#252 = EDGE_LOOP ( 'NONE', ( #2968, #1617, #1251, #1929 ) ) ;
#253 = EDGE_LOOP ( 'NONE', ( #1666, #2105 ) ) ;
#254 = CARTESIAN_POINT ( 'NONE',  ( -49.20000000000000995, -28.87999999999999545, -149.0999999999999659 ) ) ;
#255 = DIRECTION ( 'NONE',  ( -7.511572993685659078E-16, 0.000000000000000000, -1.000000000000000000 ) ) ;
#256 = EDGE_CURVE ( 'NONE', #1407, #2113, #3237, .T. ) ;
#257 = VERTEX_POINT ( 'NONE', #768 ) ;
#258 = DIRECTION ( 'NONE',  ( 0.000000000000000000, 0.000000000000000000, 1.000000000000000000 ) ) ;
#259 = CARTESIAN_POINT ( 'NONE',  ( 53.07499999999997442, -28.87999999999998835, -147.4999999999999716 ) ) ;
#260 = EDGE_CURVE ( 'NONE', #3083, #1168, #1563, .T. ) ;
#261 = CARTESIAN_POINT ( 'NONE',  ( -48.95000000000000995, -5.407055398448904704, -147.4999999999999716 ) ) ;
#262 = CARTESIAN_POINT ( 'NONE',  ( -47.42500000000000426, -33.37999999999999545, 27.00000000000000000 ) ) ;
#263 = EDGE_LOOP ( 'NONE', ( #2638, #2885, #462, #1112, #1209, #2850, #1536, #194 ) ) ;
#264 = CARTESIAN_POINT ( 'NONE',  ( 0.000000000000000000, -5.658199262354549397, -7.000000000000004441 ) ) ;
#265 = LINE ( 'NONE', #543, #1224 ) ;
#266 = ORIENTED_EDGE ( 'NONE', *, *, #2685, .T. ) ;
#267 = VERTEX_POINT ( 'NONE', #1603 ) ;
#268 = CARTESIAN_POINT ( 'NONE',  ( -57.39499999999998892, -18.67999999999999972, -144.0999999999999375 ) ) ;
#269 =( LENGTH_UNIT ( ) NAMED_UNIT ( * ) SI_UNIT ( .MILLI., .METRE. ) );
#270 = EDGE_LOOP ( 'NONE', ( #720, #333, #1696, #702 ) ) ;
#271 = DIRECTION ( 'NONE',  ( -1.000000000000000000, 0.000000000000000000, 0.000000000000000000 ) ) ;
#272 = CARTESIAN_POINT ( 'NONE',  ( -45.86764068711929809, 7.020000000000003126, -145.5000030584803881 ) ) ;
#273 = EDGE_CURVE ( 'NONE', #1015, #1597, #2782, .T. ) ;
#274 = DIRECTION ( 'NONE',  ( 0.000000000000000000, 1.000000000000000000, -0.000000000000000000 ) ) ;
#275 = CARTESIAN_POINT ( 'NONE',  ( 56.30000000766949597, 23.12000000000258382, -149.0999999999999659 ) ) ;
#276 = EDGE_CURVE ( 'NONE', #467, #1324, #220, .T. ) ;
#277 = CIRCLE ( 'NONE', #2759, 13.99999999999999822 ) ;
#278 = LINE ( 'NONE', #1099, #2707 ) ;
#279 = ORIENTED_EDGE ( 'NONE', *, *, #3451, .F. ) ;
#280 = EDGE_CURVE ( 'NONE', #2062, #1901, #247, .T. ) ;
#281 = CARTESIAN_POINT ( 'NONE',  ( -61.42499999999999716, -22.37999999999999545, 27.00000000000002487 ) ) ;
#282 = CYLINDRICAL_SURFACE ( 'NONE', #938, 2.999999999999999112 ) ;
#283 = VECTOR ( 'NONE', #1195, 1000.000000000000000 ) ;
#284 = VERTEX_POINT ( 'NONE', #186 ) ;
#285 = EDGE_LOOP ( 'NONE', ( #1883, #1308, #668, #1552 ) ) ;
#286 = LINE ( 'NONE', #2711, #1809 ) ;
#287 =( NAMED_UNIT ( * ) SI_UNIT ( $, .STERADIAN. ) SOLID_ANGLE_UNIT ( ) );
#288 = ORIENTED_EDGE ( 'NONE', *, *, #2242, .T. ) ;
#289 = VECTOR ( 'NONE', #1244, 1000.000000000000000 ) ;
#290 = FACE_OUTER_BOUND ( 'NONE', #2504, .T. ) ;
#291 = CIRCLE ( 'NONE', #3232, 0.9999999999999994449 ) ;
#292 = CARTESIAN_POINT ( 'NONE',  ( -55.91500000000000625, 27.02000000000000313, 30.00000000000000000 ) ) ;
#293 = EDGE_CURVE ( 'NONE', #120, #2580, #3256, .T. ) ;
#294 = CARTESIAN_POINT ( 'NONE',  ( -53.42500000000000426, 21.92000000000000171, -155.7462112512352803 ) ) ;
#295 = AXIS2_PLACEMENT_3D ( 'NONE', #2969, #3445, #3464 ) ;
#296 = CARTESIAN_POINT ( 'NONE',  ( 61.07500000000000995, -22.37999999999999190, 27.00000000000002487 ) ) ;
#297 = EDGE_CURVE ( 'NONE', #650, #1592, #1925, .T. ) ;
#298 = ORIENTED_EDGE ( 'NONE', *, *, #168, .T. ) ;
#299 = CIRCLE ( 'NONE', #3187, 5.000000000000000888 ) ;
#300 = DIRECTION ( 'NONE',  ( -0.000000000000000000, -0.000000000000000000, -1.000000000000000000 ) ) ;
#301 = EDGE_CURVE ( 'NONE', #3113, #3525, #1831, .T. ) ;
#302 = ORIENTED_EDGE ( 'NONE', *, *, #617, .T. ) ;
#303 = AXIS2_PLACEMENT_3D ( 'NONE', #1811, #1842, #2914 ) ;
#304 = ORIENTED_EDGE ( 'NONE', *, *, #1368, .F. ) ;
#305 = DIRECTION ( 'NONE',  ( 0.000000000000000000, -1.000000000000000000, 0.000000000000000000 ) ) ;
#306 = CARTESIAN_POINT ( 'NONE',  ( -47.55000002927647529, -28.88028624089638896, -144.4999999199776539 ) ) ;
#307 = VECTOR ( 'NONE', #1634, 1000.000000000000114 ) ;
#308 = VERTEX_POINT ( 'NONE', #1847 ) ;
#309 = CARTESIAN_POINT ( 'NONE',  ( 61.07500000000000995, -36.37999999999999545, -149.0999999999999659 ) ) ;
#310 = CARTESIAN_POINT ( 'NONE',  ( 53.07500000000000284, -5.658199262354549397, -5.000000000000004441 ) ) ;
#311 = DIRECTION ( 'NONE',  ( -1.000000000000000000, 5.277844581858585529E-11, 0.000000000000000000 ) ) ;
#312 = DIRECTION ( 'NONE',  ( -1.000000000000000000, -1.303201033694662163E-16, 0.000000000000000000 ) ) ;
#313 = ORIENTED_EDGE ( 'NONE', *, *, #3022, .T. ) ;
#314 = FACE_OUTER_BOUND ( 'NONE', #908, .T. ) ;
#315 = ORIENTED_EDGE ( 'NONE', *, *, #1676, .F. ) ;
#316 = EDGE_CURVE ( 'NONE', #2675, #3264, #241, .T. ) ;
#317 = CARTESIAN_POINT ( 'NONE',  ( -58.64499999999998892, 16.32000000000000384, -144.0999999999999375 ) ) ;
#318 = EDGE_LOOP ( 'NONE', ( #2388, #2061, #881, #2729 ) ) ;
#319 = ORIENTED_EDGE ( 'NONE', *, *, #1825, .F. ) ;
#320 = ADVANCED_FACE ( 'NONE', ( #2108 ), #2089, .T. ) ;
#321 = CARTESIAN_POINT ( 'NONE',  ( 58.29283101375673937, -18.67999999999999972, -144.0999999999999375 ) ) ;
#322 = ORIENTED_EDGE ( 'NONE', *, *, #2052, .F. ) ;
#323 = DIRECTION ( 'NONE',  ( -1.971276677246372012E-16, 1.000000000000000000, 0.000000000000000000 ) ) ;
#324 = CARTESIAN_POINT ( 'NONE',  ( 51.07500000000000284, -6.979999999999997762, -5.267949192431142791 ) ) ;
#325 = VERTEX_POINT ( 'NONE', #3483 ) ;
#326 = CARTESIAN_POINT ( 'NONE',  ( -48.95000000000000995, 5.020000000000003126, -145.5000028836348633 ) ) ;
#327 = CARTESIAN_POINT ( 'NONE',  ( 53.07500000000000284, 2.247658427167249062, -89.33679033377740097 ) ) ;
#328 = ORIENTED_EDGE ( 'NONE', *, *, #1516, .T. ) ;
#329 = CARTESIAN_POINT ( 'NONE',  ( -45.94999999997536833, 26.37000003450508956, -147.4999999999999716 ) ) ;
#330 = ORIENTED_EDGE ( 'NONE', *, *, #2865, .T. ) ;
#331 = VECTOR ( 'NONE', #3296, 1000.000000000000227 ) ;
#332 = LINE ( 'NONE', #1443, #977 ) ;
#333 = ORIENTED_EDGE ( 'NONE', *, *, #1738, .T. ) ;
#334 = EDGE_CURVE ( 'NONE', #1499, #1504, #3070, .T. ) ;
#335 = ORIENTED_EDGE ( 'NONE', *, *, #1544, .F. ) ;
#336 = DIRECTION ( 'NONE',  ( 0.000000000000000000, -0.5000000000000064393, -0.8660254037844348218 ) ) ;
#337 = DIRECTION ( 'NONE',  ( -1.000000000000000000, -9.856383386231860060E-17, 0.000000000000000000 ) ) ;
#338 = ORIENTED_EDGE ( 'NONE', *, *, #2267, .F. ) ;
#339 = ADVANCED_FACE ( 'NONE', ( #1025 ), #1815, .F. ) ;
#340 = LINE ( 'NONE', #2546, #3350 ) ;
#341 = CARTESIAN_POINT ( 'NONE',  ( 54.07500000000000284, -17.12759006990701138, -89.33679033377740097 ) ) ;
#342 = VERTEX_POINT ( 'NONE', #2784 ) ;
#343 = EDGE_CURVE ( 'NONE', #2174, #2192, #3050, .T. ) ;
#344 = CARTESIAN_POINT ( 'NONE',  ( 54.07500000000000284, -24.89554530818375611, -89.33679033377740097 ) ) ;
#345 = CARTESIAN_POINT ( 'NONE',  ( 53.07500000000000284, -28.87999999999999545, 9.999999999999998224 ) ) ;
#346 = DIRECTION ( 'NONE',  ( 0.000000000000000000, 0.1736481776669348276, -0.9848077530122072432 ) ) ;
#347 = DIRECTION ( 'NONE',  ( 1.971276677246372012E-16, -1.000000000000000000, -0.000000000000000000 ) ) ;
#348 = VECTOR ( 'NONE', #3248, 1000.000000000000000 ) ;
#349 = VERTEX_POINT ( 'NONE', #292 ) ;
#350 = VECTOR ( 'NONE', #2109, 1000.000000000000000 ) ;
#351 = CARTESIAN_POINT ( 'NONE',  ( 59.54283101375675358, -18.67999999999999972, -144.0999999999999375 ) ) ;
#352 = ORIENTED_EDGE ( 'NONE', *, *, #3472, .T. ) ;
#353 = CIRCLE ( 'NONE', #1341, 1.250000000000001110 ) ;
#354 = ORIENTED_EDGE ( 'NONE', *, *, #2682, .F. ) ;
#355 = DIRECTION ( 'NONE',  ( 1.000000000000000000, 0.000000000000000000, 0.000000000000000000 ) ) ;
#356 = DIRECTION ( 'NONE',  ( -1.000000000000000000, 0.000000000000000000, 0.000000000000000000 ) ) ;
#357 = ADVANCED_FACE ( 'NONE', ( #23 ), #2529, .T. ) ;
#358 = ORIENTED_EDGE ( 'NONE', *, *, #100, .T. ) ;
#359 = VECTOR ( 'NONE', #2587, 1000.000000000000000 ) ;
#360 = CARTESIAN_POINT ( 'NONE',  ( 54.07500000000000284, 11.01511394010297096, -147.4999999999999716 ) ) ;
#361 = LINE ( 'NONE', #2067, #3414 ) ;
#362 = EDGE_CURVE ( 'NONE', #308, #1230, #711, .T. ) ;
#363 = AXIS2_PLACEMENT_3D ( 'NONE', #2179, #1080, #1655 ) ;
#364 = ORIENTED_EDGE ( 'NONE', *, *, #1872, .F. ) ;
#365 = UNCERTAINTY_MEASURE_WITH_UNIT (LENGTH_MEASURE( 1.000000000000000082E-05 ), #1095, 'distance_accuracy_value', 'NONE');
#366 = CARTESIAN_POINT ( 'NONE',  ( 39.48527265409216369, -39.48527265409174447, -89.33679033377740097 ) ) ;
#367 = FACE_OUTER_BOUND ( 'NONE', #689, .T. ) ;
#368 = FACE_OUTER_BOUND ( 'NONE', #598, .T. ) ;
#369 = EDGE_CURVE ( 'NONE', #2437, #3059, #3188, .T. ) ;
#370 = CARTESIAN_POINT ( 'NONE',  ( -50.62499999999999289, 22.02000000000000313, -5.094744111674408771 ) ) ;
#371 = ORIENTED_EDGE ( 'NONE', *, *, #2221, .F. ) ;
#372 = CARTESIAN_POINT ( 'NONE',  ( 47.07500000000000995, -22.37999999999999545, -149.0999999999999659 ) ) ;
#373 = ORIENTED_EDGE ( 'NONE', *, *, #183, .F. ) ;
#374 = ORIENTED_EDGE ( 'NONE', *, *, #3033, .T. ) ;
#375 = DIRECTION ( 'NONE',  ( -1.000000000000000000, -1.971276677246372012E-16, 0.000000000000000000 ) ) ;
#376 = DIRECTION ( 'NONE',  ( 0.000000000000000000, 0.000000000000000000, -1.000000000000000000 ) ) ;
#377 = VERTEX_POINT ( 'NONE', #1903 ) ;
#378 = DIRECTION ( 'NONE',  ( 1.000000000000000000, 0.000000000000000000, 0.000000000000000000 ) ) ;
#379 = DIRECTION ( 'NONE',  ( 0.000000000000000000, 0.000000000000000000, -1.000000000000000000 ) ) ;
#380 = VERTEX_POINT ( 'NONE', #324 ) ;
#381 = EDGE_CURVE ( 'NONE', #1155, #164, #3335, .T. ) ;
#382 = DIRECTION ( 'NONE',  ( -3.755786496842877857E-16, 0.8660254037844345998, -0.5000000000000069944 ) ) ;
#383 = DIRECTION ( 'NONE',  ( 0.000000000000000000, 1.000000000000000000, -0.000000000000000000 ) ) ;
#384 = DIRECTION ( 'NONE',  ( -2.364136116440253638E-39, 0.9999999999999961142, -8.742277700000010565E-08 ) ) ;
#385 = CARTESIAN_POINT ( 'NONE',  ( -48.95000000000000995, 6.019989398298483785, -145.5000029710566878 ) ) ;
#386 = ADVANCED_FACE ( 'NONE', ( #1688 ), #1382, .T. ) ;
#387 = DIRECTION ( 'NONE',  ( 0.000000000000000000, 0.000000000000000000, -1.000000000000000000 ) ) ;
#388 = VERTEX_POINT ( 'NONE', #310 ) ;
#389 = EDGE_CURVE ( 'NONE', #2235, #3158, #77, .T. ) ;
#390 = VECTOR ( 'NONE', #2257, 1000.000000000000000 ) ;
#391 = VERTEX_POINT ( 'NONE', #3005 ) ;
#392 = CARTESIAN_POINT ( 'NONE',  ( 61.07500000000000284, 1.203957230628221974E-14, -288.7883930123065284 ) ) ;
#393 = LINE ( 'NONE', #1524, #2891 ) ;
#394 = CIRCLE ( 'NONE', #221, 1.000000000000000888 ) ;
#395 = EDGE_LOOP ( 'NONE', ( #2028, #523 ) ) ;
#396 = AXIS2_PLACEMENT_3D ( 'NONE', #1534, #1260, #2359 ) ;
#397 = DIRECTION ( 'NONE',  ( -1.000000000000000000, 0.000000000000000000, 0.000000000000000000 ) ) ;
#398 = DIRECTION ( 'NONE',  ( 0.000000000000000000, 0.000000000000000000, -1.000000000000000000 ) ) ;
#399 = ORIENTED_EDGE ( 'NONE', *, *, #2120, .F. ) ;
#400 = AXIS2_PLACEMENT_3D ( 'NONE', #3475, #1016, #1595 ) ;
#401 = DIRECTION ( 'NONE',  ( -1.000000000000000000, 0.000000000000000000, 0.000000000000000000 ) ) ;
#402 = CARTESIAN_POINT ( 'NONE',  ( -58.64499999999999602, -18.67999999999999972, -149.0999999999999659 ) ) ;
#403 = CARTESIAN_POINT ( 'NONE',  ( 47.07499999999999574, 34.02000000000000313, -149.0999999999999659 ) ) ;
#404 = DIRECTION ( 'NONE',  ( 0.000000000000000000, 0.000000000000000000, 1.000000000000000000 ) ) ;
#405 = STYLED_ITEM ( 'NONE', ( #3552 ), #1918 ) ;
#406 = AXIS2_PLACEMENT_3D ( 'NONE', #2152, #1265, #431 ) ;
#407 = LINE ( 'NONE', #140, #1041 ) ;
#408 = ADVANCED_FACE ( 'NONE', ( #36 ), #1402, .T. ) ;
#409 = VERTEX_POINT ( 'NONE', #2511 ) ;
#410 = AXIS2_PLACEMENT_3D ( 'NONE', #1646, #3297, #2187 ) ;
#411 = EDGE_LOOP ( 'NONE', ( #3333, #1429, #2353, #3299 ) ) ;
#412 = CARTESIAN_POINT ( 'NONE',  ( -42.91789321881345387, 8.555533905932731997, -145.5000031927210102 ) ) ;
#413 = DIRECTION ( 'NONE',  ( 0.000000000000000000, 0.000000000000000000, -1.000000000000000000 ) ) ;
#414 = ADVANCED_FACE ( 'NONE', ( #1975 ), #485, .T. ) ;
#415 = VECTOR ( 'NONE', #2031, 1000.000000000000000 ) ;
#416 = ORIENTED_EDGE ( 'NONE', *, *, #168, .F. ) ;
#417 = VECTOR ( 'NONE', #2514, 1000.000000000000000 ) ;
#418 = ORIENTED_EDGE ( 'NONE', *, *, #369, .T. ) ;
#419 = DIRECTION ( 'NONE',  ( 0.000000000000000000, -1.000000000000000000, 0.000000000000000000 ) ) ;
#420 = AXIS2_PLACEMENT_3D ( 'NONE', #2878, #115, #936 ) ;
#421 = VERTEX_POINT ( 'NONE', #2195 ) ;
#422 = CARTESIAN_POINT ( 'NONE',  ( -50.42499999999999716, -6.979999999999997762, 0.000000000000000000 ) ) ;
#423 = LINE ( 'NONE', #1846, #1346 ) ;
#424 = VECTOR ( 'NONE', #216, 1000.000000000000114 ) ;
#425 = LINE ( 'NONE', #153, #1640 ) ;
#426 = FACE_OUTER_BOUND ( 'NONE', #3480, .T. ) ;
#427 = ORIENTED_EDGE ( 'NONE', *, *, #3258, .T. ) ;
#428 = EDGE_CURVE ( 'NONE', #127, #1300, #3, .T. ) ;
#429 = ORIENTED_EDGE ( 'NONE', *, *, #1273, .T. ) ;
#430 = DIRECTION ( 'NONE',  ( 0.000000000000000000, 0.000000000000000000, 1.000000000000000000 ) ) ;
#431 = DIRECTION ( 'NONE',  ( -1.000000000000000000, 0.000000000000000000, 0.000000000000000000 ) ) ;
#432 = VERTEX_POINT ( 'NONE', #1096 ) ;
#433 = EDGE_CURVE ( 'NONE', #1006, #486, #3072, .T. ) ;
#434 = EDGE_CURVE ( 'NONE', #1361, #3250, #603, .T. ) ;
#435 = ORIENTED_EDGE ( 'NONE', *, *, #2368, .T. ) ;
#436 = DIRECTION ( 'NONE',  ( 0.000000000000000000, -1.000000000000000000, 0.000000000000000000 ) ) ;
#437 = EDGE_LOOP ( 'NONE', ( #555, #1445, #3044, #1176 ) ) ;
#438 = CARTESIAN_POINT ( 'NONE',  ( 50.28500000000000369, 27.02000000000000313, -145.5000036149273228 ) ) ;
#439 = LINE ( 'NONE', #1546, #882 ) ;
#440 = DIRECTION ( 'NONE',  ( 0.000000000000000000, 0.5000000000000074385, 0.8660254037844342667 ) ) ;
#441 = PLANE ( 'NONE',  #821 ) ;
#442 = CARTESIAN_POINT ( 'NONE',  ( -47.42500000000000426, 20.02000000000000313, 27.00000000000002487 ) ) ;
#443 = ORIENTED_EDGE ( 'NONE', *, *, #2747, .F. ) ;
#444 = ORIENTED_EDGE ( 'NONE', *, *, #1732, .T. ) ;
#445 = APPLICATION_CONTEXT ( 'automotive_design' ) ;
#446 = CARTESIAN_POINT ( 'NONE',  ( 18.47370496504630211, 18.47370496504643711, -89.33679033377740097 ) ) ;
#447 = CARTESIAN_POINT ( 'NONE',  ( -50.42499999999999716, 27.02000000000000313, -5.094744111674408771 ) ) ;
#448 = EDGE_CURVE ( 'NONE', #1239, #1504, #1639, .T. ) ;
#449 = ORIENTED_EDGE ( 'NONE', *, *, #1785, .F. ) ;
#450 = VERTEX_POINT ( 'NONE', #1367 ) ;
#451 = AXIS2_PLACEMENT_3D ( 'NONE', #593, #1464, #667 ) ;
#452 = DIRECTION ( 'NONE',  ( 0.000000000000000000, 1.000000000000000000, -0.000000000000000000 ) ) ;
#453 = EDGE_CURVE ( 'NONE', #1230, #2812, #2848, .T. ) ;
#454 = EDGE_LOOP ( 'NONE', ( #539, #3034 ) ) ;
#455 = AXIS2_PLACEMENT_3D ( 'NONE', #3418, #2920, #1569 ) ;
#456 = LINE ( 'NONE', #151, #649 ) ;
#457 = DIRECTION ( 'NONE',  ( -0.000000000000000000, -0.000000000000000000, -1.000000000000000000 ) ) ;
#458 = DIRECTION ( 'NONE',  ( 1.000000000000000000, 0.000000000000000000, 0.000000000000000000 ) ) ;
#459 = ADVANCED_FACE ( 'NONE', ( #3307 ), #842, .T. ) ;
#460 = FACE_OUTER_BOUND ( 'NONE', #155, .T. ) ;
#461 = LINE ( 'NONE', #154, #861 ) ;
#462 = ORIENTED_EDGE ( 'NONE', *, *, #2751, .F. ) ;
#463 = VECTOR ( 'NONE', #2650, 1000.000000000000114 ) ;
#464 = VERTEX_POINT ( 'NONE', #1722 ) ;
#465 = CARTESIAN_POINT ( 'NONE',  ( -45.94994886994358296, -32.12999999477493418, -149.0999999999999659 ) ) ;
#466 = CARTESIAN_POINT ( 'NONE',  ( 53.07500000000000284, 22.58987298107788533, -14.10769515458673773 ) ) ;
#467 = VERTEX_POINT ( 'NONE', #2051 ) ;
#468 = AXIS2_PLACEMENT_3D ( 'NONE', #3469, #2919, #206 ) ;
#469 = VERTEX_POINT ( 'NONE', #76 ) ;
#470 = EDGE_CURVE ( 'NONE', #142, #1559, #361, .T. ) ;
#471 = VECTOR ( 'NONE', #1758, 1000.000000000000000 ) ;
#472 = DIRECTION ( 'NONE',  ( 1.000000000000000000, 0.000000000000000000, 0.000000000000000000 ) ) ;
#473 = CARTESIAN_POINT ( 'NONE',  ( -55.91500000000000625, 27.02000000000000313, 30.00000000000000000 ) ) ;
#474 = VERTEX_POINT ( 'NONE', #1774 ) ;
#475 = AXIS2_PLACEMENT_3D ( 'NONE', #713, #2877, #1561 ) ;
#476 = LINE ( 'NONE', #988, #2092 ) ;
#477 = CARTESIAN_POINT ( 'NONE',  ( -42.62499999999999289, 8.848427124746182315, -24.23067382164290251 ) ) ;
#478 = ADVANCED_FACE ( 'NONE', ( #2337 ), #2839, .T. ) ;
#479 = DIRECTION ( 'NONE',  ( 0.000000000000000000, 0.000000000000000000, 1.000000000000000000 ) ) ;
#480 = AXIS2_PLACEMENT_3D ( 'NONE', #1511, #1778, #346 ) ;
#481 = VECTOR ( 'NONE', #2566, 1000.000000000000000 ) ;
#482 = CARTESIAN_POINT ( 'NONE',  ( -47.42500000000000426, 20.02000000000000313, 30.00000000000000000 ) ) ;
#483 = EDGE_CURVE ( 'NONE', #634, #1994, #1529, .T. ) ;
#484 = FACE_OUTER_BOUND ( 'NONE', #1972, .T. ) ;
#485 = TOROIDAL_SURFACE ( 'NONE', #1926, 11.00000000000000000, 3.000000000000000000 ) ;
#486 = VERTEX_POINT ( 'NONE', #131 ) ;
#487 = CARTESIAN_POINT ( 'NONE',  ( -39.47283204934798562, -30.48000002928346319, -24.23067382164290251 ) ) ;
#488 = CARTESIAN_POINT ( 'NONE',  ( -39.47283204934798562, -30.48000002928346319, -147.4999999999999716 ) ) ;
#489 = DIRECTION ( 'NONE',  ( 1.000000000000000000, 0.000000000000000000, 0.000000000000000000 ) ) ;
#490 = EDGE_LOOP ( 'NONE', ( #3031, #3021, #3234, #1263 ) ) ;
#491 = EDGE_LOOP ( 'NONE', ( #785, #352, #1319, #1742 ) ) ;
#492 = PLANE ( 'NONE',  #3471 ) ;
#493 = DIRECTION ( 'NONE',  ( -1.000000000000000000, -3.401418580346680819E-16, 0.000000000000000000 ) ) ;
#494 = ORIENTED_EDGE ( 'NONE', *, *, #1240, .T. ) ;
#495 = DIRECTION ( 'NONE',  ( 0.000000000000000000, 0.000000000000000000, -1.000000000000000000 ) ) ;
#496 = DIRECTION ( 'NONE',  ( 1.000000000000000000, 0.000000000000000000, 0.000000000000000000 ) ) ;
#497 = CYLINDRICAL_SURFACE ( 'NONE', #16, 1.000000000000000888 ) ;
#498 = EDGE_CURVE ( 'NONE', #325, #2053, #3409, .T. ) ;
#499 = FACE_OUTER_BOUND ( 'NONE', #3095, .T. ) ;
#500 = CARTESIAN_POINT ( 'NONE',  ( -42.33210678118653902, 21.15535931288073712, -145.5000042942327241 ) ) ;
#501 = EDGE_CURVE ( 'NONE', #409, #1823, #2042, .T. ) ;
#502 = ORIENTED_EDGE ( 'NONE', *, *, #2573, .T. ) ;
#503 = DIRECTION ( 'NONE',  ( -1.000000000000000000, -4.336808689942014285E-16, 0.000000000000000000 ) ) ;
#504 = DIRECTION ( 'NONE',  ( -1.000000000000000000, 0.000000000000000000, 0.000000000000000000 ) ) ;
#505 = FACE_BOUND ( 'NONE', #454, .T. ) ;
#506 = EDGE_CURVE ( 'NONE', #1897, #421, #1199, .T. ) ;
#507 = VERTEX_POINT ( 'NONE', #1452 ) ;
#508 = ORIENTED_EDGE ( 'NONE', *, *, #2141, .T. ) ;
#509 = LINE ( 'NONE', #2928, #1467 ) ;
#510 = DIRECTION ( 'NONE',  ( -0.000000000000000000, 1.000000000000000000, -0.000000000000000000 ) ) ;
#511 = ORIENTED_EDGE ( 'NONE', *, *, #666, .T. ) ;
#512 = LINE ( 'NONE', #1939, #182 ) ;
#513 = CARTESIAN_POINT ( 'NONE',  ( -43.62500000000000000, 9.262640687119279903, -147.4999999999999716 ) ) ;
#514 = VECTOR ( 'NONE', #2994, 1000.000000000000000 ) ;
#515 = DIRECTION ( 'NONE',  ( 1.000000000000000000, 0.000000000000000000, 0.000000000000000000 ) ) ;
#516 = AXIS2_PLACEMENT_3D ( 'NONE', #554, #2147, #806 ) ;
#517 = PLANE ( 'NONE',  #516 ) ;
#518 = EDGE_LOOP ( 'NONE', ( #961, #3197, #26, #2998, #2331, #1757, #2292, #613 ) ) ;
#519 = DIRECTION ( 'NONE',  ( -0.7071067811865434649, 0.7071067811865516806, 0.000000000000000000 ) ) ;
#520 = ADVANCED_FACE ( 'NONE', ( #2857 ), #930, .F. ) ;
#521 = LINE ( 'NONE', #2466, #2875 ) ;
#522 = FACE_OUTER_BOUND ( 'NONE', #2627, .T. ) ;
#523 = ORIENTED_EDGE ( 'NONE', *, *, #1278, .T. ) ;
#524 = VECTOR ( 'NONE', #3497, 1000.000000000000000 ) ;
#525 = ORIENTED_EDGE ( 'NONE', *, *, #501, .F. ) ;
#526 = EDGE_CURVE ( 'NONE', #9, #1662, #658, .T. ) ;
#527 = CARTESIAN_POINT ( 'NONE',  ( 53.07500000000000284, 27.02000000000000313, 9.999999999999998224 ) ) ;
#528 = FACE_OUTER_BOUND ( 'NONE', #2449, .T. ) ;
#529 = CIRCLE ( 'NONE', #2144, 1.250000000000007994 ) ;
#530 = ORIENTED_EDGE ( 'NONE', *, *, #2184, .F. ) ;
#531 = AXIS2_PLACEMENT_3D ( 'NONE', #1673, #3272, #1132 ) ;
#532 = LINE ( 'NONE', #3554, #1515 ) ;
#533 = DIRECTION ( 'NONE',  ( 0.000000000000000000, 0.000000000000000000, -1.000000000000000000 ) ) ;
#534 = DIRECTION ( 'NONE',  ( 0.000000000000000000, 0.000000000000000000, 1.000000000000000000 ) ) ;
#535 = VECTOR ( 'NONE', #2405, 1000.000000000000000 ) ;
#536 = LINE ( 'NONE', #826, #1514 ) ;
#537 = VECTOR ( 'NONE', #730, 1000.000000000000000 ) ;
#538 = DIRECTION ( 'NONE',  ( -0.000000000000000000, -0.000000000000000000, -1.000000000000000000 ) ) ;
#539 = ORIENTED_EDGE ( 'NONE', *, *, #3467, .F. ) ;
#540 = VECTOR ( 'NONE', #3506, 1000.000000000000000 ) ;
#541 = CIRCLE ( 'NONE', #1409, 2.000000000000000000 ) ;
#542 = DIRECTION ( 'NONE',  ( 1.000000000000000000, 0.000000000000000000, -0.000000000000000000 ) ) ;
#543 = CARTESIAN_POINT ( 'NONE',  ( -53.41500000000000625, 27.69350269189638070, -5.267949192431120586 ) ) ;
#544 = EDGE_LOOP ( 'NONE', ( #753, #3494, #3317, #2940, #1270, #1340, #2081 ) ) ;
#545 = EDGE_CURVE ( 'NONE', #171, #755, #3355, .T. ) ;
#546 = ORIENTED_EDGE ( 'NONE', *, *, #1042, .T. ) ;
#547 = DIRECTION ( 'NONE',  ( 1.000000000000000000, -0.000000000000000000, -0.000000000000000000 ) ) ;
#548 = SURFACE_SIDE_STYLE ('',( #2211 ) ) ;
#549 = EDGE_LOOP ( 'NONE', ( #1852, #3566, #494, #2708 ) ) ;
#550 = EDGE_CURVE ( 'NONE', #1444, #1841, #1753, .T. ) ;
#551 = CARTESIAN_POINT ( 'NONE',  ( 47.07499999999999574, 20.02000000000000313, 27.00000000000002487 ) ) ;
#552 = CARTESIAN_POINT ( 'NONE',  ( -58.42499999999999716, -22.37999999999999545, 27.00000000000002487 ) ) ;
#553 = LINE ( 'NONE', #275, #701 ) ;
#554 = CARTESIAN_POINT ( 'NONE',  ( -39.08946609406723383, 24.39800000000000324, -24.23067382164290251 ) ) ;
#555 = ORIENTED_EDGE ( 'NONE', *, *, #3318, .F. ) ;
#556 = DIRECTION ( 'NONE',  ( -1.000000000000000000, -1.252507924893001316E-16, 0.000000000000000000 ) ) ;
#557 = DIRECTION ( 'NONE',  ( 0.000000000000000000, 0.9999999999999961142, -8.742277735063164410E-08 ) ) ;
#558 = ORIENTED_EDGE ( 'NONE', *, *, #2120, .T. ) ;
#559 = ORIENTED_EDGE ( 'NONE', *, *, #2976, .T. ) ;
#560 = CARTESIAN_POINT ( 'NONE',  ( -45.45342712474620583, 6.020000000000003126, -24.23067382164290251 ) ) ;
#561 = CARTESIAN_POINT ( 'NONE',  ( 53.07500000000000284, 0.000000000000000000, -147.4999999999999716 ) ) ;
#562 = EDGE_CURVE ( 'NONE', #2760, #3380, #3144, .T. ) ;
#563 = ORIENTED_EDGE ( 'NONE', *, *, #433, .T. ) ;
#564 = DIRECTION ( 'NONE',  ( 1.786290745155049769E-16, 8.742277700000010565E-08, 0.9999999999999962252 ) ) ;
#565 = DIRECTION ( 'NONE',  ( -1.000000000000000000, 0.000000000000000000, 0.000000000000000000 ) ) ;
#566 = ADVANCED_FACE ( 'NONE', ( #1489 ), #966, .F. ) ;
#567 = FACE_OUTER_BOUND ( 'NONE', #1818, .T. ) ;
#568 = EDGE_CURVE ( 'NONE', #2345, #308, #1217, .T. ) ;
#569 = VECTOR ( 'NONE', #1358, 1000.000000000000000 ) ;
#570 = CARTESIAN_POINT ( 'NONE',  ( -41.62499999999999289, 20.44825253169418389, -145.5000042324155061 ) ) ;
#571 = ORIENTED_EDGE ( 'NONE', *, *, #1760, .T. ) ;
#572 = FACE_OUTER_BOUND ( 'NONE', #41, .T. ) ;
#573 = AXIS2_PLACEMENT_3D ( 'NONE', #2046, #2813, #3140 ) ;
#574 = ORIENTED_EDGE ( 'NONE', *, *, #2685, .F. ) ;
#575 = ORIENTED_EDGE ( 'NONE', *, *, #1938, .F. ) ;
#576 = CARTESIAN_POINT ( 'NONE',  ( -48.65710678118654897, -5.699948617262362127, -145.5000019464671652 ) ) ;
#577 = ORIENTED_EDGE ( 'NONE', *, *, #2417, .F. ) ;
#578 = ADVANCED_FACE ( 'NONE', ( #1996 ), #637, .T. ) ;
#579 = LINE ( 'NONE', #22, #1113 ) ;
#580 = VECTOR ( 'NONE', #413, 1000.000000000000000 ) ;
#581 = DIRECTION ( 'NONE',  ( 0.000000000000000000, 0.000000000000000000, 1.000000000000000000 ) ) ;
#582 = EDGE_LOOP ( 'NONE', ( #2177, #860, #338, #889 ) ) ;
#583 = AXIS2_PLACEMENT_3D ( 'NONE', #3075, #1708, #2804 ) ;
#584 = EDGE_CURVE ( 'NONE', #3142, #2981, #2820, .T. ) ;
#585 = CYLINDRICAL_SURFACE ( 'NONE', #3517, 2.000000000000000000 ) ;
#586 = FACE_OUTER_BOUND ( 'NONE', #318, .T. ) ;
#587 = CARTESIAN_POINT ( 'NONE',  ( -50.42500000000006821, 21.91999999999999460, -145.5000024465209378 ) ) ;
#588 = VECTOR ( 'NONE', #2283, 1000.000000000000000 ) ;
#589 = DIRECTION ( 'NONE',  ( 1.000000000000000000, 7.383974344059563380E-14, -1.786355297909302117E-16 ) ) ;
#590 = ORIENTED_EDGE ( 'NONE', *, *, #2476, .T. ) ;
#591 = EDGE_CURVE ( 'NONE', #1119, #267, #911, .T. ) ;
#592 = VECTOR ( 'NONE', #1585, 1000.000000000000000 ) ;
#593 = CARTESIAN_POINT ( 'NONE',  ( -58.64499999999999602, -18.67999999999999972, -149.0999999999999659 ) ) ;
#594 = VECTOR ( 'NONE', #167, 1000.000000000000000 ) ;
#595 = ORIENTED_EDGE ( 'NONE', *, *, #2791, .T. ) ;
#596 = EDGE_CURVE ( 'NONE', #2647, #2981, #509, .T. ) ;
#597 = AXIS2_PLACEMENT_3D ( 'NONE', #3391, #674, #3159 ) ;
#598 = EDGE_LOOP ( 'NONE', ( #1376, #502, #1879 ) ) ;
#599 = DIRECTION ( 'NONE',  ( -0.000000000000000000, -1.000000000000000000, -0.000000000000000000 ) ) ;
#600 = CARTESIAN_POINT ( 'NONE',  ( 16.74000107450951802, -16.74000589703080166, -144.5000009813146846 ) ) ;
#601 = ORIENTED_EDGE ( 'NONE', *, *, #2059, .T. ) ;
#602 = CARTESIAN_POINT ( 'NONE',  ( 53.07500000000000284, -140.2439257252479763, -145.5000024465209378 ) ) ;
#603 = LINE ( 'NONE', #1706, #2385 ) ;
#604 = EDGE_LOOP ( 'NONE', ( #3138, #2020, #2404, #2517 ) ) ;
#605 = FACE_OUTER_BOUND ( 'NONE', #1020, .T. ) ;
#606 = DIRECTION ( 'NONE',  ( 1.000000000000000000, -1.678460117211276297E-10, 0.000000000000000000 ) ) ;
#607 = FACE_OUTER_BOUND ( 'NONE', #1803, .T. ) ;
#608 = LINE ( 'NONE', #1423, #2997 ) ;
#609 = EDGE_CURVE ( 'NONE', #1357, #1003, #2946, .T. ) ;
#610 = ORIENTED_EDGE ( 'NONE', *, *, #764, .T. ) ;
#611 = DIRECTION ( 'NONE',  ( 0.000000000000000000, 0.000000000000000000, 1.000000000000000000 ) ) ;
#612 = EDGE_CURVE ( 'NONE', #3158, #1662, #1557, .T. ) ;
#613 = ORIENTED_EDGE ( 'NONE', *, *, #2339, .T. ) ;
#614 = ORIENTED_EDGE ( 'NONE', *, *, #2115, .F. ) ;
#615 = LINE ( 'NONE', #2293, #1146 ) ;
#616 = LINE ( 'NONE', #1447, #1625 ) ;
#617 = EDGE_CURVE ( 'NONE', #3478, #3154, #137, .T. ) ;
#618 = ORIENTED_EDGE ( 'NONE', *, *, #2440, .T. ) ;
#619 = LINE ( 'NONE', #3372, #1225 ) ;
#620 = DIRECTION ( 'NONE',  ( 0.000000000000000000, -0.000000000000000000, -1.000000000000000000 ) ) ;
#621 = ORIENTED_EDGE ( 'NONE', *, *, #813, .T. ) ;
#622 = CARTESIAN_POINT ( 'NONE',  ( 47.07499999999999574, 31.02000000000000313, 27.00000000000000000 ) ) ;
#623 = CARTESIAN_POINT ( 'NONE',  ( 53.07500000000000284, 0.000000000000000000, -147.4999999999999716 ) ) ;
#624 = PLANE ( 'NONE',  #3133 ) ;
#625 = CARTESIAN_POINT ( 'NONE',  ( 50.28500000000000369, 26.92000000000004789, -16.60769515458676437 ) ) ;
#626 = ORIENTED_EDGE ( 'NONE', *, *, #3238, .F. ) ;
#627 = VECTOR ( 'NONE', #3226, 1000.000000000000000 ) ;
#628 = DIRECTION ( 'NONE',  ( 0.000000000000000000, 0.000000000000000000, 1.000000000000000000 ) ) ;
#629 = ORIENTED_EDGE ( 'NONE', *, *, #61, .F. ) ;
#630 = EDGE_CURVE ( 'NONE', #1108, #1636, #1864, .T. ) ;
#631 = EDGE_LOOP ( 'NONE', ( #2890, #3051, #330, #2095 ) ) ;
#632 = DIRECTION ( 'NONE',  ( -1.000000000000000000, 0.000000000000000000, 0.000000000000000000 ) ) ;
#633 = CARTESIAN_POINT ( 'NONE',  ( -47.95000000000000995, 6.020000000000003126, -147.4999999999999716 ) ) ;
#634 = VERTEX_POINT ( 'NONE', #1322 ) ;
#635 = ADVANCED_FACE ( 'NONE', ( #201 ), #1290, .F. ) ;
#636 = DIRECTION ( 'NONE',  ( -1.301042606982604138E-15, 1.000000000000000000, 0.000000000000000000 ) ) ;
#637 = PLANE ( 'NONE',  #950 ) ;
#638 = ORIENTED_EDGE ( 'NONE', *, *, #2751, .T. ) ;
#639 = CIRCLE ( 'NONE', #1107, 1.250000000000001110 ) ;
#640 = CARTESIAN_POINT ( 'NONE',  ( 0.000000000000000000, -6.979999999999997762, -147.4999999999999716 ) ) ;
#641 = CYLINDRICAL_SURFACE ( 'NONE', #3298, 13.99999999999999822 ) ;
#642 = CARTESIAN_POINT ( 'NONE',  ( -50.62499999999999289, 26.92000000000000171, -16.60769515458679280 ) ) ;
#643 = DIRECTION ( 'NONE',  ( -1.000000000000000000, 0.000000000000000000, 0.000000000000000000 ) ) ;
#644 = CIRCLE ( 'NONE', #2656, 2.000000000000000000 ) ;
#645 = EDGE_LOOP ( 'NONE', ( #1801, #3260 ) ) ;
#646 = AXIS2_PLACEMENT_3D ( 'NONE', #1902, #564, #1142 ) ;
#647 = DIRECTION ( 'NONE',  ( -3.401418580346680819E-16, 1.000000000000000000, 1.241304812863546742E-16 ) ) ;
#648 = ORIENTED_EDGE ( 'NONE', *, *, #2135, .F. ) ;
#649 = VECTOR ( 'NONE', #1326, 1000.000000000000000 ) ;
#650 = VERTEX_POINT ( 'NONE', #1306 ) ;
#651 = CIRCLE ( 'NONE', #1921, 2.000000000000000000 ) ;
#652 = CARTESIAN_POINT ( 'NONE',  ( -57.39499999999998892, 16.32000000000000384, -144.0999999999999375 ) ) ;
#653 = CARTESIAN_POINT ( 'NONE',  ( 56.29999998338323053, -28.88009115032320295, -149.0999999999999659 ) ) ;
#654 = EDGE_CURVE ( 'NONE', #17, #2755, #783, .T. ) ;
#655 = ORIENTED_EDGE ( 'NONE', *, *, #1564, .F. ) ;
#656 = AXIS2_PLACEMENT_3D ( 'NONE', #778, #3528, #2170 ) ;
#657 = CARTESIAN_POINT ( 'NONE',  ( 53.07500000000000284, 0.02000000000002954276, -155.7462112512352803 ) ) ;
#658 = LINE ( 'NONE', #952, #714 ) ;
#659 = VECTOR ( 'NONE', #1269, 1000.000000000000000 ) ;
#660 = ADVANCED_FACE ( 'NONE', ( #762 ), #492, .T. ) ;
#661 = ORIENTED_EDGE ( 'NONE', *, *, #2394, .T. ) ;
#662 = DIRECTION ( 'NONE',  ( 1.000000000000000000, 0.000000000000000000, -1.786290745155056918E-16 ) ) ;
#663 = CARTESIAN_POINT ( 'NONE',  ( -47.55000002927649660, -28.87999999999998835, -145.4999999637140604 ) ) ;
#664 = CARTESIAN_POINT ( 'NONE',  ( -49.20000000000000995, -28.87999999999999545, -149.0999999999999659 ) ) ;
#665 = CARTESIAN_POINT ( 'NONE',  ( -42.62499999999999289, 20.44825253169418389, -145.5000044231702816 ) ) ;
#666 = EDGE_CURVE ( 'NONE', #1357, #1193, #2636, .T. ) ;
#667 = DIRECTION ( 'NONE',  ( -1.000000000000000000, 0.000000000000000000, 0.000000000000000000 ) ) ;
#668 = ORIENTED_EDGE ( 'NONE', *, *, #3358, .F. ) ;
#669 = EDGE_LOOP ( 'NONE', ( #3182, #2907, #2743, #3084 ) ) ;
#670 = DIRECTION ( 'NONE',  ( -0.7071067811865507924, -0.7071067811865415775, 6.181723857316895113E-08 ) ) ;
#671 = CARTESIAN_POINT ( 'NONE',  ( 47.07500000000000995, -33.37999999999999545, 27.00000000000002487 ) ) ;
#672 = ORIENTED_EDGE ( 'NONE', *, *, #2486, .T. ) ;
#673 = CARTESIAN_POINT ( 'NONE',  ( -53.16500000000000625, 27.02000000000000313, 24.50000000000000000 ) ) ;
#674 = DIRECTION ( 'NONE',  ( -1.000000000000000000, 0.000000000000000000, 0.000000000000000000 ) ) ;
#675 = ORIENTED_EDGE ( 'NONE', *, *, #1345, .F. ) ;
#676 = LINE ( 'NONE', #2585, #1971 ) ;
#677 = EDGE_CURVE ( 'NONE', #1300, #1361, #2366, .T. ) ;
#678 = PLANE ( 'NONE',  #1120 ) ;
#679 = DIRECTION ( 'NONE',  ( 0.000000000000000000, 0.000000000000000000, 1.000000000000000000 ) ) ;
#680 = ADVANCED_FACE ( 'NONE', ( #3479 ), #3199, .F. ) ;
#681 = DIRECTION ( 'NONE',  ( -1.000000000000000000, -4.336808689942014285E-16, 2.465190328815661892E-32 ) ) ;
#682 = EDGE_LOOP ( 'NONE', ( #700, #2190, #1541, #1219 ) ) ;
#683 = ORIENTED_EDGE ( 'NONE', *, *, #1368, .T. ) ;
#684 = LINE ( 'NONE', #756, #627 ) ;
#685 = CARTESIAN_POINT ( 'NONE',  ( -76.45008193257393714, -3.688583756330135355, -6.652703644666135396 ) ) ;
#686 = CIRCLE ( 'NONE', #1835, 1.599386627496458768 ) ;
#687 = EDGE_LOOP ( 'NONE', ( #399, #2544, #741, #2314 ) ) ;
#688 = AXIS2_PLACEMENT_3D ( 'NONE', #3324, #3378, #2286 ) ;
#689 = EDGE_LOOP ( 'NONE', ( #3392, #1304, #2489, #1934, #3363, #2929, #2615, #1074, #1427, #2066, #672, #691, #901, #1412, #995 ) ) ;
#690 = DIRECTION ( 'NONE',  ( 1.000000000000000000, 0.000000000000000000, 0.000000000000000000 ) ) ;
#691 = ORIENTED_EDGE ( 'NONE', *, *, #1035, .T. ) ;
#692 = DIRECTION ( 'NONE',  ( 0.000000000000000000, 0.000000000000000000, -1.000000000000000000 ) ) ;
#693 = CARTESIAN_POINT ( 'NONE',  ( -45.94994886994358296, -32.12999999477493418, -149.0999999999999659 ) ) ;
#694 = LINE ( 'NONE', #2018, #2494 ) ;
#695 = FILL_AREA_STYLE ('',( #3167 ) ) ;
#696 = EDGE_CURVE ( 'NONE', #3030, #3113, #2351, .T. ) ;
#697 = VECTOR ( 'NONE', #1431, 1000.000000000000000 ) ;
#698 = FACE_OUTER_BOUND ( 'NONE', #922, .T. ) ;
#699 = EDGE_CURVE ( 'NONE', #1681, #3160, #1827, .T. ) ;
#700 = ORIENTED_EDGE ( 'NONE', *, *, #1564, .T. ) ;
#701 = VECTOR ( 'NONE', #2249, 1000.000000000000000 ) ;
#702 = ORIENTED_EDGE ( 'NONE', *, *, #213, .T. ) ;
#703 = CARTESIAN_POINT ( 'NONE',  ( 47.07499999999999574, 31.02000000000000313, 30.00000000000000000 ) ) ;
#704 = LINE ( 'NONE', #757, #1907 ) ;
#705 = CIRCLE ( 'NONE', #1633, 1.000000000000000222 ) ;
#706 = ADVANCED_FACE ( 'NONE', ( #3512 ), #710, .F. ) ;
#707 = ORIENTED_EDGE ( 'NONE', *, *, #2339, .F. ) ;
#708 = AXIS2_PLACEMENT_3D ( 'NONE', #1202, #2301, #3394 ) ;
#709 = ORIENTED_EDGE ( 'NONE', *, *, #434, .F. ) ;
#710 = PLANE ( 'NONE',  #2905 ) ;
#711 = CIRCLE ( 'NONE', #1175, 13.99999999999999822 ) ;
#712 = EDGE_LOOP ( 'NONE', ( #558, #1875, #2148, #1704 ) ) ;
#713 = CARTESIAN_POINT ( 'NONE',  ( 58.29283101375673937, -18.67999999999999972, -144.0999999999999375 ) ) ;
#714 = VECTOR ( 'NONE', #1506, 1000.000000000000000 ) ;
#715 = CARTESIAN_POINT ( 'NONE',  ( 1.185793409167016144, -30.88000000000002032, -147.4999999999999716 ) ) ;
#716 = CARTESIAN_POINT ( 'NONE',  ( 53.05009115032319755, 26.36999998338323437, -149.0999999999999659 ) ) ;
#717 = EDGE_CURVE ( 'NONE', #3388, #450, #771, .T. ) ;
#718 = DIRECTION ( 'NONE',  ( -0.000000000000000000, -0.000000000000000000, 1.000000000000000000 ) ) ;
#719 = VERTEX_POINT ( 'NONE', #2121 ) ;
#720 = ORIENTED_EDGE ( 'NONE', *, *, #2734, .F. ) ;
#721 = ADVANCED_FACE ( 'NONE', ( #2621 ), #3442, .T. ) ;
#722 = CYLINDRICAL_SURFACE ( 'NONE', #1093, 1.000000000000000888 ) ;
#723 = CARTESIAN_POINT ( 'NONE',  ( 5.100006971540178569, -28.87999999999999545, -147.4999999999999716 ) ) ;
#724 = ORIENTED_EDGE ( 'NONE', *, *, #3406, .F. ) ;
#725 = ORIENTED_EDGE ( 'NONE', *, *, #2659, .F. ) ;
#726 = ADVANCED_FACE ( 'NONE', ( #3461 ), #1066, .T. ) ;
#727 = DIRECTION ( 'NONE',  ( -0.7071067811865475727, -0.7071067811865475727, 0.000000000000000000 ) ) ;
#728 = ORIENTED_EDGE ( 'NONE', *, *, #840, .F. ) ;
#729 = DIRECTION ( 'NONE',  ( 0.000000000000000000, 0.000000000000000000, 1.000000000000000000 ) ) ;
#730 = DIRECTION ( 'NONE',  ( 1.000000000000000000, -0.000000000000000000, -0.000000000000000000 ) ) ;
#731 = CARTESIAN_POINT ( 'NONE',  ( 56.29999999999999716, 23.12000000000000099, -149.0999999999999659 ) ) ;
#732 = ORIENTED_EDGE ( 'NONE', *, *, #3100, .F. ) ;
#733 = DIRECTION ( 'NONE',  ( 0.000000000000000000, -1.000000000000000000, 0.000000000000000000 ) ) ;
#734 = DIRECTION ( 'NONE',  ( -3.755786496842879336E-16, 0.8660254037844349329, -0.5000000000000065503 ) ) ;
#735 = ORIENTED_EDGE ( 'NONE', *, *, #3017, .T. ) ;
#736 = ORIENTED_EDGE ( 'NONE', *, *, #3274, .T. ) ;
#737 = PLANE ( 'NONE',  #3559 ) ;
#738 = PLANE ( 'NONE',  #2540 ) ;
#739 = ORIENTED_EDGE ( 'NONE', *, *, #2903, .T. ) ;
#740 = ADVANCED_FACE ( 'NONE', ( #1004 ), #1342, .F. ) ;
#741 = ORIENTED_EDGE ( 'NONE', *, *, #237, .F. ) ;
#742 = CARTESIAN_POINT ( 'NONE',  ( -45.95061343523000374, -28.88061343523699875, -149.0999999999999659 ) ) ;
#743 = VERTEX_POINT ( 'NONE', #3000 ) ;
#744 = EDGE_CURVE ( 'NONE', #469, #1716, #286, .T. ) ;
#745 = CIRCLE ( 'NONE', #2879, 3.249386625085060043 ) ;
#746 = VECTOR ( 'NONE', #3085, 1000.000000000000000 ) ;
#747 = DIRECTION ( 'NONE',  ( -1.786290745155050262E-16, -8.742277700000010565E-08, -0.9999999999999963363 ) ) ;
#748 = CARTESIAN_POINT ( 'NONE',  ( -53.16500000000000625, 27.02000000000000313, 27.99999999999999645 ) ) ;
#749 = CARTESIAN_POINT ( 'NONE',  ( -48.65710678118654897, -5.699948617262360351, -145.5000024715651534 ) ) ;
#750 = CARTESIAN_POINT ( 'NONE',  ( 16.74000348577005326, -16.74000348577026642, -89.33679033377740097 ) ) ;
#751 = DIRECTION ( 'NONE',  ( 1.971276677246372258E-16, -1.000000000000000000, 0.000000000000000000 ) ) ;
#752 = VECTOR ( 'NONE', #116, 1000.000000000000000 ) ;
#753 = ORIENTED_EDGE ( 'NONE', *, *, #2903, .F. ) ;
#754 = VECTOR ( 'NONE', #2731, 1000.000000000000000 ) ;
#755 = VERTEX_POINT ( 'NONE', #3551 ) ;
#756 = CARTESIAN_POINT ( 'NONE',  ( -47.55000002927647529, -28.87999999999998835, -144.4999999637140604 ) ) ;
#757 = CARTESIAN_POINT ( 'NONE',  ( -55.91499999999999915, -28.88000000000000966, 27.99999999999999645 ) ) ;
#758 = EDGE_LOOP ( 'NONE', ( #982, #508, #1906, #1989 ) ) ;
#759 = AXIS2_PLACEMENT_3D ( 'NONE', #2462, #2447, #3038 ) ;
#760 = ORIENTED_EDGE ( 'NONE', *, *, #75, .T. ) ;
#761 = VECTOR ( 'NONE', #2245, 1000.000000000000000 ) ;
#762 = FACE_OUTER_BOUND ( 'NONE', #3532, .T. ) ;
#763 = DIRECTION ( 'NONE',  ( -1.000000000000000000, 0.000000000000000000, 0.000000000000000000 ) ) ;
#764 = EDGE_CURVE ( 'NONE', #1379, #1539, #3032, .T. ) ;
#765 = ORIENTED_EDGE ( 'NONE', *, *, #2199, .F. ) ;
#766 = CIRCLE ( 'NONE', #1575, 11.00000000000000355 ) ;
#767 = CARTESIAN_POINT ( 'NONE',  ( -47.55000002927647529, -28.37999991257722954, -144.4999999637140888 ) ) ;
#768 = CARTESIAN_POINT ( 'NONE',  ( 53.07500000000000284, 22.58987298107788533, -14.10769515458673773 ) ) ;
#769 = EDGE_CURVE ( 'NONE', #3569, #156, #2730, .T. ) ;
#770 = VECTOR ( 'NONE', #440, 1000.000000000000227 ) ;
#771 = CIRCLE ( 'NONE', #2612, 3.249386625085060043 ) ;
#772 = DIRECTION ( 'NONE',  ( -0.000000000000000000, -0.5000000000000069944, -0.8660254037844345998 ) ) ;
#773 = EDGE_CURVE ( 'NONE', #450, #3198, #1899, .T. ) ;
#774 = CARTESIAN_POINT ( 'NONE',  ( -39.38235931288069480, 24.10510678118654937, -147.4999999999999716 ) ) ;
#775 = VECTOR ( 'NONE', #3534, 1000.000000000000000 ) ;
#776 = EDGE_LOOP ( 'NONE', ( #3561, #2927, #33, #1834, #181 ) ) ;
#777 = VERTEX_POINT ( 'NONE', #2175 ) ;
#778 = CARTESIAN_POINT ( 'NONE',  ( -47.55000002927648239, -6.807055369172433146, -24.23067382164290251 ) ) ;
#779 = DIRECTION ( 'NONE',  ( 1.000000000000000000, 0.000000000000000000, 0.000000000000000000 ) ) ;
#780 = DIRECTION ( 'NONE',  ( 0.000000000000000000, 0.000000000000000000, 1.000000000000000000 ) ) ;
#781 = EDGE_LOOP ( 'NONE', ( #3157, #266, #2821, #2401 ) ) ;
#782 = ORIENTED_EDGE ( 'NONE', *, *, #293, .T. ) ;
#783 = LINE ( 'NONE', #162, #2960 ) ;
#784 = CARTESIAN_POINT ( 'NONE',  ( 47.07499999999999574, 20.02000000000000313, -149.0999999999999659 ) ) ;
#785 = ORIENTED_EDGE ( 'NONE', *, *, #1780, .F. ) ;
#786 = DIRECTION ( 'NONE',  ( 0.000000000000000000, 0.000000000000000000, -1.000000000000000000 ) ) ;
#787 = CARTESIAN_POINT ( 'NONE',  ( -47.55000002927647529, -219.0019874186044717, -145.4999999637140604 ) ) ;
#788 = EDGE_CURVE ( 'NONE', #2437, #147, #1948, .T. ) ;
#789 = DIRECTION ( 'NONE',  ( -1.000000000000000000, -1.303201033694662163E-16, -5.271713566001691411E-16 ) ) ;
#790 = DIRECTION ( 'NONE',  ( -0.000000000000000000, -0.000000000000000000, -1.000000000000000000 ) ) ;
#791 = EDGE_LOOP ( 'NONE', ( #1984, #2906, #1700, #1889, #141, #998, #1484, #2265, #1947, #984, #2078, #2421, #3424 ) ) ;
#792 = EDGE_CURVE ( 'NONE', #1089, #388, #541, .T. ) ;
#793 = CARTESIAN_POINT ( 'NONE',  ( -47.42500000000000426, 34.02000000000000313, -149.0999999999999659 ) ) ;
#794 = CARTESIAN_POINT ( 'NONE',  ( -47.55000006272646829, -28.88061343523699875, -147.4999999999999716 ) ) ;
#795 = CARTESIAN_POINT ( 'NONE',  ( -42.62499999999999289, 20.44825253169418389, -147.4999999999999716 ) ) ;
#796 = ORIENTED_EDGE ( 'NONE', *, *, #545, .F. ) ;
#797 = ORIENTED_EDGE ( 'NONE', *, *, #3096, .F. ) ;
#798 = DIRECTION ( 'NONE',  ( -1.000000000000000000, -1.303201033694662163E-16, -5.271713566001691411E-16 ) ) ;
#799 = CARTESIAN_POINT ( 'NONE',  ( -58.64499999999998892, 16.32000000000000384, -144.0999999999999375 ) ) ;
#800 = ORIENTED_EDGE ( 'NONE', *, *, #3216, .T. ) ;
#801 = AXIS2_PLACEMENT_3D ( 'NONE', #372, #3366, #3081 ) ;
#802 = FACE_OUTER_BOUND ( 'NONE', #518, .T. ) ;
#803 =( NAMED_UNIT ( * ) PLANE_ANGLE_UNIT ( ) SI_UNIT ( $, .RADIAN. ) );
#804 = CARTESIAN_POINT ( 'NONE',  ( -41.48000311279299979, -27.37620084444144197, -145.5000000514689873 ) ) ;
#805 = LINE ( 'NONE', #3290, #1398 ) ;
#806 = DIRECTION ( 'NONE',  ( 0.000000000000000000, -0.000000000000000000, 1.000000000000000000 ) ) ;
#807 = ADVANCED_FACE ( 'NONE', ( #865 ), #1090, .F. ) ;
#808 = ORIENTED_EDGE ( 'NONE', *, *, #3208, .T. ) ;
#809 = CARTESIAN_POINT ( 'NONE',  ( -47.95000000000000995, 6.020000000000003126, -147.4999999999999716 ) ) ;
#810 = CARTESIAN_POINT ( 'NONE',  ( -53.41500000000000625, 22.58987298107782848, -14.10769515458676437 ) ) ;
#811 = DIRECTION ( 'NONE',  ( 1.000000000000000000, 0.000000000000000000, -0.000000000000000000 ) ) ;
#812 = EDGE_CURVE ( 'NONE', #1324, #1089, #1127, .T. ) ;
#813 = EDGE_CURVE ( 'NONE', #2291, #1752, #3282, .T. ) ;
#814 = ORIENTED_EDGE ( 'NONE', *, *, #2417, .T. ) ;
#815 = AXIS2_PLACEMENT_3D ( 'NONE', #625, #2556, #83 ) ;
#816 = EDGE_LOOP ( 'NONE', ( #1896, #2011, #134, #3314 ) ) ;
#817 = DIRECTION ( 'NONE',  ( -0.000000000000000000, -0.000000000000000000, -1.000000000000000000 ) ) ;
#818 = DIRECTION ( 'NONE',  ( 0.000000000000000000, 0.000000000000000000, -1.000000000000000000 ) ) ;
#819 = VECTOR ( 'NONE', #3176, 1000.000000000000000 ) ;
#820 = ORIENTED_EDGE ( 'NONE', *, *, #3255, .F. ) ;
#821 = AXIS2_PLACEMENT_3D ( 'NONE', #1277, #190, #1832 ) ;
#822 = CARTESIAN_POINT ( 'NONE',  ( 53.07500000000000284, -7.979999999999969340, 30.00000000000000000 ) ) ;
#823 = APPLICATION_PROTOCOL_DEFINITION ( 'draft international standard', 'automotive_design', 1998, #2114 ) ;
#824 = CARTESIAN_POINT ( 'NONE',  ( 0.000000000000000000, -5.979999999999997762, -7.000000000000004441 ) ) ;
#825 = AXIS2_PLACEMENT_3D ( 'NONE', #1922, #2735, #239 ) ;
#826 = CARTESIAN_POINT ( 'NONE',  ( 53.04999999999999005, -32.12999999999999545, -147.4999999999999716 ) ) ;
#827 = AXIS2_PLACEMENT_3D ( 'NONE', #935, #2037, #3132 ) ;
#828 = CARTESIAN_POINT ( 'NONE',  ( -47.42500000000000426, 20.02000000000000313, 27.00000000000002487 ) ) ;
#829 = VERTEX_POINT ( 'NONE', #2438 ) ;
#830 = VECTOR ( 'NONE', #3361, 1000.000000000000000 ) ;
#831 = EDGE_CURVE ( 'NONE', #2077, #1332, #2762, .T. ) ;
#832 = CARTESIAN_POINT ( 'NONE',  ( -39.08946609406725514, 24.39800000000000324, -145.5000045777133835 ) ) ;
#833 = DIRECTION ( 'NONE',  ( -1.000000000000000000, 0.000000000000000000, 0.000000000000000000 ) ) ;
#834 = ORIENTED_EDGE ( 'NONE', *, *, #273, .T. ) ;
#835 = EDGE_CURVE ( 'NONE', #892, #944, #3266, .T. ) ;
#836 = ORIENTED_EDGE ( 'NONE', *, *, #3171, .F. ) ;
#837 = CARTESIAN_POINT ( 'NONE',  ( -53.42500000000000426, 21.92000000000000171, -155.7462112512352803 ) ) ;
#838 = SURFACE_STYLE_USAGE ( .BOTH. , #548 ) ;
#839 = ORIENTED_EDGE ( 'NONE', *, *, #2262, .T. ) ;
#840 = EDGE_CURVE ( 'NONE', #3478, #1644, #2745, .T. ) ;
#841 = DIRECTION ( 'NONE',  ( 0.000000000000000000, 0.000000000000000000, -1.000000000000000000 ) ) ;
#842 = CYLINDRICAL_SURFACE ( 'NONE', #2272, 1.000000000000000888 ) ;
#843 = DIRECTION ( 'NONE',  ( 0.000000000000000000, 0.000000000000000000, -1.000000000000000000 ) ) ;
#844 = LINE ( 'NONE', #3259, #3389 ) ;
#845 = CARTESIAN_POINT ( 'NONE',  ( 5.100006971540176792, -28.37999999999999545, -147.4999999999999716 ) ) ;
#846 = EDGE_LOOP ( 'NONE', ( #279, #610, #66, #1920 ) ) ;
#847 = ORIENTED_EDGE ( 'NONE', *, *, #2747, .T. ) ;
#848 = CARTESIAN_POINT ( 'NONE',  ( -53.41499999999999915, 27.02000000000000313, -145.5000047195131572 ) ) ;
#849 = FACE_OUTER_BOUND ( 'NONE', #2208, .T. ) ;
#850 = EDGE_CURVE ( 'NONE', #2673, #349, #1377, .T. ) ;
#851 = VERTEX_POINT ( 'NONE', #1109 ) ;
#852 = CARTESIAN_POINT ( 'NONE',  ( 52.07500000000000284, 23.39800000000000324, -288.7883930123065284 ) ) ;
#853 = DIRECTION ( 'NONE',  ( -1.000000000000000000, 0.000000000000000000, 0.000000000000000000 ) ) ;
#854 = ADVANCED_FACE ( 'NONE', ( #3315 ), #3303, .F. ) ;
#855 = VECTOR ( 'NONE', #1755, 1000.000000000000000 ) ;
#856 = DIRECTION ( 'NONE',  ( -4.336808689942013792E-16, 1.000000000000000000, 0.000000000000000000 ) ) ;
#857 = DIRECTION ( 'NONE',  ( 0.000000000000000000, 0.000000000000000000, -1.000000000000000000 ) ) ;
#858 = AXIS2_PLACEMENT_3D ( 'NONE', #1373, #3547, #2978 ) ;
#859 = LINE ( 'NONE', #40, #1153 ) ;
#860 = ORIENTED_EDGE ( 'NONE', *, *, #1895, .F. ) ;
#861 = VECTOR ( 'NONE', #1817, 1000.000000000000000 ) ;
#862 = CARTESIAN_POINT ( 'NONE',  ( 47.07499999999999574, -33.37999999999999545, 30.00000000000000000 ) ) ;
#863 = EDGE_LOOP ( 'NONE', ( #3153, #800, #2000, #2338 ) ) ;
#864 = ORIENTED_EDGE ( 'NONE', *, *, #3060, .T. ) ;
#865 = FACE_OUTER_BOUND ( 'NONE', #3428, .T. ) ;
#866 = CARTESIAN_POINT ( 'NONE',  ( -43.62500000000000000, 9.262640687119279903, -145.5000032545382567 ) ) ;
#867 = VERTEX_POINT ( 'NONE', #576 ) ;
#868 = AXIS2_PLACEMENT_3D ( 'NONE', #1480, #1962, #404 ) ;
#869 = CARTESIAN_POINT ( 'NONE',  ( 61.07499999999999574, 20.02000000000000668, -149.0999999999999659 ) ) ;
#870 = ADVANCED_FACE ( 'NONE', ( #3331 ), #1682, .T. ) ;
#871 = VECTOR ( 'NONE', #1213, 1000.000000000000227 ) ;
#872 = CARTESIAN_POINT ( 'NONE',  ( 53.07500000000000284, 22.02000000000000313, -5.094744111674494036 ) ) ;
#873 = EDGE_LOOP ( 'NONE', ( #3215, #683, #50, #2796 ) ) ;
#874 = CIRCLE ( 'NONE', #2428, 2.999999999999999112 ) ;
#875 = LINE ( 'NONE', #3025, #2146 ) ;
#876 = FACE_OUTER_BOUND ( 'NONE', #1092, .T. ) ;
#877 = ADVANCED_FACE ( 'NONE', ( #2063 ), #2797, .F. ) ;
#878 = LINE ( 'NONE', #898, #2217 ) ;
#879 = VECTOR ( 'NONE', #2123, 1000.000000000000000 ) ;
#880 = CARTESIAN_POINT ( 'NONE',  ( -61.42499999999999716, 34.02000000000000313, -149.0999999999999659 ) ) ;
#881 = ORIENTED_EDGE ( 'NONE', *, *, #1674, .T. ) ;
#882 = VECTOR ( 'NONE', #2640, 1000.000000000000000 ) ;
#883 = ADVANCED_FACE ( 'NONE', ( #1992 ), #2595, .F. ) ;
#884 = EDGE_CURVE ( 'NONE', #388, #103, #2562, .T. ) ;
#885 = CARTESIAN_POINT ( 'NONE',  ( -57.39499999999998892, -18.67999999999999972, -149.0999999999999659 ) ) ;
#886 = AXIS2_PLACEMENT_3D ( 'NONE', #642, #1746, #2571 ) ;
#887 = EDGE_LOOP ( 'NONE', ( #3179, #1247, #1487, #1073 ) ) ;
#888 = AXIS2_PLACEMENT_3D ( 'NONE', #111, #1163, #690 ) ;
#889 = ORIENTED_EDGE ( 'NONE', *, *, #29, .F. ) ;
#890 = LINE ( 'NONE', #2008, #2939 ) ;
#891 = LINE ( 'NONE', #963, #2029 ) ;
#892 = VERTEX_POINT ( 'NONE', #2332 ) ;
#893 = CARTESIAN_POINT ( 'NONE',  ( 53.07500000000000284, 26.92000000000004789, -16.60769515458676437 ) ) ;
#894 = DIRECTION ( 'NONE',  ( -3.401418580346668000E-16, 0.9999999999999961142, -8.742277735063165733E-08 ) ) ;
#895 = ORIENTED_EDGE ( 'NONE', *, *, #2224, .F. ) ;
#896 = CARTESIAN_POINT ( 'NONE',  ( 53.07499999999993179, 27.69350269189643754, -5.267949192431115257 ) ) ;
#897 = DIRECTION ( 'NONE',  ( 0.000000000000000000, 1.000000000000000000, 0.000000000000000000 ) ) ;
#898 = CARTESIAN_POINT ( 'NONE',  ( -45.45342712474622715, 6.020000000000003126, -145.5000029710575973 ) ) ;
#899 = CARTESIAN_POINT ( 'NONE',  ( 2.344156911763643874E-12, -31.88000000000010914, -144.4999996577343495 ) ) ;
#900 = EDGE_CURVE ( 'NONE', #1716, #1444, #924, .T. ) ;
#901 = ORIENTED_EDGE ( 'NONE', *, *, #3336, .T. ) ;
#902 = LINE ( 'NONE', #1698, #1321 ) ;
#903 = EDGE_CURVE ( 'NONE', #2695, #104, #615, .T. ) ;
#904 = ORIENTED_EDGE ( 'NONE', *, *, #389, .F. ) ;
#905 = ORIENTED_EDGE ( 'NONE', *, *, #260, .T. ) ;
#906 = DIRECTION ( 'NONE',  ( 0.000000000000000000, 1.000000000000000000, -0.000000000000000000 ) ) ;
#907 = DIRECTION ( 'NONE',  ( 0.000000000000000000, 0.000000000000000000, -1.000000000000000000 ) ) ;
#908 = EDGE_LOOP ( 'NONE', ( #1530, #1789, #248, #2687 ) ) ;
#909 = DIRECTION ( 'NONE',  ( 9.856383386231861292E-17, -1.000000000000000000, 0.000000000000000000 ) ) ;
#910 = ADVANCED_BREP_SHAPE_REPRESENTATION ( '\X2\591658f3\X0\_\X2\4e3b4f53\X0\', ( #1918, #2956 ), #10 ) ;
#911 = LINE ( 'NONE', #1183, #1353 ) ;
#912 = ORIENTED_EDGE ( 'NONE', *, *, #1097, .F. ) ;
#913 = CARTESIAN_POINT ( 'NONE',  ( -50.42499999999999716, -5.658199262354549397, -5.000000000000004441 ) ) ;
#914 = CARTESIAN_POINT ( 'NONE',  ( -47.42500000000000426, 20.02000000000000313, -288.7883930123065284 ) ) ;
#915 = LINE ( 'NONE', #3448, #359 ) ;
#916 = CARTESIAN_POINT ( 'NONE',  ( 53.07500000000000284, -25.89554530818377032, -144.5000002246233919 ) ) ;
#917 = VERTEX_POINT ( 'NONE', #1485 ) ;
#918 = ADVANCED_FACE ( 'NONE', ( #3369 ), #3385, .T. ) ;
#919 = LINE ( 'NONE', #862, #3441 ) ;
#920 = ORIENTED_EDGE ( 'NONE', *, *, #1637, .T. ) ;
#921 = AXIS2_PLACEMENT_3D ( 'NONE', #1047, #3009, #1928 ) ;
#922 = EDGE_LOOP ( 'NONE', ( #3454, #315, #577, #1556 ) ) ;
#923 = EDGE_CURVE ( 'NONE', #2430, #917, #89, .T. ) ;
#924 = LINE ( 'NONE', #3121, #2136 ) ;
#925 = VECTOR ( 'NONE', #906, 1000.000000000000000 ) ;
#926 = FACE_OUTER_BOUND ( 'NONE', #2386, .T. ) ;
#927 = ORIENTED_EDGE ( 'NONE', *, *, #1669, .T. ) ;
#928 = DIRECTION ( 'NONE',  ( 0.000000000000000000, 0.000000000000000000, -1.000000000000000000 ) ) ;
#929 = EDGE_CURVE ( 'NONE', #1826, #755, #3101, .T. ) ;
#930 = CYLINDRICAL_SURFACE ( 'NONE', #2328, 1.599386627496454327 ) ;
#931 = VECTOR ( 'NONE', #1766, 1000.000000000000000 ) ;
#932 = VERTEX_POINT ( 'NONE', #124 ) ;
#933 = VECTOR ( 'NONE', #2508, 1000.000000000000114 ) ;
#934 = DIRECTION ( 'NONE',  ( 0.000000000000000000, 0.000000000000000000, 1.000000000000000000 ) ) ;
#935 = CARTESIAN_POINT ( 'NONE',  ( -48.55000002927648239, -7.221268931545525405, -145.5000018134691118 ) ) ;
#936 = DIRECTION ( 'NONE',  ( -7.511572993685653161E-16, 0.000000000000000000, -1.000000000000000000 ) ) ;
#937 = CARTESIAN_POINT ( 'NONE',  ( -45.95231832797000493, 23.12231832797399633, -149.0999999999999659 ) ) ;
#938 = AXIS2_PLACEMENT_3D ( 'NONE', #2757, #811, #1392 ) ;
#939 = VECTOR ( 'NONE', #2679, 1000.000000000000000 ) ;
#940 = DIRECTION ( 'NONE',  ( 1.000000000000000000, 0.000000000000000000, -0.000000000000000000 ) ) ;
#941 = EDGE_LOOP ( 'NONE', ( #1106, #2454, #1019, #546 ) ) ;
#942 = AXIS2_PLACEMENT_3D ( 'NONE', #1510, #2917, #2055 ) ;
#943 = EDGE_CURVE ( 'NONE', #2396, #2365, #2578, .T. ) ;
#944 = VERTEX_POINT ( 'NONE', #1469 ) ;
#945 = CIRCLE ( 'NONE', #886, 5.000000000000004441 ) ;
#946 = FACE_OUTER_BOUND ( 'NONE', #781, .T. ) ;
#947 = DIRECTION ( 'NONE',  ( 1.786290745155049769E-16, 8.742277700000010565E-08, 0.9999999999999962252 ) ) ;
#948 = VERTEX_POINT ( 'NONE', #652 ) ;
#949 = EDGE_CURVE ( 'NONE', #3253, #3569, #1702, .T. ) ;
#950 = AXIS2_PLACEMENT_3D ( 'NONE', #2894, #419, #620 ) ;
#951 = DIRECTION ( 'NONE',  ( -1.000000000000000000, -1.301042606982604138E-15, 0.000000000000000000 ) ) ;
#952 = CARTESIAN_POINT ( 'NONE',  ( -61.42499999999999716, 20.02000000000000313, -149.0999999999999659 ) ) ;
#953 = VECTOR ( 'NONE', #547, 1000.000000000000000 ) ;
#954 = EDGE_LOOP ( 'NONE', ( #2713, #2557, #1002, #1790 ) ) ;
#955 = ADVANCED_FACE ( 'NONE', ( #2311 ), #47, .F. ) ;
#956 = CARTESIAN_POINT ( 'NONE',  ( 56.29999999999999716, 23.12000000000000099, -149.0999999999999659 ) ) ;
#957 = CARTESIAN_POINT ( 'NONE',  ( -50.42499999999999716, -6.979999999999997762, -5.267949192431127692 ) ) ;
#958 = DIRECTION ( 'NONE',  ( 0.000000000000000000, 0.000000000000000000, 1.000000000000000000 ) ) ;
#959 = DIRECTION ( 'NONE',  ( -1.000000000000000000, 0.000000000000000000, 0.000000000000000000 ) ) ;
#960 = ORIENTED_EDGE ( 'NONE', *, *, #2023, .F. ) ;
#961 = ORIENTED_EDGE ( 'NONE', *, *, #2908, .T. ) ;
#962 = FACE_OUTER_BOUND ( 'NONE', #1808, .T. ) ;
#963 = CARTESIAN_POINT ( 'NONE',  ( -47.42500000000000426, 34.02000000000000313, 0.000000000000000000 ) ) ;
#964 = ORIENTED_EDGE ( 'NONE', *, *, #3037, .F. ) ;
#965 = VERTEX_POINT ( 'NONE', #2522 ) ;
#966 = CYLINDRICAL_SURFACE ( 'NONE', #888, 3.251094394703411883 ) ;
#967 = EDGE_CURVE ( 'NONE', #391, #17, #3351, .T. ) ;
#968 = ORIENTED_EDGE ( 'NONE', *, *, #3485, .F. ) ;
#969 = DIRECTION ( 'NONE',  ( 1.000000000000000000, 4.336808689942014285E-16, 0.000000000000000000 ) ) ;
#970 = DIRECTION ( 'NONE',  ( -1.786290745155050508E-16, -8.742277700000013212E-08, -0.9999999999999961142 ) ) ;
#971 = CYLINDRICAL_SURFACE ( 'NONE', #420, 4.999999999999999112 ) ;
#972 = EDGE_CURVE ( 'NONE', #1040, #1108, #890, .T. ) ;
#973 = PLANE ( 'NONE',  #235 ) ;
#974 = ORIENTED_EDGE ( 'NONE', *, *, #1278, .F. ) ;
#975 = PLANE ( 'NONE',  #1898 ) ;
#976 = ORIENTED_EDGE ( 'NONE', *, *, #2972, .T. ) ;
#977 = VECTOR ( 'NONE', #2849, 1000.000000000000000 ) ;
#978 = ORIENTED_EDGE ( 'NONE', *, *, #2135, .T. ) ;
#979 = CARTESIAN_POINT ( 'NONE',  ( -38.67525253169414867, 23.39800000000000324, -24.23067382164290251 ) ) ;
#980 = LINE ( 'NONE', #1317, #463 ) ;
#981 = VECTOR ( 'NONE', #2829, 1000.000000000000000 ) ;
#982 = ORIENTED_EDGE ( 'NONE', *, *, #13, .T. ) ;
#983 = VECTOR ( 'NONE', #224, 1000.000000000000000 ) ;
#984 = ORIENTED_EDGE ( 'NONE', *, *, #3012, .T. ) ;
#985 = DIRECTION ( 'NONE',  ( 0.000000000000000000, 0.000000000000000000, 1.000000000000000000 ) ) ;
#986 = ORIENTED_EDGE ( 'NONE', *, *, #2597, .T. ) ;
#987 = ADVANCED_FACE ( 'NONE', ( #946 ), #1734, .F. ) ;
#988 = CARTESIAN_POINT ( 'NONE',  ( -42.62499999999999289, 9.262640687119279903, -24.23067382164290251 ) ) ;
#989 = LINE ( 'NONE', #1272, #187 ) ;
#990 = FACE_OUTER_BOUND ( 'NONE', #2103, .T. ) ;
#991 = AXIS2_PLACEMENT_3D ( 'NONE', #784, #2589, #1882 ) ;
#992 = EDGE_CURVE ( 'NONE', #829, #2577, #2869, .T. ) ;
#993 = CARTESIAN_POINT ( 'NONE',  ( 58.07500000000000284, 20.02000000000000668, 27.00000000000000000 ) ) ;
#994 = CARTESIAN_POINT ( 'NONE',  ( 1.185793409167090084, -31.88000000000002032, -147.4999999999999716 ) ) ;
#995 = ORIENTED_EDGE ( 'NONE', *, *, #163, .T. ) ;
#996 = ADVANCED_FACE ( 'NONE', ( #962 ), #1446, .T. ) ;
#997 = AXIS2_PLACEMENT_3D ( 'NONE', #3240, #1548, #1604 ) ;
#998 = ORIENTED_EDGE ( 'NONE', *, *, #1478, .T. ) ;
#999 = FACE_OUTER_BOUND ( 'NONE', #1299, .T. ) ;
#1000 = DIRECTION ( 'NONE',  ( 0.000000000000000000, 0.000000000000000000, -1.000000000000000000 ) ) ;
#1001 = CIRCLE ( 'NONE', #2721, 2.000000000000000000 ) ;
#1002 = ORIENTED_EDGE ( 'NONE', *, *, #717, .T. ) ;
#1003 = VERTEX_POINT ( 'NONE', #2099 ) ;
#1004 = FACE_OUTER_BOUND ( 'NONE', #3436, .T. ) ;
#1005 = CLOSED_SHELL ( 'NONE', ( #883, #1185, #2591, #1624, #55, #1229, #2623, #2753, #102, #1385, #854, #1433, #2002, #2526, #1915, #357, #1743, #3055, #3341, #478, #2861, #408, #2642, #3130, #1652, #2411, #3079, #1121, #1411, #877, #870, #2074, #2180, #566, #1955, #3516, #123, #1141, #996, #2555, #320, #2548, #1100, #2727, #1339, #3365, #2094, #635, #807, #2531, #132, #1030, #339, #85, #680, #1455, #740, #987, #3387, #8, #1558, #520, #459, #3536, #1126, #2614, #231, #2058, #1018, #2352, #3049, #1521, #53, #918, #3279, #721, #2817, #1776, #706, #1065, #95, #1611, #1136, #1191, #414, #1473, #226, #2840, #726, #2373, #3213, #1583, #1169, #955, #1208, #1453, #1990, #1498, #117, #1933, #2335, #386, #188, #2772, #578, #660, #2273, #1495, #3191, #2357 ) ) ;
#1006 = VERTEX_POINT ( 'NONE', #2382 ) ;
#1007 = CARTESIAN_POINT ( 'NONE',  ( 53.07500000000000284, 0.02000000000002694067, -5.000000000000004441 ) ) ;
#1008 = CARTESIAN_POINT ( 'NONE',  ( -45.95028632831595417, -30.47998730909463205, 0.001999484204567858470 ) ) ;
#1009 = VECTOR ( 'NONE', #2737, 1000.000000000000000 ) ;
#1010 = DIRECTION ( 'NONE',  ( 0.000000000000000000, 0.000000000000000000, -1.000000000000000000 ) ) ;
#1011 = PLANE ( 'NONE',  #468 ) ;
#1012 = DIRECTION ( 'NONE',  ( 0.000000000000000000, -1.000000000000000000, 0.000000000000000000 ) ) ;
#1013 = EDGE_CURVE ( 'NONE', #267, #284, #3194, .T. ) ;
#1014 = VERTEX_POINT ( 'NONE', #488 ) ;
#1015 = VERTEX_POINT ( 'NONE', #1301 ) ;
#1016 = DIRECTION ( 'NONE',  ( 0.000000000000000000, -1.000000000000000000, 0.000000000000000000 ) ) ;
#1017 = FACE_OUTER_BOUND ( 'NONE', #2959, .T. ) ;
#1018 = ADVANCED_FACE ( 'NONE', ( #999 ), #722, .F. ) ;
#1019 = ORIENTED_EDGE ( 'NONE', *, *, #1695, .T. ) ;
#1020 = EDGE_LOOP ( 'NONE', ( #3420, #2173, #1246, #1598 ) ) ;
#1021 = CARTESIAN_POINT ( 'NONE',  ( 39.48527024283171727, -39.48527506535219800, -144.4999989928600996 ) ) ;
#1022 = VERTEX_POINT ( 'NONE', #412 ) ;
#1023 = LINE ( 'NONE', #1007, #879 ) ;
#1024 = CARTESIAN_POINT ( 'NONE',  ( -53.41499999999999915, 0.02000000000000265454, -27.68512727847023669 ) ) ;
#1025 = FACE_OUTER_BOUND ( 'NONE', #2361, .T. ) ;
#1026 = LINE ( 'NONE', #2374, #350 ) ;
#1027 = DIRECTION ( 'NONE',  ( 0.7071067811865487940, -0.7071067811865463515, 0.000000000000000000 ) ) ;
#1028 = EDGE_LOOP ( 'NONE', ( #2465, #1468, #2999, #2691 ) ) ;
#1029 = EDGE_LOOP ( 'NONE', ( #1283, #675, #1318, #626 ) ) ;
#1030 = ADVANCED_FACE ( 'NONE', ( #1264 ), #1821, .F. ) ;
#1031 = ORIENTED_EDGE ( 'NONE', *, *, #2460, .T. ) ;
#1032 = CARTESIAN_POINT ( 'NONE',  ( 3.549676350853993245, -2.879939519400000147, -147.4999999999999716 ) ) ;
#1033 = CARTESIAN_POINT ( 'NONE',  ( 0.000000000000000000, 0.000000000000000000, -149.0999999999999659 ) ) ;
#1034 = ORIENTED_EDGE ( 'NONE', *, *, #1938, .T. ) ;
#1035 = EDGE_CURVE ( 'NONE', #2512, #120, #684, .T. ) ;
#1036 = ORIENTED_EDGE ( 'NONE', *, *, #1082, .F. ) ;
#1037 = VECTOR ( 'NONE', #3381, 1000.000000000000000 ) ;
#1038 = DIRECTION ( 'NONE',  ( 3.401418580346681312E-16, -1.000000000000000000, 5.102127870520021968E-16 ) ) ;
#1039 = LINE ( 'NONE', #1494, #2024 ) ;
#1040 = VERTEX_POINT ( 'NONE', #703 ) ;
#1041 = VECTOR ( 'NONE', #1027, 1000.000000000000000 ) ;
#1042 = EDGE_CURVE ( 'NONE', #3388, #3537, #2941, .T. ) ;
#1043 = DIRECTION ( 'NONE',  ( 3.937095366188259791E-30, 0.9999999999999961142, -8.742277700000009241E-08 ) ) ;
#1044 = CARTESIAN_POINT ( 'NONE',  ( 53.07499999999993179, 21.92000000000005144, -145.5000024465209378 ) ) ;
#1045 = VECTOR ( 'NONE', #1051, 1000.000000000000114 ) ;
#1046 = LINE ( 'NONE', #1067, #1054 ) ;
#1047 = CARTESIAN_POINT ( 'NONE',  ( 47.07499999999999574, 20.02000000000000313, -288.7883930123065284 ) ) ;
#1048 = PRESENTATION_LAYER_ASSIGNMENT (  '', '', ( #405 ) ) ;
#1049 = ORIENTED_EDGE ( 'NONE', *, *, #2953, .T. ) ;
#1050 = LINE ( 'NONE', #809, #830 ) ;
#1051 = DIRECTION ( 'NONE',  ( 0.000000000000000000, -0.9999999999999326095, -3.671953092464765649E-07 ) ) ;
#1052 = CARTESIAN_POINT ( 'NONE',  ( -47.95000000000000995, 5.020000000000003126, -147.4999999999999716 ) ) ;
#1053 = EDGE_LOOP ( 'NONE', ( #203, #1215, #1144, #1951, #839, #709, #1772, #2487, #91, #3018, #2329, #3117, #3027, #214, #2346, #808, #3280 ) ) ;
#1054 = VECTOR ( 'NONE', #2145, 1000.000000000000000 ) ;
#1055 = ORIENTED_EDGE ( 'NONE', *, *, #1567, .T. ) ;
#1056 = CIRCLE ( 'NONE', #3064, 5.000000000000000888 ) ;
#1057 = CARTESIAN_POINT ( 'NONE',  ( 0.000000000000000000, 0.000000000000000000, -5.000000000000004441 ) ) ;
#1058 = LINE ( 'NONE', #2863, #3114 ) ;
#1059 = EDGE_CURVE ( 'NONE', #3129, #196, #44, .T. ) ;
#1060 = VERTEX_POINT ( 'NONE', #1284 ) ;
#1061 = VECTOR ( 'NONE', #3360, 1000.000000000000000 ) ;
#1062 = CARTESIAN_POINT ( 'NONE',  ( -55.91500000000000625, 27.02000000000000313, 30.00000000000000000 ) ) ;
#1063 = DIRECTION ( 'NONE',  ( -1.000000000000000000, 0.000000000000000000, 0.000000000000000000 ) ) ;
#1064 = VECTOR ( 'NONE', #1294, 1000.000000000000000 ) ;
#1065 = ADVANCED_FACE ( 'NONE', ( #211 ), #1837, .T. ) ;
#1066 = TOROIDAL_SURFACE ( 'NONE', #1526, 11.00000000000000000, 3.000000000000000000 ) ;
#1067 = CARTESIAN_POINT ( 'NONE',  ( -58.42499999999998295, 20.01999999999999247, 30.00000000000000000 ) ) ;
#1068 = CARTESIAN_POINT ( 'NONE',  ( 58.29283101375674647, 16.31999999999997542, -144.0999999999999375 ) ) ;
#1069 = EDGE_LOOP ( 'NONE', ( #525, #2795 ) ) ;
#1070 = CARTESIAN_POINT ( 'NONE',  ( 61.07500000000000995, -22.37999999999999190, -149.0999999999999659 ) ) ;
#1071 = DIRECTION ( 'NONE',  ( 1.000000000000000000, 0.000000000000000000, 0.000000000000000000 ) ) ;
#1072 = CYLINDRICAL_SURFACE ( 'NONE', #410, 1.000000000000000000 ) ;
#1073 = ORIENTED_EDGE ( 'NONE', *, *, #1699, .T. ) ;
#1074 = ORIENTED_EDGE ( 'NONE', *, *, #343, .T. ) ;
#1075 = CARTESIAN_POINT ( 'NONE',  ( -45.94999999997536833, 26.37000003450508956, -149.0999999999999659 ) ) ;
#1076 = CARTESIAN_POINT ( 'NONE',  ( -47.95000000000000995, 6.020000000000003126, -145.5000029710575973 ) ) ;
#1077 = ORIENTED_EDGE ( 'NONE', *, *, #3472, .F. ) ;
#1078 = CARTESIAN_POINT ( 'NONE',  ( 53.07500000000000284, 26.35012701892217279, -7.594744111674529563 ) ) ;
#1079 = EDGE_CURVE ( 'NONE', #87, #342, #2923, .T. ) ;
#1080 = DIRECTION ( 'NONE',  ( 0.000000000000000000, 0.000000000000000000, -1.000000000000000000 ) ) ;
#1081 = CARTESIAN_POINT ( 'NONE',  ( -55.91028137423857203, 27.02000000000000313, 30.00000000000000000 ) ) ;
#1082 = EDGE_CURVE ( 'NONE', #3090, #1137, #2129, .T. ) ;
#1083 = DIRECTION ( 'NONE',  ( -9.856383386231860060E-17, 1.000000000000000000, -0.000000000000000000 ) ) ;
#1084 = ORIENTED_EDGE ( 'NONE', *, *, #2005, .F. ) ;
#1085 = ORIENTED_EDGE ( 'NONE', *, *, #1013, .T. ) ;
#1086 = CARTESIAN_POINT ( 'NONE',  ( 47.07500000000000995, -36.37999999999999545, -149.0999999999999659 ) ) ;
#1087 = CARTESIAN_POINT ( 'NONE',  ( 52.07500000000000284, 23.39800000000000324, -145.5000044902906211 ) ) ;
#1088 = ORIENTED_EDGE ( 'NONE', *, *, #812, .T. ) ;
#1089 = VERTEX_POINT ( 'NONE', #2397 ) ;
#1090 = PLANE ( 'NONE',  #2498 ) ;
#1091 = PLANE ( 'NONE',  #2770 ) ;
#1092 = EDGE_LOOP ( 'NONE', ( #3098, #2915, #322, #2435 ) ) ;
#1093 = AXIS2_PLACEMENT_3D ( 'NONE', #979, #3155, #174 ) ;
#1094 = CARTESIAN_POINT ( 'NONE',  ( 51.07500000000000284, -5.658199262354549397, -7.000000000000004441 ) ) ;
#1095 =( LENGTH_UNIT ( ) NAMED_UNIT ( * ) SI_UNIT ( .MILLI., .METRE. ) );
#1096 = CARTESIAN_POINT ( 'NONE',  ( -59.89499999999998892, 16.32000000000000384, -144.0999999999999375 ) ) ;
#1097 = EDGE_CURVE ( 'NONE', #3249, #2349, #394, .T. ) ;
#1098 = DIRECTION ( 'NONE',  ( 1.000000000000000000, 0.000000000000000000, 0.000000000000000000 ) ) ;
#1099 = CARTESIAN_POINT ( 'NONE',  ( 5.100006971540176792, -28.87999999999998835, -147.4999999999999716 ) ) ;
#1100 = ADVANCED_FACE ( 'NONE', ( #157 ), #2347, .T. ) ;
#1101 = ORIENTED_EDGE ( 'NONE', *, *, #764, .F. ) ;
#1102 = VECTOR ( 'NONE', #2420, 1000.000000000000000 ) ;
#1103 = CYLINDRICAL_SURFACE ( 'NONE', #2075, 3.247682533989646014 ) ;
#1104 = CARTESIAN_POINT ( 'NONE',  ( 58.29283101375673937, -18.67999999999999972, -144.0999999999999375 ) ) ;
#1105 = EDGE_CURVE ( 'NONE', #377, #467, #2116, .T. ) ;
#1106 = ORIENTED_EDGE ( 'NONE', *, *, #2663, .F. ) ;
#1107 = AXIS2_PLACEMENT_3D ( 'NONE', #1302, #1596, #2398 ) ;
#1108 = VERTEX_POINT ( 'NONE', #197 ) ;
#1109 = CARTESIAN_POINT ( 'NONE',  ( -47.84289324808993626, -6.514162150358979275, -145.5000018752863582 ) ) ;
#1110 = FACE_OUTER_BOUND ( 'NONE', #941, .T. ) ;
#1111 = CIRCLE ( 'NONE', #3119, 2.000000000000000000 ) ;
#1112 = ORIENTED_EDGE ( 'NONE', *, *, #1848, .F. ) ;
#1113 = VECTOR ( 'NONE', #3319, 1000.000000000000000 ) ;
#1114 = LINE ( 'NONE', #309, #1854 ) ;
#1115 = CARTESIAN_POINT ( 'NONE',  ( -50.62499999999999289, 21.91999999999999815, -16.60769515458679280 ) ) ;
#1116 = LINE ( 'NONE', #2738, #1684 ) ;
#1117 = CIRCLE ( 'NONE', #2324, 1.000000000000000222 ) ;
#1118 = CARTESIAN_POINT ( 'NONE',  ( -50.42499999999999716, 22.58987298107782848, -14.10769515458676082 ) ) ;
#1119 = VERTEX_POINT ( 'NONE', #3507 ) ;
#1120 = AXIS2_PLACEMENT_3D ( 'NONE', #664, #1459, #2072 ) ;
#1121 = ADVANCED_FACE ( 'NONE', ( #3210, #1787 ), #737, .F. ) ;
#1122 = AXIS2_PLACEMENT_3D ( 'NONE', #2461, #1419, #3556 ) ;
#1123 = DIRECTION ( 'NONE',  ( 0.000000000000000000, 0.000000000000000000, -1.000000000000000000 ) ) ;
#1124 = ORIENTED_EDGE ( 'NONE', *, *, #3321, .F. ) ;
#1125 = ORIENTED_EDGE ( 'NONE', *, *, #1637, .F. ) ;
#1126 = ADVANCED_FACE ( 'NONE', ( #2616 ), #3437, .F. ) ;
#1127 = LINE ( 'NONE', #1917, #953 ) ;
#1128 = CARTESIAN_POINT ( 'NONE',  ( -58.64499999999999602, -18.67999999999999972, -144.0999999999999375 ) ) ;
#1129 = ORIENTED_EDGE ( 'NONE', *, *, #2290, .T. ) ;
#1130 = CARTESIAN_POINT ( 'NONE',  ( -39.38235931288069480, 24.10510678118654937, -145.5000045521078675 ) ) ;
#1131 = CARTESIAN_POINT ( 'NONE',  ( 47.07500000000000995, -22.37999999999999545, 27.00000000000002487 ) ) ;
#1132 = DIRECTION ( 'NONE',  ( -1.000000000000000000, 0.000000000000000000, 0.000000000000000000 ) ) ;
#1133 = CARTESIAN_POINT ( 'NONE',  ( 52.07500000000000284, 23.39800000000000324, -147.4999999999999716 ) ) ;
#1134 = CARTESIAN_POINT ( 'NONE',  ( -50.42499999999999716, 0.02000000000000265454, -145.5000020968298315 ) ) ;
#1135 = ORIENTED_EDGE ( 'NONE', *, *, #654, .T. ) ;
#1136 = ADVANCED_FACE ( 'NONE', ( #572 ), #1678, .T. ) ;
#1137 = VERTEX_POINT ( 'NONE', #3247 ) ;
#1138 = DIRECTION ( 'NONE',  ( 1.437799807424019903E-09, 1.000000000000000000, 0.000000000000000000 ) ) ;
#1139 = CARTESIAN_POINT ( 'NONE',  ( -45.45342712474620583, 6.020000000000003126, -147.4999999999999716 ) ) ;
#1140 = ORIENTED_EDGE ( 'NONE', *, *, #3313, .T. ) ;
#1141 = ADVANCED_FACE ( 'NONE', ( #2723 ), #1103, .F. ) ;
#1142 = DIRECTION ( 'NONE',  ( 4.371138800000000469E-08, -0.9999999999999952260, 8.742277700000001300E-08 ) ) ;
#1143 = DIRECTION ( 'NONE',  ( 0.000000000000000000, -2.691740899707461256E-17, -1.000000000000000000 ) ) ;
#1144 = ORIENTED_EDGE ( 'NONE', *, *, #1987, .T. ) ;
#1145 = EDGE_CURVE ( 'NONE', #1137, #284, #2203, .T. ) ;
#1146 = VECTOR ( 'NONE', #2277, 1000.000000000000000 ) ;
#1147 = DIRECTION ( 'NONE',  ( 0.000000000000000000, 0.000000000000000000, -1.000000000000000000 ) ) ;
#1148 = DIRECTION ( 'NONE',  ( -1.000000000000000000, 0.000000000000000000, 0.000000000000000000 ) ) ;
#1149 = DIRECTION ( 'NONE',  ( -1.000000000000000000, 0.000000000000000000, 0.000000000000000000 ) ) ;
#1150 = VECTOR ( 'NONE', #430, 1000.000000000000000 ) ;
#1151 = LINE ( 'NONE', #899, #2084 ) ;
#1152 = ORIENTED_EDGE ( 'NONE', *, *, #3379, .T. ) ;
#1153 = VECTOR ( 'NONE', #1711, 1000.000000000000000 ) ;
#1154 = DIRECTION ( 'NONE',  ( -1.000000000000000000, 0.000000000000000000, 0.000000000000000000 ) ) ;
#1155 = VERTEX_POINT ( 'NONE', #1930 ) ;
#1156 = VERTEX_POINT ( 'NONE', #1086 ) ;
#1157 = CARTESIAN_POINT ( 'NONE',  ( 51.07500000000000284, -5.658199262354549397, -5.000000000000004441 ) ) ;
#1158 =( NAMED_UNIT ( * ) PLANE_ANGLE_UNIT ( ) SI_UNIT ( $, .RADIAN. ) );
#1159 = ORIENTED_EDGE ( 'NONE', *, *, #130, .T. ) ;
#1160 = AXIS2_PLACEMENT_3D ( 'NONE', #3112, #1748, #2846 ) ;
#1161 = LINE ( 'NONE', #129, #2488 ) ;
#1162 = VECTOR ( 'NONE', #3122, 1000.000000000000000 ) ;
#1163 = DIRECTION ( 'NONE',  ( -0.000000000000000000, -0.000000000000000000, 1.000000000000000000 ) ) ;
#1164 = EDGE_CURVE ( 'NONE', #777, #2758, #2774, .T. ) ;
#1165 = ORIENTED_EDGE ( 'NONE', *, *, #146, .T. ) ;
#1166 = CIRCLE ( 'NONE', #3180, 11.00000000000000355 ) ;
#1167 = DIRECTION ( 'NONE',  ( -1.000000000000000000, -3.401418580346680819E-16, 0.000000000000000000 ) ) ;
#1168 = VERTEX_POINT ( 'NONE', #1945 ) ;
#1169 = ADVANCED_FACE ( 'NONE', ( #1645 ), #2171, .F. ) ;
#1170 = AXIS2_PLACEMENT_3D ( 'NONE', #2657, #2370, #1602 ) ;
#1171 = LINE ( 'NONE', #3094, #1618 ) ;
#1172 = ORIENTED_EDGE ( 'NONE', *, *, #1760, .F. ) ;
#1173 = AXIS2_PLACEMENT_3D ( 'NONE', #1763, #857, #1959 ) ;
#1174 = DIRECTION ( 'NONE',  ( -0.000000000000000000, -0.000000000000000000, -1.000000000000000000 ) ) ;
#1175 = AXIS2_PLACEMENT_3D ( 'NONE', #1954, #1670, #2475 ) ;
#1176 = ORIENTED_EDGE ( 'NONE', *, *, #501, .T. ) ;
#1177 = AXIS2_PLACEMENT_3D ( 'NONE', #552, #274, #2216 ) ;
#1178 = ORIENTED_EDGE ( 'NONE', *, *, #334, .T. ) ;
#1179 = DIRECTION ( 'NONE',  ( 1.971276677246372012E-16, -1.000000000000000000, 0.000000000000000000 ) ) ;
#1180 = CARTESIAN_POINT ( 'NONE',  ( -57.39499999999998892, -18.67999999999999972, -144.0999999999999375 ) ) ;
#1181 = VERTEX_POINT ( 'NONE', #3041 ) ;
#1182 = CARTESIAN_POINT ( 'NONE',  ( 51.07500000000000284, 0.02000000000002694067, -155.7462112512352803 ) ) ;
#1183 = CARTESIAN_POINT ( 'NONE',  ( 50.28500000000000369, 27.02000000000000313, -5.094744111674486930 ) ) ;
#1184 = VERTEX_POINT ( 'NONE', #3028 ) ;
#1185 = ADVANCED_FACE ( 'NONE', ( #1335 ), #2433, .F. ) ;
#1186 = CARTESIAN_POINT ( 'NONE',  ( -42.62499999999999289, 20.44825253169418744, -145.5000042324155061 ) ) ;
#1187 = DIRECTION ( 'NONE',  ( 0.000000000000000000, 0.000000000000000000, -1.000000000000000000 ) ) ;
#1188 = DIRECTION ( 'NONE',  ( -1.000000000000000000, 0.000000000000000000, 0.000000000000000000 ) ) ;
#1189 = LINE ( 'NONE', #2019, #56 ) ;
#1190 = ORIENTED_EDGE ( 'NONE', *, *, #1079, .F. ) ;
#1191 = ADVANCED_FACE ( 'NONE', ( #1660 ), #1893, .T. ) ;
#1192 = FACE_OUTER_BOUND ( 'NONE', #2827, .T. ) ;
#1193 = VERTEX_POINT ( 'NONE', #2503 ) ;
#1194 = VERTEX_POINT ( 'NONE', #794 ) ;
#1195 = DIRECTION ( 'NONE',  ( 0.000000000000000000, 0.9999999999999991118, -4.371138867531594778E-08 ) ) ;
#1196 = CARTESIAN_POINT ( 'NONE',  ( 52.07499999999999574, 24.39800000000000324, -145.5000045777134119 ) ) ;
#1197 = VERTEX_POINT ( 'NONE', #810 ) ;
#1198 = LINE ( 'NONE', #2581, #2607 ) ;
#1199 = LINE ( 'NONE', #2297, #2497 ) ;
#1200 = ORIENTED_EDGE ( 'NONE', *, *, #788, .F. ) ;
#1201 = PLANE ( 'NONE',  #3183 ) ;
#1202 = CARTESIAN_POINT ( 'NONE',  ( -41.48000311279299979, -27.37620075701866540, -144.5000000514689873 ) ) ;
#1203 = CARTESIAN_POINT ( 'NONE',  ( 5.100006971540176792, -219.0019874186044717, -144.4999999637140320 ) ) ;
#1204 = CARTESIAN_POINT ( 'NONE',  ( 53.04999999999999005, -32.12999999999999545, -149.0999999999999659 ) ) ;
#1205 = EDGE_CURVE ( 'NONE', #127, #342, #2151, .T. ) ;
#1206 = VECTOR ( 'NONE', #1751, 1000.000000000000000 ) ;
#1207 = DIRECTION ( 'NONE',  ( -0.000000000000000000, -0.000000000000000000, -1.000000000000000000 ) ) ;
#1208 = ADVANCED_FACE ( 'NONE', ( #1609 ), #2756, .F. ) ;
#1209 = ORIENTED_EDGE ( 'NONE', *, *, #2446, .F. ) ;
#1210 = AXIS2_PLACEMENT_3D ( 'NONE', #570, #2974, #1658 ) ;
#1211 = ORIENTED_EDGE ( 'NONE', *, *, #630, .F. ) ;
#1212 = CARTESIAN_POINT ( 'NONE',  ( 0.000000000000000000, 0.000000000000000000, 27.99999999999999645 ) ) ;
#1213 = DIRECTION ( 'NONE',  ( 0.7071067811865472397, -0.7071067811865450192, 6.181723832054958025E-08 ) ) ;
#1214 = EDGE_CURVE ( 'NONE', #3198, #2912, #521, .T. ) ;
#1215 = ORIENTED_EDGE ( 'NONE', *, *, #3541, .T. ) ;
#1216 = DIRECTION ( 'NONE',  ( 1.000000000000000000, 0.000000000000000000, 0.000000000000000000 ) ) ;
#1217 = LINE ( 'NONE', #1791, #3073 ) ;
#1218 = AXIS2_PLACEMENT_3D ( 'NONE', #3416, #2608, #3432 ) ;
#1219 = ORIENTED_EDGE ( 'NONE', *, *, #2394, .F. ) ;
#1220 = PLANE ( 'NONE',  #1568 ) ;
#1221 = LINE ( 'NONE', #748, #592 ) ;
#1222 = DIRECTION ( 'NONE',  ( -0.7071067811865475727, -0.7071067811865475727, 0.000000000000000000 ) ) ;
#1223 = LINE ( 'NONE', #2403, #2767 ) ;
#1224 = VECTOR ( 'NONE', #12, 999.9999999999998863 ) ;
#1225 = VECTOR ( 'NONE', #2855, 1000.000000000000000 ) ;
#1226 = FACE_OUTER_BOUND ( 'NONE', #682, .T. ) ;
#1227 = ORIENTED_EDGE ( 'NONE', *, *, #2224, .T. ) ;
#1228 = AXIS2_PLACEMENT_3D ( 'NONE', #345, #2805, #2233 ) ;
#1229 = ADVANCED_FACE ( 'NONE', ( #2452 ), #3563, .F. ) ;
#1230 = VERTEX_POINT ( 'NONE', #281 ) ;
#1231 = AXIS2_PLACEMENT_3D ( 'NONE', #3540, #2163, #3519 ) ;
#1232 = CARTESIAN_POINT ( 'NONE',  ( -50.42499999999999716, -7.979999999999997762, -145.5000017471387252 ) ) ;
#1233 = CARTESIAN_POINT ( 'NONE',  ( -45.95028632831597548, -30.48000002928346319, -145.4999999199490617 ) ) ;
#1234 = ORIENTED_EDGE ( 'NONE', *, *, #34, .F. ) ;
#1235 = VECTOR ( 'NONE', #2547, 1000.000000000000000 ) ;
#1236 = EDGE_CURVE ( 'NONE', #932, #2430, #1667, .T. ) ;
#1237 = FACE_OUTER_BOUND ( 'NONE', #3080, .T. ) ;
#1238 = DIRECTION ( 'NONE',  ( -1.786290745155050755E-16, -8.742277700000013212E-08, -0.9999999999999962252 ) ) ;
#1239 = VERTEX_POINT ( 'NONE', #845 ) ;
#1240 = EDGE_CURVE ( 'NONE', #1332, #2560, #2189, .T. ) ;
#1241 = DIRECTION ( 'NONE',  ( 0.000000000000000000, 1.000000000000000000, -7.806255641895631925E-15 ) ) ;
#1242 = DIRECTION ( 'NONE',  ( -0.7071067811865443531, -0.7071067811865477948, 6.181723857316949376E-08 ) ) ;
#1243 = CARTESIAN_POINT ( 'NONE',  ( -39.47283204934798562, -30.48000002928346319, -24.23067382164290251 ) ) ;
#1244 = DIRECTION ( 'NONE',  ( 1.000000000000000000, 0.000000000000000000, 0.000000000000000000 ) ) ;
#1245 = CYLINDRICAL_SURFACE ( 'NONE', #3273, 5.000000000000000888 ) ;
#1246 = ORIENTED_EDGE ( 'NONE', *, *, #1259, .F. ) ;
#1247 = ORIENTED_EDGE ( 'NONE', *, *, #1295, .T. ) ;
#1248 = CARTESIAN_POINT ( 'NONE',  ( 58.29283101375674647, 16.31999999999997542, -149.0999999999999659 ) ) ;
#1249 = LINE ( 'NONE', #447, #819 ) ;
#1250 = EDGE_CURVE ( 'NONE', #2981, #1897, #2559, .T. ) ;
#1251 = ORIENTED_EDGE ( 'NONE', *, *, #1370, .T. ) ;
#1252 = VERTEX_POINT ( 'NONE', #2254 ) ;
#1253 = DIRECTION ( 'NONE',  ( 1.252507924893001316E-16, -1.000000000000000000, 0.000000000000000000 ) ) ;
#1254 = EDGE_CURVE ( 'NONE', #3016, #2140, #902, .T. ) ;
#1255 = ORIENTED_EDGE ( 'NONE', *, *, #301, .T. ) ;
#1256 = LINE ( 'NONE', #219, #939 ) ;
#1257 = DIRECTION ( 'NONE',  ( 0.000000000000000000, 1.000000000000000000, -0.000000000000000000 ) ) ;
#1258 = DIRECTION ( 'NONE',  ( -1.000000000000000000, 0.000000000000000000, 0.000000000000000000 ) ) ;
#1259 = EDGE_CURVE ( 'NONE', #2583, #1184, #101, .T. ) ;
#1260 = DIRECTION ( 'NONE',  ( 0.000000000000000000, 0.000000000000000000, -1.000000000000000000 ) ) ;
#1261 = ORIENTED_EDGE ( 'NONE', *, *, #562, .F. ) ;
#1262 = VECTOR ( 'NONE', #1553, 1000.000000000000000 ) ;
#1263 = ORIENTED_EDGE ( 'NONE', *, *, #3145, .T. ) ;
#1264 = FACE_OUTER_BOUND ( 'NONE', #2733, .T. ) ;
#1265 = DIRECTION ( 'NONE',  ( 0.000000000000000000, 0.000000000000000000, -1.000000000000000000 ) ) ;
#1266 = CIRCLE ( 'NONE', #455, 11.00000000000000355 ) ;
#1267 = ORIENTED_EDGE ( 'NONE', *, *, #260, .F. ) ;
#1268 = ORIENTED_EDGE ( 'NONE', *, *, #773, .T. ) ;
#1269 = DIRECTION ( 'NONE',  ( -9.856383386231860060E-17, 1.000000000000000000, 0.000000000000000000 ) ) ;
#1270 = ORIENTED_EDGE ( 'NONE', *, *, #2704, .T. ) ;
#1271 = CARTESIAN_POINT ( 'NONE',  ( -47.55000002927648239, -6.807065970873854788, -145.5000018496798759 ) ) ;
#1272 = CARTESIAN_POINT ( 'NONE',  ( 25.41366837515600352, -25.41367319767688571, -144.5000002230385974 ) ) ;
#1273 = EDGE_CURVE ( 'NONE', #2634, #1156, #2584, .T. ) ;
#1274 = AXIS2_PLACEMENT_3D ( 'NONE', #2807, #1441, #2535 ) ;
#1275 = DIRECTION ( 'NONE',  ( 1.000000000000000000, 0.000000000000000000, 0.000000000000000000 ) ) ;
#1276 = AXIS2_PLACEMENT_3D ( 'NONE', #3231, #493, #1600 ) ;
#1277 = CARTESIAN_POINT ( 'NONE',  ( 25.41367078641650679, -25.41367078641638244, -89.33679033377740097 ) ) ;
#1278 = EDGE_CURVE ( 'NONE', #948, #432, #1551, .T. ) ;
#1279 = CIRCLE ( 'NONE', #2200, 1.000000000000000888 ) ;
#1280 = CARTESIAN_POINT ( 'NONE',  ( 58.29283101375673937, -18.67999999999999972, -149.0999999999999659 ) ) ;
#1281 = ORIENTED_EDGE ( 'NONE', *, *, #2947, .F. ) ;
#1282 = VECTOR ( 'NONE', #3053, 1000.000000000000114 ) ;
#1283 = ORIENTED_EDGE ( 'NONE', *, *, #550, .F. ) ;
#1284 = CARTESIAN_POINT ( 'NONE',  ( 47.07500000000000995, -33.37999999999999545, 30.00000000000000000 ) ) ;
#1285 = DIRECTION ( 'NONE',  ( -0.000000000000000000, -0.000000000000000000, -1.000000000000000000 ) ) ;
#1286 = CIRCLE ( 'NONE', #2661, 13.99999999999999822 ) ;
#1287 = ORIENTED_EDGE ( 'NONE', *, *, #1390, .F. ) ;
#1288 = CIRCLE ( 'NONE', #1750, 1.250000000000007994 ) ;
#1289 = ORIENTED_EDGE ( 'NONE', *, *, #1428, .T. ) ;
#1290 = PLANE ( 'NONE',  #3529 ) ;
#1291 = ORIENTED_EDGE ( 'NONE', *, *, #208, .T. ) ;
#1292 = LINE ( 'NONE', #422, #2209 ) ;
#1293 = DIRECTION ( 'NONE',  ( -0.000000000000000000, -0.000000000000000000, -1.000000000000000000 ) ) ;
#1294 = DIRECTION ( 'NONE',  ( 1.000000000000000000, -0.000000000000000000, -0.000000000000000000 ) ) ;
#1295 = EDGE_CURVE ( 'NONE', #1623, #3249, #2866, .T. ) ;
#1296 = DIRECTION ( 'NONE',  ( 0.000000000000000000, 0.000000000000000000, 1.000000000000000000 ) ) ;
#1297 = CARTESIAN_POINT ( 'NONE',  ( -45.95061343523000374, -28.88061343523699875, -147.4999999999999716 ) ) ;
#1298 = EDGE_CURVE ( 'NONE', #1559, #3549, #2306, .T. ) ;
#1299 = EDGE_LOOP ( 'NONE', ( #1036, #2319, #1360, #2225 ) ) ;
#1300 = VERTEX_POINT ( 'NONE', #1497 ) ;
#1301 = CARTESIAN_POINT ( 'NONE',  ( -38.67525253169414867, 24.39800000000000324, -147.4999999999999716 ) ) ;
#1302 = CARTESIAN_POINT ( 'NONE',  ( -58.64499999999998892, 16.32000000000000384, -144.0999999999999375 ) ) ;
#1303 = EDGE_CURVE ( 'NONE', #1194, #2122, #686, .T. ) ;
#1304 = ORIENTED_EDGE ( 'NONE', *, *, #1593, .T. ) ;
#1305 = ORIENTED_EDGE ( 'NONE', *, *, #3082, .F. ) ;
#1306 = CARTESIAN_POINT ( 'NONE',  ( -42.62499999999999289, 9.262640687119279903, -147.4999999999999716 ) ) ;
#1307 = CARTESIAN_POINT ( 'NONE',  ( -48.95000000000000995, 5.020000000000003126, -145.5000029710575973 ) ) ;
#1308 = ORIENTED_EDGE ( 'NONE', *, *, #769, .T. ) ;
#1309 = LINE ( 'NONE', #2624, #535 ) ;
#1310 = DIRECTION ( 'NONE',  ( 0.000000000000000000, 1.000000000000000000, 0.000000000000000000 ) ) ;
#1311 = LINE ( 'NONE', #1816, #121 ) ;
#1312 = FACE_OUTER_BOUND ( 'NONE', #776, .T. ) ;
#1313 = ORIENTED_EDGE ( 'NONE', *, *, #3467, .T. ) ;
#1314 = DIRECTION ( 'NONE',  ( 0.000000000000000000, 0.000000000000000000, -1.000000000000000000 ) ) ;
#1315 = EDGE_CURVE ( 'NONE', #2763, #1060, #919, .T. ) ;
#1316 = DIRECTION ( 'NONE',  ( -0.000000000000000000, 0.000000000000000000, 1.000000000000000000 ) ) ;
#1317 = CARTESIAN_POINT ( 'NONE',  ( -50.42499999999999716, -3.979999999999997318, -5.000000000000004441 ) ) ;
#1318 = ORIENTED_EDGE ( 'NONE', *, *, #334, .F. ) ;
#1319 = ORIENTED_EDGE ( 'NONE', *, *, #2460, .F. ) ;
#1320 = EDGE_CURVE ( 'NONE', #1662, #88, #277, .T. ) ;
#1321 = VECTOR ( 'NONE', #1482, 1000.000000000000000 ) ;
#1322 = CARTESIAN_POINT ( 'NONE',  ( -47.55000002927648239, -7.221268931545525405, -147.4999999999999716 ) ) ;
#1323 = DIRECTION ( 'NONE',  ( -0.7071067811858092744, 0.7071067811872829845, -6.181723832061412680E-08 ) ) ;
#1324 = VERTEX_POINT ( 'NONE', #2274 ) ;
#1325 = VECTOR ( 'NONE', #1083, 1000.000000000000000 ) ;
#1326 = DIRECTION ( 'NONE',  ( 1.971276677246372012E-16, -1.000000000000000000, 0.000000000000000000 ) ) ;
#1327 = CARTESIAN_POINT ( 'NONE',  ( 0.000000000000000000, 0.000000000000000000, 0.000000000000000000 ) ) ;
#1328 = DIRECTION ( 'NONE',  ( 1.000000000000000000, 0.000000000000000000, -0.000000000000000000 ) ) ;
#1329 = CARTESIAN_POINT ( 'NONE',  ( 53.07500000000000284, -28.87999999999999545, 30.00000000000000000 ) ) ;
#1330 = CARTESIAN_POINT ( 'NONE',  ( 76.11008193257394794, 0.02000000000000265454, -27.68512727847023669 ) ) ;
#1331 = VECTOR ( 'NONE', #2967, 1000.000000000000000 ) ;
#1332 = VERTEX_POINT ( 'NONE', #885 ) ;
#1333 = VECTOR ( 'NONE', #376, 1000.000000000000000 ) ;
#1334 = FACE_OUTER_BOUND ( 'NONE', #1399, .T. ) ;
#1335 = FACE_OUTER_BOUND ( 'NONE', #1648, .T. ) ;
#1336 = DIRECTION ( 'NONE',  ( 3.081675276876409997E-32, -1.241304812863546742E-16, 1.000000000000000000 ) ) ;
#1337 = ORIENTED_EDGE ( 'NONE', *, *, #3485, .T. ) ;
#1338 = AXIS2_PLACEMENT_3D ( 'NONE', #2717, #243, #733 ) ;
#1339 = ADVANCED_FACE ( 'NONE', ( #2518 ), #42, .T. ) ;
#1340 = ORIENTED_EDGE ( 'NONE', *, *, #2576, .F. ) ;
#1341 = AXIS2_PLACEMENT_3D ( 'NONE', #1545, #2639, #165 ) ;
#1342 = PLANE ( 'NONE',  #2441 ) ;
#1343 = CARTESIAN_POINT ( 'NONE',  ( -47.55000006272646829, -28.88061343523695612, -145.4999999199490617 ) ) ;
#1344 = ORIENTED_EDGE ( 'NONE', *, *, #2287, .T. ) ;
#1345 = EDGE_CURVE ( 'NONE', #1504, #1444, #2021, .T. ) ;
#1346 = VECTOR ( 'NONE', #152, 1000.000000000000000 ) ;
#1347 = EDGE_CURVE ( 'NONE', #2720, #634, #2527, .T. ) ;
#1348 = LINE ( 'NONE', #2443, #2320 ) ;
#1349 = CARTESIAN_POINT ( 'NONE',  ( -54.42500000000001137, 27.02000000000000313, 24.50000000000000000 ) ) ;
#1350 = CARTESIAN_POINT ( 'NONE',  ( -43.62500000000000000, 9.262640687119279903, -24.23067382164290251 ) ) ;
#1351 = AXIS2_PLACEMENT_3D ( 'NONE', #715, #479, #458 ) ;
#1352 = EDGE_CURVE ( 'NONE', #2365, #2629, #2809, .T. ) ;
#1353 = VECTOR ( 'NONE', #1741, 1000.000000000000000 ) ;
#1354 = DIRECTION ( 'NONE',  ( 0.000000000000000000, 1.000000000000000000, 0.000000000000000000 ) ) ;
#1355 = CARTESIAN_POINT ( 'NONE',  ( -110.3451216021567802, -28.88000000000002387, 24.49999999999999289 ) ) ;
#1356 = ORIENTED_EDGE ( 'NONE', *, *, #1205, .F. ) ;
#1357 = VERTEX_POINT ( 'NONE', #3398 ) ;
#1358 = DIRECTION ( 'NONE',  ( -1.000000000000000000, -4.336808689942013792E-16, 1.232595164407814743E-31 ) ) ;
#1359 = CARTESIAN_POINT ( 'NONE',  ( -45.95061343523000374, -28.88061334781423639, -144.4999999199490617 ) ) ;
#1360 = ORIENTED_EDGE ( 'NONE', *, *, #273, .F. ) ;
#1361 = VERTEX_POINT ( 'NONE', #2236 ) ;
#1362 = DIRECTION ( 'NONE',  ( 0.000000000000000000, 0.000000000000000000, 1.000000000000000000 ) ) ;
#1363 = CARTESIAN_POINT ( 'NONE',  ( -53.41499999999999915, -28.88000000000000966, 9.999999999999998224 ) ) ;
#1364 = EDGE_CURVE ( 'NONE', #3224, #2560, #332, .T. ) ;
#1365 = EDGE_LOOP ( 'NONE', ( #2360, #2965, #2975, #1471 ) ) ;
#1366 = DIRECTION ( 'NONE',  ( 1.000000000000000000, -0.000000000000000000, -0.000000000000000000 ) ) ;
#1367 = CARTESIAN_POINT ( 'NONE',  ( -49.20000000241140725, -28.87999999999954071, -149.0999999999999659 ) ) ;
#1368 = EDGE_CURVE ( 'NONE', #1636, #2695, #3137, .T. ) ;
#1369 = DIRECTION ( 'NONE',  ( -0.000000000000000000, 1.000000000000000000, -0.000000000000000000 ) ) ;
#1370 = EDGE_CURVE ( 'NONE', #3120, #2045, #3097, .T. ) ;
#1371 = FACE_OUTER_BOUND ( 'NONE', #3010, .T. ) ;
#1372 = ORIENTED_EDGE ( 'NONE', *, *, #617, .F. ) ;
#1373 = CARTESIAN_POINT ( 'NONE',  ( 58.29283101375674647, 16.31999999999997542, -144.0999999999999375 ) ) ;
#1374 = CARTESIAN_POINT ( 'NONE',  ( 57.04283101375673226, -18.67999999999999972, -144.0999999999999375 ) ) ;
#1375 = ORIENTED_EDGE ( 'NONE', *, *, #1780, .T. ) ;
#1376 = ORIENTED_EDGE ( 'NONE', *, *, #744, .F. ) ;
#1377 = LINE ( 'NONE', #2226, #2964 ) ;
#1378 = CARTESIAN_POINT ( 'NONE',  ( 53.04999999999999005, -32.12999999999999545, -149.0999999999999659 ) ) ;
#1379 = VERTEX_POINT ( 'NONE', #351 ) ;
#1380 = AXIS2_PLACEMENT_3D ( 'NONE', #2909, #1316, #3491 ) ;
#1381 = LINE ( 'NONE', #2178, #761 ) ;
#1382 = PLANE ( 'NONE',  #363 ) ;
#1383 = AXIS2_PLACEMENT_3D ( 'NONE', #828, #3309, #2699 ) ;
#1384 = UNCERTAINTY_MEASURE_WITH_UNIT (LENGTH_MEASURE( 1.000000000000000082E-05 ), #269, 'distance_accuracy_value', 'NONE');
#1385 = ADVANCED_FACE ( 'NONE', ( #1192 ), #1245, .T. ) ;
#1386 = CARTESIAN_POINT ( 'NONE',  ( 53.07500000000000284, 21.92000000000005144, -16.60769515458676437 ) ) ;
#1387 = AXIS2_PLACEMENT_3D ( 'NONE', #2542, #2649, #143 ) ;
#1388 = DIRECTION ( 'NONE',  ( 1.000000000000000000, -3.469446951953611033E-15, 0.000000000000000000 ) ) ;
#1389 = EDGE_LOOP ( 'NONE', ( #68, #2212, #2816, #2539 ) ) ;
#1390 = EDGE_CURVE ( 'NONE', #3002, #1539, #2815, .T. ) ;
#1391 = DIRECTION ( 'NONE',  ( -0.000000000000000000, -0.000000000000000000, 1.000000000000000000 ) ) ;
#1392 = DIRECTION ( 'NONE',  ( 0.000000000000000000, 0.000000000000000000, -1.000000000000000000 ) ) ;
#1393 = ORIENTED_EDGE ( 'NONE', *, *, #1765, .F. ) ;
#1394 = VECTOR ( 'NONE', #2047, 1000.000000000000000 ) ;
#1395 = ORIENTED_EDGE ( 'NONE', *, *, #1214, .F. ) ;
#1396 = DIRECTION ( 'NONE',  ( 0.000000000000000000, 1.000000000000000000, -0.000000000000000000 ) ) ;
#1397 = DIRECTION ( 'NONE',  ( 1.786290745155050262E-16, 8.742277700000010565E-08, 0.9999999999999963363 ) ) ;
#1398 = VECTOR ( 'NONE', #843, 1000.000000000000000 ) ;
#1399 = EDGE_LOOP ( 'NONE', ( #2945, #1129, #1937, #2097 ) ) ;
#1400 = CIRCLE ( 'NONE', #126, 2.000000000000000000 ) ;
#1401 = CARTESIAN_POINT ( 'NONE',  ( 54.07500000000000284, -4.822521190983211270E-06, -144.5000024447720648 ) ) ;
#1402 = CYLINDRICAL_SURFACE ( 'NONE', #2674, 2.000000000000000000 ) ;
#1403 = VECTOR ( 'NONE', #383, 1000.000000000000000 ) ;
#1404 = CARTESIAN_POINT ( 'NONE',  ( -50.42499999999999716, 0.02000000000000265454, -27.68512727847023669 ) ) ;
#1405 = DIRECTION ( 'NONE',  ( 0.000000000000000000, 0.000000000000000000, -1.000000000000000000 ) ) ;
#1406 = EDGE_CURVE ( 'NONE', #2174, #2692, #2665, .T. ) ;
#1407 = VERTEX_POINT ( 'NONE', #1782 ) ;
#1408 = AXIS2_PLACEMENT_3D ( 'NONE', #3230, #727, #180 ) ;
#1409 = AXIS2_PLACEMENT_3D ( 'NONE', #1615, #1414, #233 ) ;
#1410 = DIRECTION ( 'NONE',  ( 1.252507924893001316E-16, -1.000000000000000000, 0.000000000000000000 ) ) ;
#1411 = ADVANCED_FACE ( 'NONE', ( #2376 ), #3470, .F. ) ;
#1412 = ORIENTED_EDGE ( 'NONE', *, *, #2005, .T. ) ;
#1413 = ORIENTED_EDGE ( 'NONE', *, *, #256, .T. ) ;
#1414 = DIRECTION ( 'NONE',  ( 1.000000000000000000, -0.000000000000000000, -0.000000000000000000 ) ) ;
#1415 = LINE ( 'NONE', #600, #933 ) ;
#1416 = EDGE_CURVE ( 'NONE', #218, #3253, #407, .T. ) ;
#1417 = ORIENTED_EDGE ( 'NONE', *, *, #900, .F. ) ;
#1418 = DIRECTION ( 'NONE',  ( 0.000000000000000000, 0.000000000000000000, -1.000000000000000000 ) ) ;
#1419 = DIRECTION ( 'NONE',  ( 0.000000000000000000, 0.000000000000000000, -1.000000000000000000 ) ) ;
#1420 = CARTESIAN_POINT ( 'NONE',  ( 61.07500000000000995, -22.37999999999999190, -149.0999999999999659 ) ) ;
#1421 = LINE ( 'NONE', #623, #1403 ) ;
#1422 = CARTESIAN_POINT ( 'NONE',  ( -42.62499999999999289, 20.86246609406728325, -24.23067382164290251 ) ) ;
#1423 = CARTESIAN_POINT ( 'NONE',  ( -42.62499999999999289, 8.848427124746182315, -147.4999999999999716 ) ) ;
#1424 = ORIENTED_EDGE ( 'NONE', *, *, #1631, .T. ) ;
#1425 = PRODUCT_DEFINITION ( 'æœ', '', #2313, #1672 ) ;
#1426 = CARTESIAN_POINT ( 'NONE',  ( -45.95061343523000374, -28.88061343523699875, -147.4999999999999716 ) ) ;
#1427 = ORIENTED_EDGE ( 'NONE', *, *, #1544, .T. ) ;
#1428 = EDGE_CURVE ( 'NONE', #2493, #171, #461, .T. ) ;
#1429 = ORIENTED_EDGE ( 'NONE', *, *, #2048, .T. ) ;
#1430 = CARTESIAN_POINT ( 'NONE',  ( -47.42500000000000426, -22.37999999999999545, -288.7883930123065284 ) ) ;
#1431 = DIRECTION ( 'NONE',  ( 0.000000000000000000, 0.000000000000000000, 1.000000000000000000 ) ) ;
#1432 = ORIENTED_EDGE ( 'NONE', *, *, #49, .T. ) ;
#1433 = ADVANCED_FACE ( 'NONE', ( #1226 ), #2111, .F. ) ;
#1434 = CARTESIAN_POINT ( 'NONE',  ( 59.54283101375675358, 16.31999999999997542, -149.0999999999999659 ) ) ;
#1435 = CARTESIAN_POINT ( 'NONE',  ( 0.000000000000000000, -6.979999999999997762, -5.267949192431127692 ) ) ;
#1436 = ORIENTED_EDGE ( 'NONE', *, *, #831, .F. ) ;
#1437 = CARTESIAN_POINT ( 'NONE',  ( -2.599053065409585318E-14, -6.979999999999997762, -145.5000017471387252 ) ) ;
#1438 = PLANE ( 'NONE',  #1228 ) ;
#1439 = ORIENTED_EDGE ( 'NONE', *, *, #2205, .T. ) ;
#1440 = VECTOR ( 'NONE', #3396, 1000.000000000000000 ) ;
#1441 = DIRECTION ( 'NONE',  ( 1.000000000000000000, 3.401418580346680819E-16, 2.360208265180436112E-31 ) ) ;
#1442 = ORIENTED_EDGE ( 'NONE', *, *, #3358, .T. ) ;
#1443 = CARTESIAN_POINT ( 'NONE',  ( -59.89500000000000313, -18.67999999999999972, -144.0999999999999375 ) ) ;
#1444 = VERTEX_POINT ( 'NONE', #3486 ) ;
#1445 = ORIENTED_EDGE ( 'NONE', *, *, #2305, .F. ) ;
#1446 = PLANE ( 'NONE',  #1387 ) ;
#1447 = CARTESIAN_POINT ( 'NONE',  ( -49.20000000241140725, -28.87999999999954071, -149.0999999999999659 ) ) ;
#1448 = EDGE_CURVE ( 'NONE', #9, #1636, #223, .T. ) ;
#1449 = EDGE_LOOP ( 'NONE', ( #1255, #1812, #1550, #3265 ) ) ;
#1450 = PLANE ( 'NONE',  #2431 ) ;
#1451 = AXIS2_PLACEMENT_3D ( 'NONE', #671, #90, #2889 ) ;
#1452 = CARTESIAN_POINT ( 'NONE',  ( 58.07500000000000995, -22.37999999999999190, 30.00000000000000000 ) ) ;
#1453 = ADVANCED_FACE ( 'NONE', ( #2344 ), #975, .T. ) ;
#1454 = ORIENTED_EDGE ( 'NONE', *, *, #3543, .F. ) ;
#1455 = ADVANCED_FACE ( 'NONE', ( #2937 ), #1549, .F. ) ;
#1456 = VECTOR ( 'NONE', #662, 1000.000000000000000 ) ;
#1457 = PLANE ( 'NONE',  #3239 ) ;
#1458 = LINE ( 'NONE', #80, #3241 ) ;
#1459 = DIRECTION ( 'NONE',  ( 1.000000000000000000, -1.437799807424019903E-09, 0.000000000000000000 ) ) ;
#1460 = VECTOR ( 'NONE', #3184, 1000.000000000000227 ) ;
#1461 = PLANE ( 'NONE',  #688 ) ;
#1462 = ORIENTED_EDGE ( 'NONE', *, *, #2791, .F. ) ;
#1463 = AXIS2_PLACEMENT_3D ( 'NONE', #3092, #2017, #897 ) ;
#1464 = DIRECTION ( 'NONE',  ( 0.000000000000000000, 0.000000000000000000, -1.000000000000000000 ) ) ;
#1465 = AXIS2_PLACEMENT_3D ( 'NONE', #3203, #2697, #2641 ) ;
#1466 = ORIENTED_EDGE ( 'NONE', *, *, #3271, .T. ) ;
#1467 = VECTOR ( 'NONE', #452, 1000.000000000000000 ) ;
#1468 = ORIENTED_EDGE ( 'NONE', *, *, #483, .F. ) ;
#1469 = CARTESIAN_POINT ( 'NONE',  ( 50.08500000000000796, 27.02000000000000313, -145.5000036149273228 ) ) ;
#1470 = LINE ( 'NONE', #2563, #1740 ) ;
#1471 = ORIENTED_EDGE ( 'NONE', *, *, #2637, .T. ) ;
#1472 = LINE ( 'NONE', #2565, #2841 ) ;
#1473 = ADVANCED_FACE ( 'NONE', ( #698 ), #170, .T. ) ;
#1474 = CARTESIAN_POINT ( 'NONE',  ( -50.42499999999999716, -5.979999999999997762, -5.000000000000004441 ) ) ;
#1475 = ORIENTED_EDGE ( 'NONE', *, *, #3216, .F. ) ;
#1476 = LINE ( 'NONE', #2859, #2032 ) ;
#1477 = CARTESIAN_POINT ( 'NONE',  ( 53.05009115032319755, 26.36999998338323437, -149.0999999999999659 ) ) ;
#1478 = EDGE_CURVE ( 'NONE', #1060, #507, #1266, .T. ) ;
#1479 = CARTESIAN_POINT ( 'NONE',  ( -50.62499999999999289, 21.92000000000000171, -16.60769515458679280 ) ) ;
#1480 = CARTESIAN_POINT ( 'NONE',  ( 51.07500000000000284, -5.979999999999969340, -7.000000000000004441 ) ) ;
#1481 = EDGE_CURVE ( 'NONE', #3537, #743, #745, .T. ) ;
#1482 = DIRECTION ( 'NONE',  ( -0.000000000000000000, -0.000000000000000000, 1.000000000000000000 ) ) ;
#1483 = ORIENTED_EDGE ( 'NONE', *, *, #1824, .T. ) ;
#1484 = ORIENTED_EDGE ( 'NONE', *, *, #3118, .T. ) ;
#1485 = CARTESIAN_POINT ( 'NONE',  ( 56.29999998338323053, -28.88009115032320295, -147.4999999999999716 ) ) ;
#1486 = FACE_OUTER_BOUND ( 'NONE', #1518, .T. ) ;
#1487 = ORIENTED_EDGE ( 'NONE', *, *, #1588, .T. ) ;
#1488 = CARTESIAN_POINT ( 'NONE',  ( 39.48527265409216369, -39.48527265409174447, -147.4999999999999716 ) ) ;
#1489 = FACE_OUTER_BOUND ( 'NONE', #669, .T. ) ;
#1490 = ORIENTED_EDGE ( 'NONE', *, *, #2071, .T. ) ;
#1491 = DIRECTION ( 'NONE',  ( 1.000000000000000000, 0.000000000000000000, 0.000000000000000000 ) ) ;
#1492 = CARTESIAN_POINT ( 'NONE',  ( -45.95000000000000284, 26.37000000000000455, -147.4999999999999716 ) ) ;
#1493 = DIRECTION ( 'NONE',  ( 5.271713566001691411E-16, 0.000000000000000000, -1.000000000000000000 ) ) ;
#1494 = CARTESIAN_POINT ( 'NONE',  ( -38.07283207863144980, -31.87999991258014987, -144.4999996577343779 ) ) ;
#1495 = ADVANCED_FACE ( 'NONE', ( #484 ), #2127, .T. ) ;
#1496 = AXIS2_PLACEMENT_3D ( 'NONE', #228, #556, #1410 ) ;
#1497 = CARTESIAN_POINT ( 'NONE',  ( -50.62499999999999289, 21.91999999999999460, -145.5000024465209378 ) ) ;
#1498 = ADVANCED_FACE ( 'NONE', ( #426 ), #3152, .T. ) ;
#1499 = VERTEX_POINT ( 'NONE', #994 ) ;
#1500 = CIRCLE ( 'NONE', #1671, 1.000000000000000888 ) ;
#1501 = ORIENTED_EDGE ( 'NONE', *, *, #428, .T. ) ;
#1502 = CARTESIAN_POINT ( 'NONE',  ( -53.41499999999999915, -6.979999999999997762, -145.5000017471387252 ) ) ;
#1503 = FACE_OUTER_BOUND ( 'NONE', #411, .T. ) ;
#1504 = VERTEX_POINT ( 'NONE', #3190 ) ;
#1505 = CARTESIAN_POINT ( 'NONE',  ( -58.42499999999999716, 20.01999999999999247, 27.00000000000000000 ) ) ;
#1506 = DIRECTION ( 'NONE',  ( -0.000000000000000000, -0.000000000000000000, -1.000000000000000000 ) ) ;
#1507 = VERTEX_POINT ( 'NONE', #2989 ) ;
#1508 = AXIS2_PLACEMENT_3D ( 'NONE', #2814, #3352, #2853 ) ;
#1509 = CARTESIAN_POINT ( 'NONE',  ( 53.07500000000000284, 0.02000000000002805783, -147.4999999999999716 ) ) ;
#1510 = CARTESIAN_POINT ( 'NONE',  ( -47.95000000000000995, -4.992841836075812445, -24.23067382164290251 ) ) ;
#1511 = CARTESIAN_POINT ( 'NONE',  ( -76.45008193257393714, -3.979999999999997318, -5.000000000000004441 ) ) ;
#1512 = LINE ( 'NONE', #473, #524 ) ;
#1513 = VERTEX_POINT ( 'NONE', #7 ) ;
#1514 = VECTOR ( 'NONE', #311, 1000.000000000000000 ) ;
#1515 = VECTOR ( 'NONE', #3035, 1000.000000000000114 ) ;
#1516 = EDGE_CURVE ( 'NONE', #2536, #1252, #1500, .T. ) ;
#1517 = DIRECTION ( 'NONE',  ( 0.000000000000000000, -1.000000000000000000, 0.000000000000000000 ) ) ;
#1518 = EDGE_LOOP ( 'NONE', ( #3200, #2276, #912, #3325 ) ) ;
#1519 = AXIS2_PLACEMENT_3D ( 'NONE', #1505, #909, #1216 ) ;
#1520 = EDGE_LOOP ( 'NONE', ( #3440, #1723, #1337, #1736 ) ) ;
#1521 = ADVANCED_FACE ( 'NONE', ( #1371 ), #2479, .T. ) ;
#1522 = VECTOR ( 'NONE', #1626, 1000.000000000000000 ) ;
#1523 = DIRECTION ( 'NONE',  ( 0.000000000000000000, 0.000000000000000000, 1.000000000000000000 ) ) ;
#1524 = CARTESIAN_POINT ( 'NONE',  ( 2.354011020886196725E-12, -31.88000000000010914, -147.4999999999999716 ) ) ;
#1525 = ORIENTED_EDGE ( 'NONE', *, *, #1713, .F. ) ;
#1526 = AXIS2_PLACEMENT_3D ( 'NONE', #1935, #1362, #3067 ) ;
#1527 = ORIENTED_EDGE ( 'NONE', *, *, #13, .F. ) ;
#1528 = EDGE_CURVE ( 'NONE', #829, #2161, #207, .T. ) ;
#1529 = LINE ( 'NONE', #2873, #3136 ) ;
#1530 = ORIENTED_EDGE ( 'NONE', *, *, #3037, .T. ) ;
#1531 = LINE ( 'NONE', #767, #67 ) ;
#1532 = DIRECTION ( 'NONE',  ( 1.000000000000000000, -0.000000000000000000, -0.000000000000000000 ) ) ;
#1533 = FACE_OUTER_BOUND ( 'NONE', #437, .T. ) ;
#1534 = CARTESIAN_POINT ( 'NONE',  ( -58.64499999999999602, -18.67999999999999972, -144.0999999999999375 ) ) ;
#1535 = EDGE_LOOP ( 'NONE', ( #3074, #2666, #3368, #724 ) ) ;
#1536 = ORIENTED_EDGE ( 'NONE', *, *, #773, .F. ) ;
#1537 = DIRECTION ( 'NONE',  ( -1.786290745155050262E-16, -8.742277700000010565E-08, -0.9999999999999963363 ) ) ;
#1538 = CARTESIAN_POINT ( 'NONE',  ( 51.07500000000000284, -6.979999999999997762, 0.000000000000000000 ) ) ;
#1539 = VERTEX_POINT ( 'NONE', #1622 ) ;
#1540 = EDGE_CURVE ( 'NONE', #308, #2763, #2936, .T. ) ;
#1541 = ORIENTED_EDGE ( 'NONE', *, *, #1528, .T. ) ;
#1542 = CARTESIAN_POINT ( 'NONE',  ( -61.42499999999999005, -36.37999999999999545, -149.0999999999999659 ) ) ;
#1543 = ORIENTED_EDGE ( 'NONE', *, *, #1819, .T. ) ;
#1544 = EDGE_CURVE ( 'NONE', #2192, #469, #278, .T. ) ;
#1545 = CARTESIAN_POINT ( 'NONE',  ( 58.29283101375674647, 16.31999999999997542, -149.0999999999999659 ) ) ;
#1546 = CARTESIAN_POINT ( 'NONE',  ( 53.07500000000000995, 27.02000000000000313, -5.094744111674494036 ) ) ;
#1547 = CARTESIAN_POINT ( 'NONE',  ( 61.07499999999999574, 20.02000000000000668, -288.7883930123065284 ) ) ;
#1548 = DIRECTION ( 'NONE',  ( -1.786290745155050262E-16, -8.742277700000010565E-08, -0.9999999999999963363 ) ) ;
#1549 = PLANE ( 'NONE',  #3045 ) ;
#1550 = ORIENTED_EDGE ( 'NONE', *, *, #3208, .F. ) ;
#1551 = CIRCLE ( 'NONE', #2934, 1.250000000000001110 ) ;
#1552 = ORIENTED_EDGE ( 'NONE', *, *, #3510, .F. ) ;
#1553 = DIRECTION ( 'NONE',  ( -1.000000000000000000, -0.000000000000000000, -0.000000000000000000 ) ) ;
#1554 = LINE ( 'NONE', #175, #3514 ) ;
#1555 = VERTEX_POINT ( 'NONE', #3026 ) ;
#1556 = ORIENTED_EDGE ( 'NONE', *, *, #3118, .F. ) ;
#1557 = LINE ( 'NONE', #1542, #659 ) ;
#1558 = ADVANCED_FACE ( 'NONE', ( #1312 ), #517, .F. ) ;
#1559 = VERTEX_POINT ( 'NONE', #3242 ) ;
#1560 = CARTESIAN_POINT ( 'NONE',  ( -58.42499999999999005, -22.37999999999999545, 30.00000000000000000 ) ) ;
#1561 = DIRECTION ( 'NONE',  ( -1.000000000000000000, 0.000000000000000000, 0.000000000000000000 ) ) ;
#1562 = CIRCLE ( 'NONE', #2477, 5.000000000000000000 ) ;
#1563 = LINE ( 'NONE', #1547, #2728 ) ;
#1564 = EDGE_CURVE ( 'NONE', #1197, #2577, #245, .T. ) ;
#1565 = VECTOR ( 'NONE', #251, 1000.000000000000000 ) ;
#1566 = FACE_OUTER_BOUND ( 'NONE', #2334, .T. ) ;
#1567 = EDGE_CURVE ( 'NONE', #1230, #9, #2219, .T. ) ;
#1568 = AXIS2_PLACEMENT_3D ( 'NONE', #366, #2823, #2532 ) ;
#1569 = DIRECTION ( 'NONE',  ( 1.000000000000000000, 0.000000000000000000, 0.000000000000000000 ) ) ;
#1570 = EDGE_LOOP ( 'NONE', ( #2380, #364, #1159, #358 ) ) ;
#1571 = AXIS2_PLACEMENT_3D ( 'NONE', #2783, #1418, #1619 ) ;
#1572 = ORIENTED_EDGE ( 'NONE', *, *, #3495, .F. ) ;
#1573 = CARTESIAN_POINT ( 'NONE',  ( -38.67525253169414867, 23.39800000000000324, -145.5000044902906211 ) ) ;
#1574 = DIRECTION ( 'NONE',  ( 0.000000000000000000, 0.000000000000000000, 1.000000000000000000 ) ) ;
#1575 = AXIS2_PLACEMENT_3D ( 'NONE', #3339, #1999, #3076 ) ;
#1576 = ORIENTED_EDGE ( 'NONE', *, *, #2520, .F. ) ;
#1577 = CIRCLE ( 'NONE', #133, 2.999999999999999112 ) ;
#1578 = EDGE_LOOP ( 'NONE', ( #905, #3487, #1432, #1281 ) ) ;
#1579 = CARTESIAN_POINT ( 'NONE',  ( -53.41499999999999915, 27.02000000000000313, 27.99999999999999645 ) ) ;
#1580 = DIRECTION ( 'NONE',  ( 0.000000000000000000, 0.9999999999999961142, -8.742277700000009241E-08 ) ) ;
#1581 = AXIS2_PLACEMENT_3D ( 'NONE', #3466, #1328, #1010 ) ;
#1582 = ORIENTED_EDGE ( 'NONE', *, *, #100, .F. ) ;
#1583 = ADVANCED_FACE ( 'NONE', ( #2409 ), #2818, .T. ) ;
#1584 = PLANE ( 'NONE',  #295 ) ;
#1585 = DIRECTION ( 'NONE',  ( 2.482609625727093977E-16, -1.000000000000000000, 0.000000000000000000 ) ) ;
#1586 = AXIS2_PLACEMENT_3D ( 'NONE', #1759, #2318, #52 ) ;
#1587 = CARTESIAN_POINT ( 'NONE',  ( 51.07500000000000284, 0.02000000000000265454, -27.68512727847023669 ) ) ;
#1588 = EDGE_CURVE ( 'NONE', #3249, #1597, #844, .T. ) ;
#1589 = CARTESIAN_POINT ( 'NONE',  ( 53.07500000000000284, -5.979999999999969340, -7.000000000000004441 ) ) ;
#1590 = DIRECTION ( 'NONE',  ( 1.000000000000000000, 0.000000000000000000, 0.000000000000000000 ) ) ;
#1591 = ORIENTED_EDGE ( 'NONE', *, *, #612, .F. ) ;
#1592 = VERTEX_POINT ( 'NONE', #1943 ) ;
#1593 = EDGE_CURVE ( 'NONE', #1559, #2045, #2739, .T. ) ;
#1594 = ORIENTED_EDGE ( 'NONE', *, *, #2229, .F. ) ;
#1595 = DIRECTION ( 'NONE',  ( 0.000000000000000000, -0.000000000000000000, -1.000000000000000000 ) ) ;
#1596 = DIRECTION ( 'NONE',  ( 0.000000000000000000, 0.000000000000000000, -1.000000000000000000 ) ) ;
#1597 = VERTEX_POINT ( 'NONE', #774 ) ;
#1598 = ORIENTED_EDGE ( 'NONE', *, *, #3168, .T. ) ;
#1599 = CARTESIAN_POINT ( 'NONE',  ( 0.000000000000000000, -6.979999999999997762, 0.000000000000000000 ) ) ;
#1600 = DIRECTION ( 'NONE',  ( 0.000000000000000000, 1.000000000000000000, 0.000000000000000000 ) ) ;
#1601 = ORIENTED_EDGE ( 'NONE', *, *, #2166, .F. ) ;
#1602 = DIRECTION ( 'NONE',  ( -0.000000000000000000, 0.000000000000000000, 1.000000000000000000 ) ) ;
#1603 = CARTESIAN_POINT ( 'NONE',  ( 50.28500000000000369, 27.02000000000000313, -145.5000036149273228 ) ) ;
#1604 = DIRECTION ( 'NONE',  ( 1.705019447676718679E-12, -0.9999999999999961142, 8.742277669770713608E-08 ) ) ;
#1605 = DIRECTION ( 'NONE',  ( 0.7071067811865516806, 0.7071067811865434649, 0.000000000000000000 ) ) ;
#1606 = EDGE_CURVE ( 'NONE', #2758, #1623, #109, .T. ) ;
#1607 = ORIENTED_EDGE ( 'NONE', *, *, #2159, .T. ) ;
#1608 = FACE_OUTER_BOUND ( 'NONE', #887, .T. ) ;
#1609 = FACE_OUTER_BOUND ( 'NONE', #1653, .T. ) ;
#1610 = DIRECTION ( 'NONE',  ( -0.000000000000000000, 0.000000000000000000, 1.000000000000000000 ) ) ;
#1611 = ADVANCED_FACE ( 'NONE', ( #3504 ), #2754, .F. ) ;
#1612 = ORIENTED_EDGE ( 'NONE', *, *, #1205, .T. ) ;
#1613 = EDGE_LOOP ( 'NONE', ( #707, #1876, #1892, #618, #2279 ) ) ;
#1614 = VECTOR ( 'NONE', #3327, 1000.000000000000000 ) ;
#1615 = CARTESIAN_POINT ( 'NONE',  ( 53.07500000000000284, -5.658199262354549397, -7.000000000000004441 ) ) ;
#1616 = CARTESIAN_POINT ( 'NONE',  ( 57.04283101375674647, 16.31999999999997542, -144.0999999999999375 ) ) ;
#1617 = ORIENTED_EDGE ( 'NONE', *, *, #3562, .T. ) ;
#1618 = VECTOR ( 'NONE', #347, 1000.000000000000000 ) ;
#1619 = DIRECTION ( 'NONE',  ( -1.000000000000000000, 0.000000000000000000, 0.000000000000000000 ) ) ;
#1620 = DIRECTION ( 'NONE',  ( -0.000000000000000000, -0.000000000000000000, -1.000000000000000000 ) ) ;
#1621 = CYLINDRICAL_SURFACE ( 'NONE', #1338, 5.000000000000000888 ) ;
#1622 = CARTESIAN_POINT ( 'NONE',  ( 59.54283101375675358, -18.67999999999999972, -149.0999999999999659 ) ) ;
#1623 = VERTEX_POINT ( 'NONE', #500 ) ;
#1624 = ADVANCED_FACE ( 'NONE', ( #1905 ), #3524, .F. ) ;
#1625 = VECTOR ( 'NONE', #2543, 1000.000000000000000 ) ;
#1626 = DIRECTION ( 'NONE',  ( -0.000000000000000000, -0.000000000000000000, -1.000000000000000000 ) ) ;
#1627 = DIRECTION ( 'NONE',  ( -0.000000000000000000, -0.000000000000000000, 1.000000000000000000 ) ) ;
#1628 = LINE ( 'NONE', #3531, #1565 ) ;
#1629 = ORIENTED_EDGE ( 'NONE', *, *, #3255, .T. ) ;
#1630 = VECTOR ( 'NONE', #772, 1000.000000000000000 ) ;
#1631 = EDGE_CURVE ( 'NONE', #719, #3129, #2448, .T. ) ;
#1632 = ORIENTED_EDGE ( 'NONE', *, *, #2399, .T. ) ;
#1633 = AXIS2_PLACEMENT_3D ( 'NONE', #2931, #747, #3217 ) ;
#1634 = DIRECTION ( 'NONE',  ( 0.9999999999999998890, 0.000000000000000000, 1.067232690093368130E-08 ) ) ;
#1635 = DIRECTION ( 'NONE',  ( 1.000000000000000000, 0.000000000000000000, -7.511572993685659078E-16 ) ) ;
#1636 = VERTEX_POINT ( 'NONE', #1643 ) ;
#1637 = EDGE_CURVE ( 'NONE', #2049, #1252, #859, .T. ) ;
#1638 = CARTESIAN_POINT ( 'NONE',  ( 57.04283101375673226, -18.67999999999999972, -149.0999999999999659 ) ) ;
#1639 = LINE ( 'NONE', #3036, #1009 ) ;
#1640 = VECTOR ( 'NONE', #384, 1000.000000000000114 ) ;
#1641 = VECTOR ( 'NONE', #1138, 1000.000000000000000 ) ;
#1642 = DIRECTION ( 'NONE',  ( 0.000000000000000000, -0.9999999999999963363, 8.742276347284415392E-08 ) ) ;
#1643 = CARTESIAN_POINT ( 'NONE',  ( -47.42500000000000426, 34.02000000000000313, 27.00000000000000000 ) ) ;
#1644 = VERTEX_POINT ( 'NONE', #60 ) ;
#1645 = FACE_OUTER_BOUND ( 'NONE', #2564, .T. ) ;
#1646 = CARTESIAN_POINT ( 'NONE',  ( 1.185793409167016144, -30.88000000000002032, -89.33679033377740097 ) ) ;
#1647 = PRODUCT_RELATED_PRODUCT_CATEGORY ( 'part', '', ( #2450 ) ) ;
#1648 = EDGE_LOOP ( 'NONE', ( #974, #2119, #444, #3146 ) ) ;
#1649 = ORIENTED_EDGE ( 'NONE', *, *, #1035, .F. ) ;
#1650 = DIRECTION ( 'NONE',  ( -0.7071067811865457964, -0.7071067811865492381, 0.000000000000000000 ) ) ;
#1651 = DIRECTION ( 'NONE',  ( -1.000000000000000000, 5.277844581858586175E-11, 0.000000000000000000 ) ) ;
#1652 = ADVANCED_FACE ( 'NONE', ( #314 ), #1461, .T. ) ;
#1653 = EDGE_LOOP ( 'NONE', ( #3443, #2183, #1543, #559 ) ) ;
#1654 = DIRECTION ( 'NONE',  ( 1.000000000000000000, -9.912705577010326536E-16, 0.000000000000000000 ) ) ;
#1655 = DIRECTION ( 'NONE',  ( -1.000000000000000000, 0.000000000000000000, -0.000000000000000000 ) ) ;
#1656 = EDGE_CURVE ( 'NONE', #3198, #2291, #3330, .T. ) ;
#1657 = CARTESIAN_POINT ( 'NONE',  ( 54.07500000000000284, -24.89554530818375611, -147.4999999999999716 ) ) ;
#1658 = DIRECTION ( 'NONE',  ( 6.938893903907220489E-15, -0.9999999999999963363, 8.742276347284407451E-08 ) ) ;
#1659 = ORIENTED_EDGE ( 'NONE', *, *, #2908, .F. ) ;
#1660 = FACE_OUTER_BOUND ( 'NONE', #604, .T. ) ;
#1661 = CARTESIAN_POINT ( 'NONE',  ( 47.07500000000000995, -36.37999999999999545, 27.00000000000000000 ) ) ;
#1662 = VERTEX_POINT ( 'NONE', #2826 ) ;
#1663 = ORIENTED_EDGE ( 'NONE', *, *, #2663, .T. ) ;
#1664 = DIRECTION ( 'NONE',  ( -0.000000000000000000, -0.000000000000000000, 1.000000000000000000 ) ) ;
#1665 = DIRECTION ( 'NONE',  ( 5.277844581858586175E-11, 1.000000000000000000, 0.000000000000000000 ) ) ;
#1666 = ORIENTED_EDGE ( 'NONE', *, *, #3102, .T. ) ;
#1667 = CIRCLE ( 'NONE', #2299, 3.251094394703411883 ) ;
#1668 = DIRECTION ( 'NONE',  ( 1.000000000000000000, 4.336808689942014285E-16, -1.786291124290916033E-16 ) ) ;
#1669 = EDGE_CURVE ( 'NONE', #88, #104, #2001, .T. ) ;
#1670 = DIRECTION ( 'NONE',  ( -0.000000000000000000, -0.000000000000000000, -1.000000000000000000 ) ) ;
#1671 = AXIS2_PLACEMENT_3D ( 'NONE', #2464, #3560, #1388 ) ;
#1672 = PRODUCT_DEFINITION_CONTEXT ( 'detailed design', #445, 'design' ) ;
#1673 = CARTESIAN_POINT ( 'NONE',  ( -45.86764068711929809, 7.020000000000003126, -24.23067382164290251 ) ) ;
#1674 = EDGE_CURVE ( 'NONE', #650, #2349, #608, .T. ) ;
#1675 = DIRECTION ( 'NONE',  ( 0.000000000000000000, 1.000000000000000000, 0.000000000000000000 ) ) ;
#1676 = EDGE_CURVE ( 'NONE', #1168, #1712, #1171, .T. ) ;
#1677 = COLOUR_RGB ( '',1.000000000000000000, 1.000000000000000000, 1.000000000000000000 ) ;
#1678 = CYLINDRICAL_SURFACE ( 'NONE', #1952, 2.000000000000000000 ) ;
#1679 = ORIENTED_EDGE ( 'NONE', *, *, #769, .F. ) ;
#1680 = AXIS2_PLACEMENT_3D ( 'NONE', #1949, #1635, #255 ) ;
#1681 = VERTEX_POINT ( 'NONE', #916 ) ;
#1682 = PLANE ( 'NONE',  #1869 ) ;
#1683 = FACE_OUTER_BOUND ( 'NONE', #395, .T. ) ;
#1684 = VECTOR ( 'NONE', #37, 1000.000000000000000 ) ;
#1685 = ORIENTED_EDGE ( 'NONE', *, *, #2422, .F. ) ;
#1686 = AXIS2_PLACEMENT_3D ( 'NONE', #2354, #786, #204 ) ;
#1687 = DIRECTION ( 'NONE',  ( -0.000000000000000000, -0.000000000000000000, -1.000000000000000000 ) ) ;
#1688 = FACE_OUTER_BOUND ( 'NONE', #253, .T. ) ;
#1689 = CIRCLE ( 'NONE', #1173, 1.250000000000007994 ) ;
#1690 = CARTESIAN_POINT ( 'NONE',  ( 0.000000000000000000, -5.979999999999969340, -7.000000000000004441 ) ) ;
#1691 = CARTESIAN_POINT ( 'NONE',  ( -53.41499999999999915, -6.979999999999997762, 0.000000000000000000 ) ) ;
#1692 = VECTOR ( 'NONE', #2986, 1000.000000000000000 ) ;
#1693 = FACE_OUTER_BOUND ( 'NONE', #1535, .T. ) ;
#1694 = CARTESIAN_POINT ( 'NONE',  ( 54.07500000000000284, 11.01511394010297096, -144.5000034514557399 ) ) ;
#1695 = EDGE_CURVE ( 'NONE', #464, #3388, #3362, .T. ) ;
#1696 = ORIENTED_EDGE ( 'NONE', *, *, #2568, .T. ) ;
#1697 = VECTOR ( 'NONE', #2693, 1000.000000000000000 ) ;
#1698 = CARTESIAN_POINT ( 'NONE',  ( 52.07500000000000284, 24.39800000000000324, -24.23067382164290251 ) ) ;
#1699 = EDGE_CURVE ( 'NONE', #1597, #3090, #2516, .T. ) ;
#1700 = ORIENTED_EDGE ( 'NONE', *, *, #2502, .T. ) ;
#1701 = EDGE_LOOP ( 'NONE', ( #2043, #3411, #1966, #1963, #2701, #1663, #1912, #978 ) ) ;
#1702 = LINE ( 'NONE', #105, #390 ) ;
#1703 = CARTESIAN_POINT ( 'NONE',  ( -61.42499999999999716, -22.37999999999999545, -288.7883930123065284 ) ) ;
#1704 = ORIENTED_EDGE ( 'NONE', *, *, #568, .F. ) ;
#1705 = DIRECTION ( 'NONE',  ( -0.000000000000000000, 1.000000000000000000, -0.000000000000000000 ) ) ;
#1706 = CARTESIAN_POINT ( 'NONE',  ( -50.62499999999999289, 27.02000000000000313, -145.5000024465209378 ) ) ;
#1707 = ORIENTED_EDGE ( 'NONE', *, *, #1082, .T. ) ;
#1708 = DIRECTION ( 'NONE',  ( -0.000000000000000000, -0.000000000000000000, 1.000000000000000000 ) ) ;
#1709 = LINE ( 'NONE', #1691, #2264 ) ;
#1710 = ORIENTED_EDGE ( 'NONE', *, *, #2262, .F. ) ;
#1711 = DIRECTION ( 'NONE',  ( 1.000000000000000000, -0.000000000000000000, -0.000000000000000000 ) ) ;
#1712 = VERTEX_POINT ( 'NONE', #296 ) ;
#1713 = EDGE_CURVE ( 'NONE', #1946, #1407, #3444, .T. ) ;
#1714 = DIRECTION ( 'NONE',  ( 1.000000000000000000, -1.214306433183763862E-14, 0.000000000000000000 ) ) ;
#1715 = EDGE_LOOP ( 'NONE', ( #968, #199, #2128, #904 ) ) ;
#1716 = VERTEX_POINT ( 'NONE', #3057 ) ;
#1717 = EDGE_CURVE ( 'NONE', #474, #1841, #1151, .T. ) ;
#1718 = CARTESIAN_POINT ( 'NONE',  ( -50.62499999999999289, 26.35012701892217279, -7.594744111674441633 ) ) ;
#1719 = CARTESIAN_POINT ( 'NONE',  ( 32.54505938131210740, 32.54505455879079534, -144.5000052899515595 ) ) ;
#1720 = EDGE_LOOP ( 'NONE', ( #2648, #3293, #638, #2482 ) ) ;
#1721 = DIRECTION ( 'NONE',  ( 0.7071067811865439090, 0.7071067811865512365, 0.000000000000000000 ) ) ;
#1722 = CARTESIAN_POINT ( 'NONE',  ( 53.04999999999999005, -32.12999999999999545, -149.0999999999999659 ) ) ;
#1723 = ORIENTED_EDGE ( 'NONE', *, *, #568, .T. ) ;
#1724 = VECTOR ( 'NONE', #718, 1000.000000000000000 ) ;
#1725 = CARTESIAN_POINT ( 'NONE',  ( 5.100006971540176792, -28.37999999999999545, -144.4999999637140320 ) ) ;
#1726 = LINE ( 'NONE', #1492, #2668 ) ;
#1727 = DIRECTION ( 'NONE',  ( -1.000000000000000000, 0.000000000000000000, -5.271713566001691411E-16 ) ) ;
#1728 = DIRECTION ( 'NONE',  ( -1.000000000000000000, 0.000000000000000000, 0.000000000000000000 ) ) ;
#1729 = ORIENTED_EDGE ( 'NONE', *, *, #2710, .T. ) ;
#1730 = CARTESIAN_POINT ( 'NONE',  ( -53.16500000000000625, 27.02000000000000313, 24.50000000000000000 ) ) ;
#1731 = ORIENTED_EDGE ( 'NONE', *, *, #2159, .F. ) ;
#1732 = EDGE_CURVE ( 'NONE', #1823, #409, #2593, .T. ) ;
#1733 = ORIENTED_EDGE ( 'NONE', *, *, #1254, .F. ) ;
#1734 = PLANE ( 'NONE',  #573 ) ;
#1735 = LINE ( 'NONE', #1719, #871 ) ;
#1736 = ORIENTED_EDGE ( 'NONE', *, *, #3033, .F. ) ;
#1737 = CIRCLE ( 'NONE', #172, 13.99999999999999822 ) ;
#1738 = EDGE_CURVE ( 'NONE', #851, #2720, #1189, .T. ) ;
#1739 = DIRECTION ( 'NONE',  ( 0.000000000000000000, 0.000000000000000000, -1.000000000000000000 ) ) ;
#1740 = VECTOR ( 'NONE', #2870, 1000.000000000000000 ) ;
#1741 = DIRECTION ( 'NONE',  ( 0.000000000000000000, 0.000000000000000000, -1.000000000000000000 ) ) ;
#1742 = ORIENTED_EDGE ( 'NONE', *, *, #3125, .F. ) ;
#1743 = ADVANCED_FACE ( 'NONE', ( #25 ), #2039, .T. ) ;
#1744 = VECTOR ( 'NONE', #3558, 1000.000000000000000 ) ;
#1745 = CARTESIAN_POINT ( 'NONE',  ( -54.42499999999999716, 27.02000000000000313, 18.00000000000000000 ) ) ;
#1746 = DIRECTION ( 'NONE',  ( 1.000000000000000000, 0.000000000000000000, 0.000000000000000000 ) ) ;
#1747 = VECTOR ( 'NONE', #2749, 1000.000000000000000 ) ;
#1748 = DIRECTION ( 'NONE',  ( -1.000000000000000000, 0.000000000000000000, 0.000000000000000000 ) ) ;
#1749 = VERTEX_POINT ( 'NONE', #1694 ) ;
#1750 = AXIS2_PLACEMENT_3D ( 'NONE', #402, #2898, #136 ) ;
#1751 = DIRECTION ( 'NONE',  ( -0.000000000000000000, -0.000000000000000000, 1.000000000000000000 ) ) ;
#1752 = VERTEX_POINT ( 'NONE', #329 ) ;
#1753 = CIRCLE ( 'NONE', #1586, 1.000000000000001110 ) ;
#1754 = ORIENTED_EDGE ( 'NONE', *, *, #381, .F. ) ;
#1755 = DIRECTION ( 'NONE',  ( -3.195525844883575493E-10, -1.000000000000000000, 0.000000000000000000 ) ) ;
#1756 = CARTESIAN_POINT ( 'NONE',  ( -61.42499999999999716, -6.054283494992921158E-15, -288.7883930123065284 ) ) ;
#1757 = ORIENTED_EDGE ( 'NONE', *, *, #1872, .T. ) ;
#1758 = DIRECTION ( 'NONE',  ( 1.000000000000000000, 0.000000000000000000, 0.000000000000000000 ) ) ;
#1759 = CARTESIAN_POINT ( 'NONE',  ( 1.185793409167016144, -30.88000000000002032, -144.4999997451571403 ) ) ;
#1760 = EDGE_CURVE ( 'NONE', #3250, #829, #1562, .T. ) ;
#1761 = ORIENTED_EDGE ( 'NONE', *, *, #2794, .T. ) ;
#1762 = FACE_OUTER_BOUND ( 'NONE', #2188, .T. ) ;
#1763 = CARTESIAN_POINT ( 'NONE',  ( -58.64499999999999602, -18.67999999999999972, -144.0999999999999375 ) ) ;
#1764 = CARTESIAN_POINT ( 'NONE',  ( -39.47283204934798562, -30.48000002928346319, -147.4999999999999716 ) ) ;
#1765 = EDGE_CURVE ( 'NONE', #3264, #3016, #2196, .T. ) ;
#1766 = DIRECTION ( 'NONE',  ( -0.000000000000000000, -0.000000000000000000, -1.000000000000000000 ) ) ;
#1767 = DIRECTION ( 'NONE',  ( -1.000000000000000000, 0.000000000000000000, 0.000000000000000000 ) ) ;
#1768 = ORIENTED_EDGE ( 'NONE', *, *, #2799, .T. ) ;
#1769 = VERTEX_POINT ( 'NONE', #99 ) ;
#1770 = DIRECTION ( 'NONE',  ( -1.000000000000000000, 0.000000000000000000, 0.000000000000000000 ) ) ;
#1771 = CYLINDRICAL_SURFACE ( 'NONE', #1508, 1.000000000000000888 ) ;
#1772 = ORIENTED_EDGE ( 'NONE', *, *, #3433, .T. ) ;
#1773 = DIRECTION ( 'NONE',  ( 1.000000000000000000, -0.000000000000000000, -0.000000000000000000 ) ) ;
#1774 = CARTESIAN_POINT ( 'NONE',  ( -38.07283199120868034, -31.88000000000291934, -144.4999996577343495 ) ) ;
#1775 = EDGE_LOOP ( 'NONE', ( #3459, #1612, #1190, #1234 ) ) ;
#1776 = ADVANCED_FACE ( 'NONE', ( #2304 ), #1983, .T. ) ;
#1777 = DIRECTION ( 'NONE',  ( -3.195525844883575493E-10, -1.000000000000000000, 0.000000000000000000 ) ) ;
#1778 = DIRECTION ( 'NONE',  ( 0.000000000000000000, -0.9848077530122073542, -0.1736481776669348553 ) ) ;
#1779 = LINE ( 'NONE', #385, #1964 ) ;
#1780 = EDGE_CURVE ( 'NONE', #380, #2034, #2828, .T. ) ;
#1781 = VECTOR ( 'NONE', #387, 1000.000000000000000 ) ;
#1782 = CARTESIAN_POINT ( 'NONE',  ( 50.28500000000000369, 22.58987298107787822, -14.10769515458673240 ) ) ;
#1783 = ORIENTED_EDGE ( 'NONE', *, *, #2110, .F. ) ;
#1784 = AXIS2_PLACEMENT_3D ( 'NONE', #262, #1873, #2167 ) ;
#1785 = EDGE_CURVE ( 'NONE', #342, #1197, #2652, .T. ) ;
#1786 = VERTEX_POINT ( 'NONE', #2057 ) ;
#1787 = FACE_BOUND ( 'NONE', #3328, .T. ) ;
#1788 = CARTESIAN_POINT ( 'NONE',  ( -53.41500000000000625, 26.35012701892217279, -7.594744111674440745 ) ) ;
#1789 = ORIENTED_EDGE ( 'NONE', *, *, #1352, .F. ) ;
#1790 = ORIENTED_EDGE ( 'NONE', *, *, #2166, .T. ) ;
#1791 = CARTESIAN_POINT ( 'NONE',  ( 0.000000000000000000, -36.37999999999999545, 27.00000000000002487 ) ) ;
#1792 = ORIENTED_EDGE ( 'NONE', *, *, #699, .F. ) ;
#1793 = CARTESIAN_POINT ( 'NONE',  ( 5.100006971540176792, -219.0019874186044717, -147.4999999999999716 ) ) ;
#1794 = DIRECTION ( 'NONE',  ( 0.000000000000000000, -0.9999999999996301847, 8.600453884172380809E-07 ) ) ;
#1795 = LINE ( 'NONE', #3395, #14 ) ;
#1796 = DIRECTION ( 'NONE',  ( 0.000000000000000000, 0.000000000000000000, -1.000000000000000000 ) ) ;
#1797 = CIRCLE ( 'NONE', #238, 1.000000000000000222 ) ;
#1798 = AXIS2_PLACEMENT_3D ( 'NONE', #2696, #729, #1866 ) ;
#1799 = DIRECTION ( 'NONE',  ( 1.000000000000000000, 0.000000000000000000, 0.000000000000000000 ) ) ;
#1800 = EDGE_CURVE ( 'NONE', #2349, #2758, #2176, .T. ) ;
#1801 = ORIENTED_EDGE ( 'NONE', *, *, #2976, .F. ) ;
#1802 = VECTOR ( 'NONE', #533, 1000.000000000000000 ) ;
#1803 = EDGE_LOOP ( 'NONE', ( #2847, #1649, #1659, #864, #3533, #1855, #2963, #3347 ) ) ;
#1804 = VECTOR ( 'NONE', #3024, 1000.000000000000000 ) ;
#1805 = DIRECTION ( 'NONE',  ( -1.000000000000000000, 0.000000000000000000, 0.000000000000000000 ) ) ;
#1806 = FACE_BOUND ( 'NONE', #645, .T. ) ;
#1807 = EDGE_CURVE ( 'NONE', #349, #1006, #1512, .T. ) ;
#1808 = EDGE_LOOP ( 'NONE', ( #1124, #2842, #2288, #1466 ) ) ;
#1809 = VECTOR ( 'NONE', #798, 1000.000000000000000 ) ;
#1810 = ORIENTED_EDGE ( 'NONE', *, *, #434, .T. ) ;
#1811 = CARTESIAN_POINT ( 'NONE',  ( 47.07499999999999574, 20.02000000000000313, 30.00000000000000000 ) ) ;
#1812 = ORIENTED_EDGE ( 'NONE', *, *, #3521, .F. ) ;
#1813 = FACE_OUTER_BOUND ( 'NONE', #2509, .T. ) ;
#1814 = CARTESIAN_POINT ( 'NONE',  ( -45.94994886994358296, -32.12999999477493418, -147.4999999999999716 ) ) ;
#1815 = CYLINDRICAL_SURFACE ( 'NONE', #2098, 1.599386627496458768 ) ;
#1816 = CARTESIAN_POINT ( 'NONE',  ( 5.100006971540151923, -28.87999999999998835, -144.4999999637140320 ) ) ;
#1817 = DIRECTION ( 'NONE',  ( -0.000000000000000000, 1.000000000000000000, -0.000000000000000000 ) ) ;
#1818 = EDGE_LOOP ( 'NONE', ( #1454, #2867, #3281, #574 ) ) ;
#1819 = EDGE_CURVE ( 'NONE', #1865, #196, #217, .T. ) ;
#1820 = VERTEX_POINT ( 'NONE', #2983 ) ;
#1821 = PLANE ( 'NONE',  #400 ) ;
#1822 = DIRECTION ( 'NONE',  ( -2.482609625727093977E-16, 1.000000000000000000, 0.000000000000000000 ) ) ;
#1823 = VERTEX_POINT ( 'NONE', #2694 ) ;
#1824 = EDGE_CURVE ( 'NONE', #9, #2669, #2886, .T. ) ;
#1825 = EDGE_CURVE ( 'NONE', #421, #2871, #1058, .T. ) ;
#1826 = VERTEX_POINT ( 'NONE', #202 ) ;
#1827 = LINE ( 'NONE', #1021, #424 ) ;
#1828 = ORIENTED_EDGE ( 'NONE', *, *, #470, .F. ) ;
#1829 = FACE_OUTER_BOUND ( 'NONE', #544, .T. ) ;
#1830 = CARTESIAN_POINT ( 'NONE',  ( 53.07500000000000284, -25.89554530818377032, -89.33679033377740097 ) ) ;
#1831 = LINE ( 'NONE', #2372, #1064 ) ;
#1832 = DIRECTION ( 'NONE',  ( 0.7071067811865457964, 0.7071067811865492381, 0.000000000000000000 ) ) ;
#1833 = DIRECTION ( 'NONE',  ( 0.000000000000000000, 0.000000000000000000, -1.000000000000000000 ) ) ;
#1834 = ORIENTED_EDGE ( 'NONE', *, *, #1254, .T. ) ;
#1835 = AXIS2_PLACEMENT_3D ( 'NONE', #1426, #1174, #2590 ) ;
#1836 = EDGE_LOOP ( 'NONE', ( #3462, #2468, #2726, #335 ) ) ;
#1837 = PLANE ( 'NONE',  #1380 ) ;
#1838 = DIRECTION ( 'NONE',  ( 1.000000000000000000, 0.000000000000000000, 0.000000000000000000 ) ) ;
#1839 = EDGE_CURVE ( 'NONE', #2192, #1239, #2073, .T. ) ;
#1840 = ORIENTED_EDGE ( 'NONE', *, *, #362, .F. ) ;
#1841 = VERTEX_POINT ( 'NONE', #3252 ) ;
#1842 = DIRECTION ( 'NONE',  ( 0.000000000000000000, 0.000000000000000000, 1.000000000000000000 ) ) ;
#1843 = EDGE_CURVE ( 'NONE', #2980, #2618, #1779, .T. ) ;
#1844 = ORIENTED_EDGE ( 'NONE', *, *, #2110, .T. ) ;
#1845 = DIRECTION ( 'NONE',  ( 1.000000000000000000, 0.000000000000000000, 0.000000000000000000 ) ) ;
#1846 = CARTESIAN_POINT ( 'NONE',  ( 0.000000000000000000, -6.979999999999997762, -5.267949192431142791 ) ) ;
#1847 = CARTESIAN_POINT ( 'NONE',  ( -47.42500000000000426, -36.37999999999999545, 27.00000000000002487 ) ) ;
#1848 = EDGE_CURVE ( 'NONE', #2400, #1181, #3570, .T. ) ;
#1849 = DIRECTION ( 'NONE',  ( 0.7071067811865430208, -0.7071067811865521247, 0.000000000000000000 ) ) ;
#1850 = VECTOR ( 'NONE', #169, 1000.000000000000114 ) ;
#1851 = DIRECTION ( 'NONE',  ( -1.000000000000000000, 0.000000000000000000, -0.000000000000000000 ) ) ;
#1852 = ORIENTED_EDGE ( 'NONE', *, *, #2059, .F. ) ;
#1853 = ORIENTED_EDGE ( 'NONE', *, *, #3313, .F. ) ;
#1854 = VECTOR ( 'NONE', #2764, 1000.000000000000000 ) ;
#1855 = ORIENTED_EDGE ( 'NONE', *, *, #150, .T. ) ;
#1856 = DIRECTION ( 'NONE',  ( -0.000000000000000000, -0.000000000000000000, 1.000000000000000000 ) ) ;
#1857 = DIRECTION ( 'NONE',  ( -0.000000000000000000, -0.000000000000000000, -1.000000000000000000 ) ) ;
#1858 = CIRCLE ( 'NONE', #827, 1.000000000000000222 ) ;
#1859 = ORIENTED_EDGE ( 'NONE', *, *, #2766, .T. ) ;
#1860 = AXIS2_PLACEMENT_3D ( 'NONE', #2432, #2806, #1149 ) ;
#1861 = EDGE_LOOP ( 'NONE', ( #2470, #3367, #3439, #145 ) ) ;
#1862 = CARTESIAN_POINT ( 'NONE',  ( -55.91500000000000625, 26.52000000000000313, 27.99999999999999645 ) ) ;
#1863 = LINE ( 'NONE', #2901, #289 ) ;
#1864 = CIRCLE ( 'NONE', #192, 2.999999999999999112 ) ;
#1865 = VERTEX_POINT ( 'NONE', #1616 ) ;
#1866 = DIRECTION ( 'NONE',  ( 1.000000000000000000, 0.000000000000000000, 0.000000000000000000 ) ) ;
#1867 = DIRECTION ( 'NONE',  ( 1.000000000000000000, 0.000000000000000000, 0.000000000000000000 ) ) ;
#1868 = EDGE_CURVE ( 'NONE', #1014, #1820, #2439, .T. ) ;
#1869 = AXIS2_PLACEMENT_3D ( 'NONE', #2779, #305, #1969 ) ;
#1870 = DIRECTION ( 'NONE',  ( -1.000000000000000000, -4.336808689942014285E-16, 0.000000000000000000 ) ) ;
#1871 = LINE ( 'NONE', #2091, #1850 ) ;
#1872 = EDGE_CURVE ( 'NONE', #474, #15, #1039, .T. ) ;
#1873 = DIRECTION ( 'NONE',  ( -1.000000000000000000, 0.000000000000000000, 0.000000000000000000 ) ) ;
#1874 = ORIENTED_EDGE ( 'NONE', *, *, #1105, .T. ) ;
#1875 = ORIENTED_EDGE ( 'NONE', *, *, #1315, .F. ) ;
#1876 = ORIENTED_EDGE ( 'NONE', *, *, #3423, .T. ) ;
#1877 = DIRECTION ( 'NONE',  ( 0.000000000000000000, 0.000000000000000000, 1.000000000000000000 ) ) ;
#1878 = CARTESIAN_POINT ( 'NONE',  ( 47.07500000000000995, -22.37999999999999545, 27.00000000000002487 ) ) ;
#1879 = ORIENTED_EDGE ( 'NONE', *, *, #2010, .T. ) ;
#1880 = VERTEX_POINT ( 'NONE', #3535 ) ;
#1881 = DIRECTION ( 'NONE',  ( 0.000000000000000000, -0.000000000000000000, -1.000000000000000000 ) ) ;
#1882 = DIRECTION ( 'NONE',  ( -1.000000000000000000, 0.000000000000000000, 0.000000000000000000 ) ) ;
#1883 = ORIENTED_EDGE ( 'NONE', *, *, #2659, .T. ) ;
#1884 = CARTESIAN_POINT ( 'NONE',  ( 50.28500000000000369, 21.91999999999999460, -145.5000024465209378 ) ) ;
#1885 = LINE ( 'NONE', #1044, #2553 ) ;
#1886 = EDGE_CURVE ( 'NONE', #284, #2140, #1863, .T. ) ;
#1887 = LINE ( 'NONE', #2987, #2773 ) ;
#1888 = DIRECTION ( 'NONE',  ( -1.000000000000000000, 0.000000000000000000, 0.000000000000000000 ) ) ;
#1889 = ORIENTED_EDGE ( 'NONE', *, *, #2811, .T. ) ;
#1890 = EDGE_CURVE ( 'NONE', #104, #3083, #2308, .T. ) ;
#1891 = VERTEX_POINT ( 'NONE', #1076 ) ;
#1892 = ORIENTED_EDGE ( 'NONE', *, *, #280, .T. ) ;
#1893 = CYLINDRICAL_SURFACE ( 'NONE', #2358, 2.000000000000000000 ) ;
#1894 = CARTESIAN_POINT ( 'NONE',  ( -53.41499999999999915, 0.02000000000000178718, -145.5000024465209378 ) ) ;
#1895 = EDGE_CURVE ( 'NONE', #1644, #2618, #2712, .T. ) ;
#1896 = ORIENTED_EDGE ( 'NONE', *, *, #3490, .F. ) ;
#1897 = VERTEX_POINT ( 'NONE', #234 ) ;
#1898 = AXIS2_PLACEMENT_3D ( 'NONE', #2076, #1833, #1851 ) ;
#1899 = LINE ( 'NONE', #254, #1641 ) ;
#1900 = DIRECTION ( 'NONE',  ( 0.000000000000000000, -0.9999999999999962252, 8.742276347284422009E-08 ) ) ;
#1901 = VERTEX_POINT ( 'NONE', #1343 ) ;
#1902 = CARTESIAN_POINT ( 'NONE',  ( -41.48000311279299979, -27.37620075701866540, -144.5000000514689873 ) ) ;
#1903 = CARTESIAN_POINT ( 'NONE',  ( 53.07500000000000995, 0.02000000000000265454, -27.68512727847023669 ) ) ;
#1904 = CYLINDRICAL_SURFACE ( 'NONE', #531, 1.000000000000000888 ) ;
#1905 = FACE_OUTER_BOUND ( 'NONE', #2068, .T. ) ;
#1906 = ORIENTED_EDGE ( 'NONE', *, *, #1250, .F. ) ;
#1907 = VECTOR ( 'NONE', #2080, 1000.000000000000000 ) ;
#1908 = LINE ( 'NONE', #587, #1981 ) ;
#1909 = EDGE_CURVE ( 'NONE', #1749, #3253, #1223, .T. ) ;
#1910 = DIRECTION ( 'NONE',  ( 0.000000000000000000, 0.000000000000000000, 1.000000000000000000 ) ) ;
#1911 = CARTESIAN_POINT ( 'NONE',  ( -50.42499999999999716, 0.02000000000000265454, -145.5000024465209378 ) ) ;
#1912 = ORIENTED_EDGE ( 'NONE', *, *, #1481, .T. ) ;
#1913 = CIRCLE ( 'NONE', #997, 1.599386627496458102 ) ;
#1914 = ORIENTED_EDGE ( 'NONE', *, *, #3238, .T. ) ;
#1915 = ADVANCED_FACE ( 'NONE', ( #2343 ), #2139, .T. ) ;
#1916 = VECTOR ( 'NONE', #1777, 1000.000000000000000 ) ;
#1917 = CARTESIAN_POINT ( 'NONE',  ( 53.07500000000000284, -3.688583756330134911, -6.652703644666135396 ) ) ;
#1918 = MANIFOLD_SOLID_BREP ( '\X2\52079664\X0\-\X2\62c94f38\X0\17', #1005 ) ;
#1919 = LINE ( 'NONE', #2746, #754 ) ;
#1920 = ORIENTED_EDGE ( 'NONE', *, *, #2399, .F. ) ;
#1921 = AXIS2_PLACEMENT_3D ( 'NONE', #3555, #1867, #1923 ) ;
#1922 = CARTESIAN_POINT ( 'NONE',  ( -47.42500000000000426, 20.02000000000000313, 30.00000000000000000 ) ) ;
#1923 = DIRECTION ( 'NONE',  ( 0.000000000000000000, 0.000000000000000000, 1.000000000000000000 ) ) ;
#1924 = DIRECTION ( 'NONE',  ( 0.000000000000000000, 0.000000000000000000, 1.000000000000000000 ) ) ;
#1925 = CIRCLE ( 'NONE', #2155, 1.000000000000000888 ) ;
#1926 = AXIS2_PLACEMENT_3D ( 'NONE', #1131, #1924, #2231 ) ;
#1927 = CARTESIAN_POINT ( 'NONE',  ( 53.07499999999999574, 2.247658427167245510, -144.5000026412690204 ) ) ;
#1928 = DIRECTION ( 'NONE',  ( 1.000000000000000000, 0.000000000000000000, 0.000000000000000000 ) ) ;
#1929 = ORIENTED_EDGE ( 'NONE', *, *, #1593, .F. ) ;
#1930 = CARTESIAN_POINT ( 'NONE',  ( -53.41499999999999915, -6.979999999999997762, -5.267949192431127692 ) ) ;
#1931 = DIRECTION ( 'NONE',  ( -0.000000000000000000, -0.000000000000000000, -1.000000000000000000 ) ) ;
#1932 = ORIENTED_EDGE ( 'NONE', *, *, #545, .T. ) ;
#1933 = ADVANCED_FACE ( 'NONE', ( #1683 ), #973, .T. ) ;
#1934 = ORIENTED_EDGE ( 'NONE', *, *, #301, .F. ) ;
#1935 = CARTESIAN_POINT ( 'NONE',  ( -47.42500000000000426, -22.37999999999999545, 27.00000000000002487 ) ) ;
#1936 = LINE ( 'NONE', #561, #62 ) ;
#1937 = ORIENTED_EDGE ( 'NONE', *, *, #3196, .F. ) ;
#1938 = EDGE_CURVE ( 'NONE', #218, #3264, #1936, .T. ) ;
#1939 = CARTESIAN_POINT ( 'NONE',  ( -76.45008193257393714, 0.02000000000000265454, -27.68512727847023669 ) ) ;
#1940 = DIRECTION ( 'NONE',  ( 1.000000000000000000, 2.482609625727093977E-16, -0.000000000000000000 ) ) ;
#1941 = CARTESIAN_POINT ( 'NONE',  ( -48.55000002927648239, -7.221268931545525405, -24.23067382164290251 ) ) ;
#1942 = CARTESIAN_POINT ( 'NONE',  ( 56.29999998338323053, -28.88009115032320295, -149.0999999999999659 ) ) ;
#1943 = CARTESIAN_POINT ( 'NONE',  ( -42.91789321881345387, 8.555533905932728445, -147.4999999999999716 ) ) ;
#1944 = ORIENTED_EDGE ( 'NONE', *, *, #630, .T. ) ;
#1945 = CARTESIAN_POINT ( 'NONE',  ( 61.07499999999999574, 20.02000000000000668, 27.00000000000002487 ) ) ;
#1946 = VERTEX_POINT ( 'NONE', #2457 ) ;
#1947 = ORIENTED_EDGE ( 'NONE', *, *, #972, .T. ) ;
#1948 = LINE ( 'NONE', #527, #2102 ) ;
#1949 = CARTESIAN_POINT ( 'NONE',  ( -3.826954227899280391E-15, 22.02000000000000313, -5.094744111674446962 ) ) ;
#1950 = VECTOR ( 'NONE', #599, 1000.000000000000000 ) ;
#1951 = ORIENTED_EDGE ( 'NONE', *, *, #609, .T. ) ;
#1952 = AXIS2_PLACEMENT_3D ( 'NONE', #2705, #3311, #3262 ) ;
#1953 = CARTESIAN_POINT ( 'NONE',  ( -53.41499999999999915, -1.817080323353451531E-14, 0.000000000000000000 ) ) ;
#1954 = CARTESIAN_POINT ( 'NONE',  ( -47.42500000000000426, -22.37999999999999545, 27.00000000000002487 ) ) ;
#1955 = ADVANCED_FACE ( 'NONE', ( #1110 ), #1091, .T. ) ;
#1956 = EDGE_LOOP ( 'NONE', ( #1287, #2309 ) ) ;
#1957 = AXIS2_PLACEMENT_3D ( 'NONE', #2646, #2093, #2060 ) ;
#1958 = DIRECTION ( 'NONE',  ( -1.000000000000000000, -4.336808689942013792E-16, 0.000000000000000000 ) ) ;
#1959 = DIRECTION ( 'NONE',  ( -1.000000000000000000, 0.000000000000000000, 0.000000000000000000 ) ) ;
#1960 = VECTOR ( 'NONE', #336, 1000.000000000000227 ) ;
#1961 = EDGE_CURVE ( 'NONE', #147, #2673, #1919, .T. ) ;
#1962 = DIRECTION ( 'NONE',  ( -1.000000000000000000, 0.000000000000000000, 0.000000000000000000 ) ) ;
#1963 = ORIENTED_EDGE ( 'NONE', *, *, #923, .T. ) ;
#1964 = VECTOR ( 'NONE', #1580, 1000.000000000000227 ) ;
#1965 = DIRECTION ( 'NONE',  ( -1.000000000000000000, 0.000000000000000000, 0.000000000000000000 ) ) ;
#1966 = ORIENTED_EDGE ( 'NONE', *, *, #1236, .T. ) ;
#1967 = VECTOR ( 'NONE', #2348, 1000.000000000000000 ) ;
#1968 = ORIENTED_EDGE ( 'NONE', *, *, #3557, .F. ) ;
#1969 = DIRECTION ( 'NONE',  ( 0.000000000000000000, -0.000000000000000000, -1.000000000000000000 ) ) ;
#1970 = CYLINDRICAL_SURFACE ( 'NONE', #1680, 5.000000000000000000 ) ;
#1971 = VECTOR ( 'NONE', #3375, 1000.000000000000000 ) ;
#1972 = EDGE_LOOP ( 'NONE', ( #571, #3550, #2220, #1501, #3063, #1810 ) ) ;
#1973 = VECTOR ( 'NONE', #1491, 1000.000000000000000 ) ;
#1974 = FACE_OUTER_BOUND ( 'NONE', #149, .T. ) ;
#1975 = FACE_OUTER_BOUND ( 'NONE', #687, .T. ) ;
#1976 = AXIS2_PLACEMENT_3D ( 'NONE', #3218, #2341, #3185 ) ;
#1977 = ORIENTED_EDGE ( 'NONE', *, *, #1825, .T. ) ;
#1978 = EDGE_CURVE ( 'NONE', #1022, #777, #291, .T. ) ;
#1979 = CARTESIAN_POINT ( 'NONE',  ( -58.42499999999999716, 20.02000000000000313, 30.00000000000000000 ) ) ;
#1980 = DIRECTION ( 'NONE',  ( 0.000000000000000000, 0.000000000000000000, -1.000000000000000000 ) ) ;
#1981 = VECTOR ( 'NONE', #503, 1000.000000000000000 ) ;
#1982 = DIRECTION ( 'NONE',  ( 1.000000000000000000, -0.000000000000000000, -1.786290745155056918E-16 ) ) ;
#1983 = PLANE ( 'NONE',  #1274 ) ;
#1984 = ORIENTED_EDGE ( 'NONE', *, *, #433, .F. ) ;
#1985 = ORIENTED_EDGE ( 'NONE', *, *, #343, .F. ) ;
#1986 = VECTOR ( 'NONE', #1143, 1000.000000000000000 ) ;
#1987 = EDGE_CURVE ( 'NONE', #2810, #1357, #2798, .T. ) ;
#1988 = CARTESIAN_POINT ( 'NONE',  ( -48.55000002927648239, -7.221268931545525405, -147.4999999999999716 ) ) ;
#1989 = ORIENTED_EDGE ( 'NONE', *, *, #584, .F. ) ;
#1990 = ADVANCED_FACE ( 'NONE', ( #528 ), #19, .F. ) ;
#1991 = ORIENTED_EDGE ( 'NONE', *, *, #1588, .F. ) ;
#1992 = FACE_OUTER_BOUND ( 'NONE', #846, .T. ) ;
#1993 = DIRECTION ( 'NONE',  ( 1.000000000000000000, 7.383974344059563380E-14, 0.000000000000000000 ) ) ;
#1994 = VERTEX_POINT ( 'NONE', #3316 ) ;
#1995 = CARTESIAN_POINT ( 'NONE',  ( 50.28500000000000369, 26.92000000000004789, -16.60769515458676437 ) ) ;
#1996 = FACE_OUTER_BOUND ( 'NONE', #94, .T. ) ;
#1997 = EDGE_LOOP ( 'NONE', ( #2169, #629, #2748, #2921 ) ) ;
#1998 = CARTESIAN_POINT ( 'NONE',  ( -50.42499999999999716, -5.658199262354549397, -7.000000000000004441 ) ) ;
#1999 = DIRECTION ( 'NONE',  ( 0.000000000000000000, 0.000000000000000000, 1.000000000000000000 ) ) ;
#2000 = ORIENTED_EDGE ( 'NONE', *, *, #840, .T. ) ;
#2001 = LINE ( 'NONE', #880, #2248 ) ;
#2002 = ADVANCED_FACE ( 'NONE', ( #849 ), #1970, .F. ) ;
#2003 = EDGE_LOOP ( 'NONE', ( #371, #1395, #3268, #621 ) ) ;
#2004 = CARTESIAN_POINT ( 'NONE',  ( -47.42500000000000426, 20.02000000000000313, -149.0999999999999659 ) ) ;
#2005 = EDGE_CURVE ( 'NONE', #2493, #1193, #2780, .T. ) ;
#2006 = VERTEX_POINT ( 'NONE', #306 ) ;
#2007 = ORIENTED_EDGE ( 'NONE', *, *, #213, .F. ) ;
#2008 = CARTESIAN_POINT ( 'NONE',  ( -47.42500000000000426, 31.02000000000000313, 30.00000000000000000 ) ) ;
#2009 = PLANE ( 'NONE',  #2654 ) ;
#2010 = EDGE_CURVE ( 'NONE', #2709, #1716, #1415, .T. ) ;
#2011 = ORIENTED_EDGE ( 'NONE', *, *, #2316, .F. ) ;
#2012 = LINE ( 'NONE', #3390, #471 ) ;
#2013 = CARTESIAN_POINT ( 'NONE',  ( -45.95061343522997532, -28.88060071504817472, 0.001999344381747869548 ) ) ;
#2014 = ORIENTED_EDGE ( 'NONE', *, *, #1606, .T. ) ;
#2015 = AXIS2_PLACEMENT_3D ( 'NONE', #1573, #1537, #2631 ) ;
#2016 = DIRECTION ( 'NONE',  ( -1.000000000000000000, -3.401418580346680819E-16, 0.000000000000000000 ) ) ;
#2017 = DIRECTION ( 'NONE',  ( 1.000000000000000000, 3.401418580346680819E-16, -0.000000000000000000 ) ) ;
#2018 = CARTESIAN_POINT ( 'NONE',  ( -47.55000002927648239, -6.807055369172433146, -147.4999999999999716 ) ) ;
#2019 = CARTESIAN_POINT ( 'NONE',  ( -47.84289324808993626, -6.514162150358978387, -24.23067382164290251 ) ) ;
#2020 = ORIENTED_EDGE ( 'NONE', *, *, #812, .F. ) ;
#2021 = LINE ( 'NONE', #3062, #1206 ) ;
#2022 = ORIENTED_EDGE ( 'NONE', *, *, #2865, .F. ) ;
#2023 = EDGE_CURVE ( 'NONE', #2536, #1592, #32, .T. ) ;
#2024 = VECTOR ( 'NONE', #1323, 1000.000000000000114 ) ;
#2025 = ORIENTED_EDGE ( 'NONE', *, *, #943, .F. ) ;
#2026 = CARTESIAN_POINT ( 'NONE',  ( 56.29999999999999716, 23.12000000000000099, -147.4999999999999716 ) ) ;
#2027 = LINE ( 'NONE', #144, #1333 ) ;
#2028 = ORIENTED_EDGE ( 'NONE', *, *, #2305, .T. ) ;
#2029 = VECTOR ( 'NONE', #2278, 1000.000000000000000 ) ;
#2030 = EDGE_CURVE ( 'NONE', #3158, #1230, #3332, .T. ) ;
#2031 = DIRECTION ( 'NONE',  ( 0.000000000000000000, 0.000000000000000000, 1.000000000000000000 ) ) ;
#2032 = VECTOR ( 'NONE', #2321, 1000.000000000000000 ) ;
#2033 = DIRECTION ( 'NONE',  ( 0.000000000000000000, 0.9999999999999962252, -8.742277700010815529E-08 ) ) ;
#2034 = VERTEX_POINT ( 'NONE', #48 ) ;
#2035 = AXIS2_PLACEMENT_3D ( 'NONE', #622, #3131, #3359 ) ;
#2036 = CARTESIAN_POINT ( 'NONE',  ( -47.42500000000000426, -33.37999999999999545, 30.00000000000000000 ) ) ;
#2037 = DIRECTION ( 'NONE',  ( 1.786290745155050262E-16, 8.742277700000010565E-08, 0.9999999999999963363 ) ) ;
#2038 = DIRECTION ( 'NONE',  ( 0.7071067811865474617, -0.7071067811865474617, 0.000000000000000000 ) ) ;
#2039 = PLANE ( 'NONE',  #1160 ) ;
#2040 = CIRCLE ( 'NONE', #3244, 1.250000000000001110 ) ;
#2041 = CARTESIAN_POINT ( 'NONE',  ( 18.47370496504630211, 18.47370496504643711, -147.4999999999999716 ) ) ;
#2042 = CIRCLE ( 'NONE', #3304, 1.250000000000001110 ) ;
#2043 = ORIENTED_EDGE ( 'NONE', *, *, #2221, .T. ) ;
#2044 = VECTOR ( 'NONE', #1253, 1000.000000000000000 ) ;
#2045 = VERTEX_POINT ( 'NONE', #3267 ) ;
#2046 = CARTESIAN_POINT ( 'NONE',  ( -45.45342712474620583, 6.020000000000003126, -24.23067382164290251 ) ) ;
#2047 = DIRECTION ( 'NONE',  ( 0.000000000000000000, 0.000000000000000000, 1.000000000000000000 ) ) ;
#2048 = EDGE_CURVE ( 'NONE', #2451, #1749, #1735, .T. ) ;
#2049 = VERTEX_POINT ( 'NONE', #633 ) ;
#2050 = CARTESIAN_POINT ( 'NONE',  ( 54.07500000000000284, -24.89554530818375611, -144.5000006078828676 ) ) ;
#2051 = CARTESIAN_POINT ( 'NONE',  ( 51.07500000000000284, 0.02000000000000265454, -27.68512727847023669 ) ) ;
#2052 = EDGE_CURVE ( 'NONE', #88, #1636, #891, .T. ) ;
#2053 = VERTEX_POINT ( 'NONE', #3386 ) ;
#2054 = CARTESIAN_POINT ( 'NONE',  ( -53.41499999999999204, -5.658199262354549397, -7.000000000000004441 ) ) ;
#2055 = DIRECTION ( 'NONE',  ( 1.000000000000000000, 0.000000000000000000, 0.000000000000000000 ) ) ;
#2056 = CARTESIAN_POINT ( 'NONE',  ( 51.07500000000000284, -5.658199262354549397, -5.000000000000004441 ) ) ;
#2057 = CARTESIAN_POINT ( 'NONE',  ( -38.07283207862852947, -31.88000000000291934, -147.4999999999999716 ) ) ;
#2058 = ADVANCED_FACE ( 'NONE', ( #1486 ), #1771, .F. ) ;
#2059 = EDGE_CURVE ( 'NONE', #2077, #3224, #529, .T. ) ;
#2060 = DIRECTION ( 'NONE',  ( 0.000000000000000000, 0.000000000000000000, -1.000000000000000000 ) ) ;
#2061 = ORIENTED_EDGE ( 'NONE', *, *, #2913, .T. ) ;
#2062 = VERTEX_POINT ( 'NONE', #1233 ) ;
#2063 = FACE_OUTER_BOUND ( 'NONE', #1578, .T. ) ;
#2064 = CARTESIAN_POINT ( 'NONE',  ( -41.48000311279299979, -27.37620075701866540, -144.5000000514689873 ) ) ;
#2065 = ORIENTED_EDGE ( 'NONE', *, *, #654, .F. ) ;
#2066 = ORIENTED_EDGE ( 'NONE', *, *, #744, .T. ) ;
#2067 = CARTESIAN_POINT ( 'NONE',  ( -54.42499999999999716, -28.88000000000000966, 18.00000000000000000 ) ) ;
#2068 = EDGE_LOOP ( 'NONE', ( #2622, #1424, #2541, #176 ) ) ;
#2069 = CARTESIAN_POINT ( 'NONE',  ( -47.84289324808993626, -6.514162150358978387, -147.4999999999999716 ) ) ;
#2070 = DIRECTION ( 'NONE',  ( 0.000000000000000000, 0.000000000000000000, -1.000000000000000000 ) ) ;
#2071 = EDGE_CURVE ( 'NONE', #1786, #1499, #393, .T. ) ;
#2072 = DIRECTION ( 'NONE',  ( 1.437799807424019903E-09, 1.000000000000000000, 0.000000000000000000 ) ) ;
#2073 = LINE ( 'NONE', #2158, #3229 ) ;
#2074 = ADVANCED_FACE ( 'NONE', ( #926 ), #2009, .T. ) ;
#2075 = AXIS2_PLACEMENT_3D ( 'NONE', #3530, #1391, #1071 ) ;
#2076 = CARTESIAN_POINT ( 'NONE',  ( 58.29283101375674647, 16.31999999999997542, -144.0999999999999375 ) ) ;
#2077 = VERTEX_POINT ( 'NONE', #1180 ) ;
#2078 = ORIENTED_EDGE ( 'NONE', *, *, #1961, .F. ) ;
#2079 = CARTESIAN_POINT ( 'NONE',  ( -53.41499999999999915, 21.91999999999999460, -145.5000024465209378 ) ) ;
#2080 = DIRECTION ( 'NONE',  ( -0.000000000000000000, -0.000000000000000000, 1.000000000000000000 ) ) ;
#2081 = ORIENTED_EDGE ( 'NONE', *, *, #3557, .T. ) ;
#2082 = ORIENTED_EDGE ( 'NONE', *, *, #2704, .F. ) ;
#2083 = DIRECTION ( 'NONE',  ( 0.7071067811865463515, 0.7071067811865487940, 0.000000000000000000 ) ) ;
#2084 = VECTOR ( 'NONE', #589, 1000.000000000000000 ) ;
#2085 = ORIENTED_EDGE ( 'NONE', *, *, #2884, .T. ) ;
#2086 = VECTOR ( 'NONE', #2492, 1000.000000000000000 ) ;
#2087 = CARTESIAN_POINT ( 'NONE',  ( 57.04283101375673226, -18.67999999999999972, -144.0999999999999375 ) ) ;
#2088 = FACE_OUTER_BOUND ( 'NONE', #954, .T. ) ;
#2089 = PLANE ( 'NONE',  #2902 ) ;
#2090 = EDGE_CURVE ( 'NONE', #1137, #1015, #2027, .T. ) ;
#2091 = CARTESIAN_POINT ( 'NONE',  ( -42.62500530085082318, 20.86246079321645652, -145.5000042686267534 ) ) ;
#2092 = VECTOR ( 'NONE', #2389, 1000.000000000000000 ) ;
#2093 = DIRECTION ( 'NONE',  ( 1.000000000000000000, 0.000000000000000000, 0.000000000000000000 ) ) ;
#2094 = ADVANCED_FACE ( 'NONE', ( #1503 ), #3103, .F. ) ;
#2095 = ORIENTED_EDGE ( 'NONE', *, *, #884, .T. ) ;
#2096 = VECTOR ( 'NONE', #970, 1000.000000000000114 ) ;
#2097 = ORIENTED_EDGE ( 'NONE', *, *, #1273, .F. ) ;
#2098 = AXIS2_PLACEMENT_3D ( 'NONE', #2952, #205, #853 ) ;
#2099 = CARTESIAN_POINT ( 'NONE',  ( -53.41499999999999915, 27.02000000000000313, -5.094744111674404330 ) ) ;
#2100 = CARTESIAN_POINT ( 'NONE',  ( -53.16500000000000625, 27.02000000000000313, 23.00000000000000000 ) ) ;
#2101 = ORIENTED_EDGE ( 'NONE', *, *, #3423, .F. ) ;
#2102 = VECTOR ( 'NONE', #2456, 1000.000000000000000 ) ;
#2103 = EDGE_LOOP ( 'NONE', ( #648, #1601, #1268, #2395 ) ) ;
#2104 = DIRECTION ( 'NONE',  ( -1.000000000000000000, 0.000000000000000000, 0.000000000000000000 ) ) ;
#2105 = ORIENTED_EDGE ( 'NONE', *, *, #3451, .T. ) ;
#2106 = CARTESIAN_POINT ( 'NONE',  ( -48.95000000000000995, -4.992841836075816886, -145.5000020082844117 ) ) ;
#2107 = CARTESIAN_POINT ( 'NONE',  ( -50.62499999999999289, 27.02000000000000313, -145.5000024465209378 ) ) ;
#2108 = FACE_OUTER_BOUND ( 'NONE', #1720, .T. ) ;
#2109 = DIRECTION ( 'NONE',  ( 1.000000000000000000, -1.678460117211276297E-10, 0.000000000000000000 ) ) ;
#2110 = EDGE_CURVE ( 'NONE', #2755, #377, #2579, .T. ) ;
#2111 = PLANE ( 'NONE',  #46 ) ;
#2112 = VERTEX_POINT ( 'NONE', #106 ) ;
#2113 = VERTEX_POINT ( 'NONE', #2834 ) ;
#2114 = APPLICATION_CONTEXT ( 'automotive_design' ) ;
#2115 = EDGE_CURVE ( 'NONE', #15, #3108, #1470, .T. ) ;
#2116 = LINE ( 'NONE', #3455, #1262 ) ;
#2117 = CARTESIAN_POINT ( 'NONE',  ( -45.95061343523000374, -28.88061343523699875, -147.4999999999999716 ) ) ;
#2118 = EDGE_LOOP ( 'NONE', ( #2256, #246, #3305, #2238, #1291 ) ) ;
#2119 = ORIENTED_EDGE ( 'NONE', *, *, #3318, .T. ) ;
#2120 = EDGE_CURVE ( 'NONE', #2345, #1060, #3287, .T. ) ;
#2121 = CARTESIAN_POINT ( 'NONE',  ( 59.54283101375675358, 16.31999999999997542, -144.0999999999999375 ) ) ;
#2122 = VERTEX_POINT ( 'NONE', #2312 ) ;
#2123 = DIRECTION ( 'NONE',  ( -0.000000000000000000, 1.000000000000000000, -0.000000000000000000 ) ) ;
#2124 = CYLINDRICAL_SURFACE ( 'NONE', #1976, 3.249386625085060043 ) ;
#2125 = DIRECTION ( 'NONE',  ( -3.195525844883575493E-10, -1.000000000000000000, 0.000000000000000000 ) ) ;
#2126 = DIRECTION ( 'NONE',  ( 2.364136116440253638E-39, -0.9999999999999961142, 8.742277700000010565E-08 ) ) ;
#2127 = PLANE ( 'NONE',  #1957 ) ;
#2128 = ORIENTED_EDGE ( 'NONE', *, *, #2030, .F. ) ;
#2129 = CIRCLE ( 'NONE', #2015, 1.000000000000001110 ) ;
#2130 = ORIENTED_EDGE ( 'NONE', *, *, #316, .T. ) ;
#2131 = DIRECTION ( 'NONE',  ( 0.000000000000000000, 0.000000000000000000, 1.000000000000000000 ) ) ;
#2132 = DIRECTION ( 'NONE',  ( 1.000000000000000000, 0.000000000000000000, 0.000000000000000000 ) ) ;
#2133 = AXIS2_PLACEMENT_3D ( 'NONE', #321, #2833, #70 ) ;
#2134 = ORIENTED_EDGE ( 'NONE', *, *, #2368, .F. ) ;
#2135 = EDGE_CURVE ( 'NONE', #743, #2912, #3370, .T. ) ;
#2136 = VECTOR ( 'NONE', #670, 1000.000000000000114 ) ;
#2137 = ORIENTED_EDGE ( 'NONE', *, *, #448, .T. ) ;
#2138 = DIRECTION ( 'NONE',  ( -1.000000000000000000, 0.000000000000000000, 0.000000000000000000 ) ) ;
#2139 = PLANE ( 'NONE',  #1218 ) ;
#2140 = VERTEX_POINT ( 'NONE', #1196 ) ;
#2141 = EDGE_CURVE ( 'NONE', #2295, #1897, #2333, .T. ) ;
#2142 = CARTESIAN_POINT ( 'NONE',  ( 53.07500000000000284, -6.979999999999997762, -5.267949192431142791 ) ) ;
#2143 = CYLINDRICAL_SURFACE ( 'NONE', #1581, 2.999999999999999112 ) ;
#2144 = AXIS2_PLACEMENT_3D ( 'NONE', #2596, #907, #356 ) ;
#2145 = DIRECTION ( 'NONE',  ( 9.856383386231860060E-17, -1.000000000000000000, 0.000000000000000000 ) ) ;
#2146 = VECTOR ( 'NONE', #1369, 1000.000000000000000 ) ;
#2147 = DIRECTION ( 'NONE',  ( 0.000000000000000000, 1.000000000000000000, 0.000000000000000000 ) ) ;
#2148 = ORIENTED_EDGE ( 'NONE', *, *, #1540, .F. ) ;
#2149 = VECTOR ( 'NONE', #2495, 1000.000000000000114 ) ;
#2150 = PLANE ( 'NONE',  #656 ) ;
#2151 = LINE ( 'NONE', #2484, #569 ) ;
#2152 = CARTESIAN_POINT ( 'NONE',  ( -45.95231832797000493, 23.12231832797399633, -147.4999999999999716 ) ) ;
#2153 = VECTOR ( 'NONE', #1794, 1000.000000000000000 ) ;
#2154 = ORIENTED_EDGE ( 'NONE', *, *, #3302, .F. ) ;
#2155 = AXIS2_PLACEMENT_3D ( 'NONE', #513, #1620, #1275 ) ;
#2156 = ORIENTED_EDGE ( 'NONE', *, *, #2030, .T. ) ;
#2157 = DIRECTION ( 'NONE',  ( -0.000000000000000000, 0.000000000000000000, -1.000000000000000000 ) ) ;
#2158 = CARTESIAN_POINT ( 'NONE',  ( 5.100006971540176792, -219.0019874186044717, -147.4999999999999716 ) ) ;
#2159 = EDGE_CURVE ( 'NONE', #21, #3337, #3422, .T. ) ;
#2160 = VECTOR ( 'NONE', #3288, 1000.000000000000000 ) ;
#2161 = VERTEX_POINT ( 'NONE', #1788 ) ;
#2162 = CARTESIAN_POINT ( 'NONE',  ( -49.19999992523469245, 23.11980665664884782, -147.4999999999999716 ) ) ;
#2163 = DIRECTION ( 'NONE',  ( -1.786290745155050262E-16, -8.742277700000010565E-08, -0.9999999999999963363 ) ) ;
#2164 = EDGE_CURVE ( 'NONE', #2575, #917, #2617, .T. ) ;
#2165 = LINE ( 'NONE', #1329, #3008 ) ;
#2166 = EDGE_CURVE ( 'NONE', #450, #743, #616, .T. ) ;
#2167 = DIRECTION ( 'NONE',  ( 0.000000000000000000, 0.000000000000000000, 1.000000000000000000 ) ) ;
#2168 = ORIENTED_EDGE ( 'NONE', *, *, #1390, .T. ) ;
#2169 = ORIENTED_EDGE ( 'NONE', *, *, #1978, .F. ) ;
#2170 = DIRECTION ( 'NONE',  ( 3.143578716115349361E-16, -1.000000000000000000, 0.000000000000000000 ) ) ;
#2171 = PLANE ( 'NONE',  #1496 ) ;
#2172 = FACE_OUTER_BOUND ( 'NONE', #252, .T. ) ;
#2173 = ORIENTED_EDGE ( 'NONE', *, *, #208, .F. ) ;
#2174 = VERTEX_POINT ( 'NONE', #71 ) ;
#2175 = CARTESIAN_POINT ( 'NONE',  ( -42.62499999999999289, 9.262640687119279903, -145.5000032545382282 ) ) ;
#2176 = LINE ( 'NONE', #665, #1102 ) ;
#2177 = ORIENTED_EDGE ( 'NONE', *, *, #2597, .F. ) ;
#2178 = CARTESIAN_POINT ( 'NONE',  ( -47.55000006272646829, -28.88061343523699875, -24.23067382164290251 ) ) ;
#2179 = CARTESIAN_POINT ( 'NONE',  ( 58.29283101375673937, -18.67999999999999972, -144.0999999999999375 ) ) ;
#2180 = ADVANCED_FACE ( 'NONE', ( #2979, #3227, #505, #1806, #1017, #2910 ), #738, .T. ) ;
#2181 = CARTESIAN_POINT ( 'NONE',  ( -45.45343242559697927, 6.019994699149232353, -145.5000029710571425 ) ) ;
#2182 = DIRECTION ( 'NONE',  ( 1.000000000000000000, 4.336808689942013792E-16, -9.519426392467292479E-32 ) ) ;
#2183 = ORIENTED_EDGE ( 'NONE', *, *, #146, .F. ) ;
#2184 = EDGE_CURVE ( 'NONE', #3113, #486, #704, .T. ) ;
#2185 = PLANE ( 'NONE',  #2326 ) ;
#2186 = CARTESIAN_POINT ( 'NONE',  ( 53.07500000000000284, -140.2439257252479763, -145.5000024465209378 ) ) ;
#2187 = DIRECTION ( 'NONE',  ( -1.000000000000000000, 0.000000000000000000, 0.000000000000000000 ) ) ;
#2188 = EDGE_LOOP ( 'NONE', ( #236, #1768, #3228, #2271 ) ) ;
#2189 = CIRCLE ( 'NONE', #451, 1.250000000000007994 ) ;
#2190 = ORIENTED_EDGE ( 'NONE', *, *, #992, .F. ) ;
#2191 = DIRECTION ( 'NONE',  ( 1.000000000000000000, 0.000000000000000000, 0.000000000000000000 ) ) ;
#2192 = VERTEX_POINT ( 'NONE', #723 ) ;
#2193 = DIRECTION ( 'NONE',  ( -3.401418580346680819E-16, 1.000000000000000000, 0.000000000000000000 ) ) ;
#2194 = DIRECTION ( 'NONE',  ( 0.000000000000000000, -0.9999999999999963363, 8.742276347284415392E-08 ) ) ;
#2195 = CARTESIAN_POINT ( 'NONE',  ( 53.07500000000000284, -6.979999999999997762, -147.4999999999999716 ) ) ;
#2196 = CIRCLE ( 'NONE', #3173, 1.000000000000000888 ) ;
#2197 = LINE ( 'NONE', #261, #177 ) ;
#2198 = DIRECTION ( 'NONE',  ( 0.000000000000000000, 0.000000000000000000, 1.000000000000000000 ) ) ;
#2199 = EDGE_CURVE ( 'NONE', #1820, #1194, #3058, .T. ) ;
#2200 = AXIS2_PLACEMENT_3D ( 'NONE', #1052, #1574, #2132 ) ;
#2201 = VERTEX_POINT ( 'NONE', #2962 ) ;
#2202 = CIRCLE ( 'NONE', #2949, 2.000000000000000000 ) ;
#2203 = LINE ( 'NONE', #832, #514 ) ;
#2204 = LINE ( 'NONE', #1894, #3460 ) ;
#2205 = EDGE_CURVE ( 'NONE', #1252, #1555, #1554, .T. ) ;
#2206 = ORIENTED_EDGE ( 'NONE', *, *, #792, .T. ) ;
#2207 = AXIS2_PLACEMENT_3D ( 'NONE', #2843, #692, #401 ) ;
#2208 = EDGE_LOOP ( 'NONE', ( #1172, #1710, #1853, #3457 ) ) ;
#2209 = VECTOR ( 'NONE', #2916, 1000.000000000000000 ) ;
#2210 = CARTESIAN_POINT ( 'NONE',  ( 54.07500000000000284, 0.000000000000000000, -89.33679033377740097 ) ) ;
#2211 = SURFACE_STYLE_FILL_AREA ( #695 ) ;
#2212 = ORIENTED_EDGE ( 'NONE', *, *, #256, .F. ) ;
#2213 = VECTOR ( 'NONE', #1257, 1000.000000000000000 ) ;
#2214 = LINE ( 'NONE', #2714, #2837 ) ;
#2215 = CARTESIAN_POINT ( 'NONE',  ( 54.07499999999999574, 3.247658427167242845, -147.4999999999999716 ) ) ;
#2216 = DIRECTION ( 'NONE',  ( 0.000000000000000000, 0.000000000000000000, 1.000000000000000000 ) ) ;
#2217 = VECTOR ( 'NONE', #1982, 1000.000000000000000 ) ;
#2218 = FACE_OUTER_BOUND ( 'NONE', #549, .T. ) ;
#2219 = LINE ( 'NONE', #3292, #1325 ) ;
#2220 = ORIENTED_EDGE ( 'NONE', *, *, #195, .T. ) ;
#2221 = EDGE_CURVE ( 'NONE', #2912, #1752, #3006, .T. ) ;
#2222 = DIRECTION ( 'NONE',  ( -1.000000000000000000, 0.000000000000000000, 0.000000000000000000 ) ) ;
#2223 = ORIENTED_EDGE ( 'NONE', *, *, #584, .T. ) ;
#2224 = EDGE_CURVE ( 'NONE', #380, #391, #198, .T. ) ;
#2225 = ORIENTED_EDGE ( 'NONE', *, *, #2090, .F. ) ;
#2226 = CARTESIAN_POINT ( 'NONE',  ( 53.07499999999999574, 27.02000000000000313, 30.00000000000000000 ) ) ;
#2227 = DIRECTION ( 'NONE',  ( -0.000000000000000000, -0.000000000000000000, -1.000000000000000000 ) ) ;
#2228 = ORIENTED_EDGE ( 'NONE', *, *, #3233, .T. ) ;
#2229 = EDGE_CURVE ( 'NONE', #1407, #257, #2942, .T. ) ;
#2230 = LINE ( 'NONE', #822, #1747 ) ;
#2231 = DIRECTION ( 'NONE',  ( 1.000000000000000000, 0.000000000000000000, 0.000000000000000000 ) ) ;
#2232 = CARTESIAN_POINT ( 'NONE',  ( -59.89500000000000313, -18.67999999999999972, -149.0999999999999659 ) ) ;
#2233 = DIRECTION ( 'NONE',  ( 1.000000000000000000, 1.303201033694662163E-16, 0.000000000000000000 ) ) ;
#2234 = DIRECTION ( 'NONE',  ( 0.000000000000000000, 0.000000000000000000, 1.000000000000000000 ) ) ;
#2235 = VERTEX_POINT ( 'NONE', #3211 ) ;
#2236 = CARTESIAN_POINT ( 'NONE',  ( -50.62499999999999289, 27.02000000000000313, -145.5000024465209378 ) ) ;
#2237 = EDGE_CURVE ( 'NONE', #464, #1880, #212, .T. ) ;
#2238 = ORIENTED_EDGE ( 'NONE', *, *, #3233, .F. ) ;
#2239 = ORIENTED_EDGE ( 'NONE', *, *, #453, .F. ) ;
#2240 = DIRECTION ( 'NONE',  ( -4.336808689942013792E-16, 1.000000000000000000, 0.000000000000000000 ) ) ;
#2241 = DIRECTION ( 'NONE',  ( 0.7071067811865510144, 0.7071067811865441310, 0.000000000000000000 ) ) ;
#2242 = EDGE_CURVE ( 'NONE', #2709, #1239, #2632, .T. ) ;
#2243 = ORIENTED_EDGE ( 'NONE', *, *, #3447, .T. ) ;
#2244 = VECTOR ( 'NONE', #647, 1000.000000000000000 ) ;
#2245 = DIRECTION ( 'NONE',  ( -0.000000000000000000, -0.000000000000000000, -1.000000000000000000 ) ) ;
#2246 = DIRECTION ( 'NONE',  ( 0.000000000000000000, 0.000000000000000000, 1.000000000000000000 ) ) ;
#2247 = EDGE_CURVE ( 'NONE', #3120, #1513, #2363, .T. ) ;
#2248 = VECTOR ( 'NONE', #3135, 1000.000000000000000 ) ;
#2249 = DIRECTION ( 'NONE',  ( -0.000000000000000000, -0.000000000000000000, 1.000000000000000000 ) ) ;
#2250 = CARTESIAN_POINT ( 'NONE',  ( 53.04890579710099985, -28.87890579710099814, -147.4999999999999716 ) ) ;
#2251 = CARTESIAN_POINT ( 'NONE',  ( 18.47370737630696524, 18.47370255378577752, -144.5000040597948896 ) ) ;
#2252 = CARTESIAN_POINT ( 'NONE',  ( -58.64499999999998892, 16.32000000000000384, -149.0999999999999659 ) ) ;
#2253 = ORIENTED_EDGE ( 'NONE', *, *, #850, .F. ) ;
#2254 = CARTESIAN_POINT ( 'NONE',  ( -45.86764068711929809, 6.020000000000003126, -147.4999999999999716 ) ) ;
#2255 = VECTOR ( 'NONE', #3068, 1000.000000000000000 ) ;
#2256 = ORIENTED_EDGE ( 'NONE', *, *, #3400, .F. ) ;
#2257 = DIRECTION ( 'NONE',  ( 0.000000000000000000, -1.000000000000000000, 0.000000000000000000 ) ) ;
#2258 = DIRECTION ( 'NONE',  ( -0.000000000000000000, -0.000000000000000000, 1.000000000000000000 ) ) ;
#2259 = ORIENTED_EDGE ( 'NONE', *, *, #1807, .T. ) ;
#2260 = CIRCLE ( 'NONE', #6, 11.00000000000000355 ) ;
#2261 = DIRECTION ( 'NONE',  ( 0.000000000000000000, 0.000000000000000000, 1.000000000000000000 ) ) ;
#2262 = EDGE_CURVE ( 'NONE', #1003, #3250, #1249, .T. ) ;
#2263 = DIRECTION ( 'NONE',  ( -1.000000000000000000, 0.000000000000000000, 0.000000000000000000 ) ) ;
#2264 = VECTOR ( 'NONE', #1187, 1000.000000000000000 ) ;
#2265 = ORIENTED_EDGE ( 'NONE', *, *, #3302, .T. ) ;
#2266 = DIRECTION ( 'NONE',  ( 0.000000000000000000, 0.000000000000000000, 1.000000000000000000 ) ) ;
#2267 = EDGE_CURVE ( 'NONE', #2049, #1644, #1279, .T. ) ;
#2268 = AXIS2_PLACEMENT_3D ( 'NONE', #804, #3270, #2802 ) ;
#2269 = DIRECTION ( 'NONE',  ( -0.7071067811865486830, 0.7071067811865436870, -6.181723832054947437E-08 ) ) ;
#2270 = DIRECTION ( 'NONE',  ( 0.000000000000000000, 0.000000000000000000, -1.000000000000000000 ) ) ;
#2271 = ORIENTED_EDGE ( 'NONE', *, *, #3447, .F. ) ;
#2272 = AXIS2_PLACEMENT_3D ( 'NONE', #1941, #379, #2263 ) ;
#2273 = ADVANCED_FACE ( 'NONE', ( #3195 ), #3508, .T. ) ;
#2274 = CARTESIAN_POINT ( 'NONE',  ( 51.07500000000000284, -3.688583756330135799, -6.652703644666132732 ) ) ;
#2275 = ORIENTED_EDGE ( 'NONE', *, *, #1259, .T. ) ;
#2276 = ORIENTED_EDGE ( 'NONE', *, *, #1800, .F. ) ;
#2277 = DIRECTION ( 'NONE',  ( -0.000000000000000000, -0.000000000000000000, -1.000000000000000000 ) ) ;
#2278 = DIRECTION ( 'NONE',  ( 0.000000000000000000, 0.000000000000000000, 1.000000000000000000 ) ) ;
#2279 = ORIENTED_EDGE ( 'NONE', *, *, #3060, .F. ) ;
#2280 = DIRECTION ( 'NONE',  ( 1.000000000000000000, 0.000000000000000000, 0.000000000000000000 ) ) ;
#2281 = CARTESIAN_POINT ( 'NONE',  ( -53.41499999999999204, -28.37999999999999545, -145.4999999637140604 ) ) ;
#2282 = ORIENTED_EDGE ( 'NONE', *, *, #3102, .F. ) ;
#2283 = DIRECTION ( 'NONE',  ( 0.000000000000000000, 0.000000000000000000, -1.000000000000000000 ) ) ;
#2284 = DIRECTION ( 'NONE',  ( -1.000000000000000000, 0.000000000000000000, 0.000000000000000000 ) ) ;
#2285 = FACE_OUTER_BOUND ( 'NONE', #1570, .T. ) ;
#2286 = DIRECTION ( 'NONE',  ( -1.000000000000000000, -4.336808689942013792E-16, 0.000000000000000000 ) ) ;
#2287 = EDGE_CURVE ( 'NONE', #3337, #2629, #980, .T. ) ;
#2288 = ORIENTED_EDGE ( 'NONE', *, *, #2446, .T. ) ;
#2289 = CARTESIAN_POINT ( 'NONE',  ( 54.07500000000000284, 0.000000000000000000, -89.33679033377740097 ) ) ;
#2290 = EDGE_CURVE ( 'NONE', #1712, #2345, #1737, .T. ) ;
#2291 = VERTEX_POINT ( 'NONE', #2383 ) ;
#2292 = ORIENTED_EDGE ( 'NONE', *, *, #2115, .T. ) ;
#2293 = CARTESIAN_POINT ( 'NONE',  ( 47.07499999999999574, 34.02000000000000313, -288.7883930123065284 ) ) ;
#2294 = CARTESIAN_POINT ( 'NONE',  ( 53.07499999999999574, -16.12759006990701849, -89.33679033377740097 ) ) ;
#2295 = VERTEX_POINT ( 'NONE', #3476 ) ;
#2296 = LINE ( 'NONE', #602, #244 ) ;
#2297 = CARTESIAN_POINT ( 'NONE',  ( 53.07500000000000284, 0.000000000000000000, -147.4999999999999716 ) ) ;
#2298 = ORIENTED_EDGE ( 'NONE', *, *, #2926, .T. ) ;
#2299 = AXIS2_PLACEMENT_3D ( 'NONE', #11, #1123, #2222 ) ;
#2300 = CARTESIAN_POINT ( 'NONE',  ( -53.41499999999999915, 0.02000000000000178718, -145.5000024465209378 ) ) ;
#2301 = DIRECTION ( 'NONE',  ( 1.786290745155049769E-16, 8.742277700000010565E-08, 0.9999999999999962252 ) ) ;
#2302 = CARTESIAN_POINT ( 'NONE',  ( 57.04283101375674647, 16.31999999999997542, -149.0999999999999659 ) ) ;
#2303 = AXIS2_PLACEMENT_3D ( 'NONE', #3169, #751, #1799 ) ;
#2304 = FACE_OUTER_BOUND ( 'NONE', #2922, .T. ) ;
#2305 = EDGE_CURVE ( 'NONE', #432, #948, #639, .T. ) ;
#2306 = LINE ( 'NONE', #3116, #2244 ) ;
#2307 = ORIENTED_EDGE ( 'NONE', *, *, #2835, .T. ) ;
#2308 = CIRCLE ( 'NONE', #991, 13.99999999999999822 ) ;
#2309 = ORIENTED_EDGE ( 'NONE', *, *, #2690, .F. ) ;
#2310 = EDGE_CURVE ( 'NONE', #3160, #3142, #2414, .T. ) ;
#2311 = FACE_OUTER_BOUND ( 'NONE', #1449, .T. ) ;
#2312 = CARTESIAN_POINT ( 'NONE',  ( -47.55000002927647529, -28.88028632831923659, -147.4999999999999716 ) ) ;
#2313 = PRODUCT_DEFINITION_FORMATION_WITH_SPECIFIED_SOURCE ( 'ä»', '', #2450, .NOT_KNOWN. ) ;
#2314 = ORIENTED_EDGE ( 'NONE', *, *, #1478, .F. ) ;
#2315 = CARTESIAN_POINT ( 'NONE',  ( -48.65710678118654897, -5.699948617262361239, -147.4999999999999716 ) ) ;
#2316 = EDGE_CURVE ( 'NONE', #3059, #2113, #1628, .T. ) ;
#2317 = AXIS2_PLACEMENT_3D ( 'NONE', #750, #1849, #2955 ) ;
#2318 = DIRECTION ( 'NONE',  ( -1.786290745155050262E-16, -8.742277700000010565E-08, -0.9999999999999963363 ) ) ;
#2319 = ORIENTED_EDGE ( 'NONE', *, *, #1699, .F. ) ;
#2320 = VECTOR ( 'NONE', #323, 1000.000000000000000 ) ;
#2321 = DIRECTION ( 'NONE',  ( 0.000000000000000000, -1.000000000000000000, 0.000000000000000000 ) ) ;
#2322 = CARTESIAN_POINT ( 'NONE',  ( -53.16499999999998494, -28.88000000000000966, 27.99999999999999645 ) ) ;
#2323 = PLANE ( 'NONE',  #480 ) ;
#2324 = AXIS2_PLACEMENT_3D ( 'NONE', #272, #240, #2194 ) ;
#2325 = DIRECTION ( 'NONE',  ( 0.000000000000000000, 0.000000000000000000, -1.000000000000000000 ) ) ;
#2326 = AXIS2_PLACEMENT_3D ( 'NONE', #1422, #519, #2977 ) ;
#2327 = DIRECTION ( 'NONE',  ( 0.000000000000000000, 0.000000000000000000, -1.000000000000000000 ) ) ;
#2328 = AXIS2_PLACEMENT_3D ( 'NONE', #2013, #1238, #2033 ) ;
#2329 = ORIENTED_EDGE ( 'NONE', *, *, #3427, .T. ) ;
#2330 = VECTOR ( 'NONE', #1664, 1000.000000000000000 ) ;
#2331 = ORIENTED_EDGE ( 'NONE', *, *, #1717, .F. ) ;
#2332 = CARTESIAN_POINT ( 'NONE',  ( -50.42499999999999716, 27.02000000000000313, -145.5000024465209378 ) ) ;
#2333 = LINE ( 'NONE', #2294, #580 ) ;
#2334 = EDGE_LOOP ( 'NONE', ( #2137, #2505, #1417, #3329, #288 ) ) ;
#2335 = ADVANCED_FACE ( 'NONE', ( #522 ), #3564, .F. ) ;
#2336 = FACE_OUTER_BOUND ( 'NONE', #1861, .T. ) ;
#2337 = FACE_OUTER_BOUND ( 'NONE', #2686, .T. ) ;
#2338 = ORIENTED_EDGE ( 'NONE', *, *, #1895, .T. ) ;
#2339 = EDGE_CURVE ( 'NONE', #3108, #2006, #2480, .T. ) ;
#2340 = DIRECTION ( 'NONE',  ( 0.000000000000000000, 1.000000000000000000, 8.673617379884035472E-16 ) ) ;
#2341 = DIRECTION ( 'NONE',  ( -0.000000000000000000, -0.000000000000000000, 1.000000000000000000 ) ) ;
#2342 = CARTESIAN_POINT ( 'NONE',  ( -54.42499999999999716, -28.88000000000000966, 18.00000000000000000 ) ) ;
#2343 = FACE_OUTER_BOUND ( 'NONE', #1053, .T. ) ;
#2344 = FACE_OUTER_BOUND ( 'NONE', #2943, .T. ) ;
#2345 = VERTEX_POINT ( 'NONE', #1661 ) ;
#2346 = ORIENTED_EDGE ( 'NONE', *, *, #2856, .T. ) ;
#2347 = PLANE ( 'NONE',  #2988 ) ;
#2348 = DIRECTION ( 'NONE',  ( 0.000000000000000000, 0.000000000000000000, -1.000000000000000000 ) ) ;
#2349 = VERTEX_POINT ( 'NONE', #795 ) ;
#2350 = ORIENTED_EDGE ( 'NONE', *, *, #2734, .T. ) ;
#2351 = LINE ( 'NONE', #1862, #2044 ) ;
#2352 = ADVANCED_FACE ( 'NONE', ( #2453 ), #1072, .F. ) ;
#2353 = ORIENTED_EDGE ( 'NONE', *, *, #3096, .T. ) ;
#2354 = CARTESIAN_POINT ( 'NONE',  ( 58.29283101375674647, 16.31999999999997542, -144.0999999999999375 ) ) ;
#2355 = LINE ( 'NONE', #3164, #3015 ) ;
#2356 = DIRECTION ( 'NONE',  ( -0.7071067811865474617, 0.7071067811865474617, -0.000000000000000000 ) ) ;
#2357 = ADVANCED_FACE ( 'NONE', ( #2172 ), #3029, .F. ) ;
#2358 = AXIS2_PLACEMENT_3D ( 'NONE', #264, #250, #3013 ) ;
#2359 = DIRECTION ( 'NONE',  ( -1.000000000000000000, 0.000000000000000000, -0.000000000000000000 ) ) ;
#2360 = ORIENTED_EDGE ( 'NONE', *, *, #1236, .F. ) ;
#2361 = EDGE_LOOP ( 'NONE', ( #122, #2635, #2298, #3399 ) ) ;
#2362 = DIRECTION ( 'NONE',  ( 1.000000000000000000, 0.000000000000000000, 0.000000000000000000 ) ) ;
#2363 = LINE ( 'NONE', #2100, #2369 ) ;
#2364 = ORIENTED_EDGE ( 'NONE', *, *, #949, .F. ) ;
#2365 = VERTEX_POINT ( 'NONE', #1911 ) ;
#2366 = LINE ( 'NONE', #148, #20 ) ;
#2367 = ORIENTED_EDGE ( 'NONE', *, *, #1105, .F. ) ;
#2368 = EDGE_CURVE ( 'NONE', #2803, #87, #2204, .T. ) ;
#2369 = VECTOR ( 'NONE', #780, 1000.000000000000000 ) ;
#2370 = DIRECTION ( 'NONE',  ( -1.000000000000000000, 0.000000000000000000, -0.000000000000000000 ) ) ;
#2371 = DIRECTION ( 'NONE',  ( 0.000000000000000000, 0.000000000000000000, 1.000000000000000000 ) ) ;
#2372 = CARTESIAN_POINT ( 'NONE',  ( -53.41499999999999915, -28.88000000000000966, 27.99999999999999645 ) ) ;
#2373 = ADVANCED_FACE ( 'NONE', ( #2995 ), #282, .T. ) ;
#2374 = CARTESIAN_POINT ( 'NONE',  ( -45.95000000000000284, 26.37000000000000455, -149.0999999999999659 ) ) ;
#2375 = CIRCLE ( 'NONE', #825, 11.00000000000000355 ) ;
#2376 = FACE_OUTER_BOUND ( 'NONE', #873, .T. ) ;
#2377 = ORIENTED_EDGE ( 'NONE', *, *, #1298, .F. ) ;
#2378 = CIRCLE ( 'NONE', #1463, 5.000000000000000888 ) ;
#2379 = EDGE_CURVE ( 'NONE', #2140, #2675, #3291, .T. ) ;
#2380 = ORIENTED_EDGE ( 'NONE', *, *, #81, .F. ) ;
#2381 = VECTOR ( 'NONE', #138, 1000.000000000000000 ) ;
#2382 = CARTESIAN_POINT ( 'NONE',  ( -55.91500000000000625, 27.01427623131943179, 30.00000000000000000 ) ) ;
#2383 = CARTESIAN_POINT ( 'NONE',  ( -45.94999999997536833, 26.37000003450508956, -149.0999999999999659 ) ) ;
#2384 = ORIENTED_EDGE ( 'NONE', *, *, #34, .T. ) ;
#2385 = VECTOR ( 'NONE', #534, 1000.000000000000000 ) ;
#2386 = EDGE_LOOP ( 'NONE', ( #2156, #1055, #2594, #1591 ) ) ;
#2387 = DIRECTION ( 'NONE',  ( 0.000000000000000000, 1.000000000000000000, 0.000000000000000000 ) ) ;
#2388 = ORIENTED_EDGE ( 'NONE', *, *, #1164, .F. ) ;
#2389 = DIRECTION ( 'NONE',  ( 0.000000000000000000, 0.000000000000000000, -1.000000000000000000 ) ) ;
#2390 = LINE ( 'NONE', #3430, #2213 ) ;
#2391 = DIRECTION ( 'NONE',  ( -1.000000000000000000, 3.195525844883575493E-10, 0.000000000000000000 ) ) ;
#2392 = CARTESIAN_POINT ( 'NONE',  ( 53.07500000000000995, 27.02000000000000313, -5.094744111674494036 ) ) ;
#2393 = DIRECTION ( 'NONE',  ( -1.000000000000000000, 0.000000000000000000, 0.000000000000000000 ) ) ;
#2394 = EDGE_CURVE ( 'NONE', #1197, #2161, #265, .T. ) ;
#2395 = ORIENTED_EDGE ( 'NONE', *, *, #1214, .T. ) ;
#2396 = VERTEX_POINT ( 'NONE', #2742 ) ;
#2397 = CARTESIAN_POINT ( 'NONE',  ( 53.07500000000000284, -3.688583756330137131, -6.652703644666125626 ) ) ;
#2398 = DIRECTION ( 'NONE',  ( -1.000000000000000000, 0.000000000000000000, 0.000000000000000000 ) ) ;
#2399 = EDGE_CURVE ( 'NONE', #2958, #3002, #229, .T. ) ;
#2400 = VERTEX_POINT ( 'NONE', #716 ) ;
#2401 = ORIENTED_EDGE ( 'NONE', *, *, #61, .T. ) ;
#2402 = CARTESIAN_POINT ( 'NONE',  ( -53.41499999999999915, -7.979999999999997762, 17.99999999999998934 ) ) ;
#2403 = CARTESIAN_POINT ( 'NONE',  ( 54.07500000000000284, 11.01511394010297096, -89.33679033377740097 ) ) ;
#2404 = ORIENTED_EDGE ( 'NONE', *, *, #3022, .F. ) ;
#2405 = DIRECTION ( 'NONE',  ( 0.000000000000000000, -1.000000000000000000, 0.000000000000000000 ) ) ;
#2406 = APPLICATION_PROTOCOL_DEFINITION ( 'draft international standard', 'automotive_design', 1998, #445 ) ;
#2407 = DIRECTION ( 'NONE',  ( 0.000000000000000000, 0.000000000000000000, 1.000000000000000000 ) ) ;
#2408 = DIRECTION ( 'NONE',  ( 0.000000000000000000, 0.000000000000000000, 1.000000000000000000 ) ) ;
#2409 = FACE_OUTER_BOUND ( 'NONE', #3383, .T. ) ;
#2410 = ORIENTED_EDGE ( 'NONE', *, *, #29, .T. ) ;
#2411 = ADVANCED_FACE ( 'NONE', ( #499 ), #1011, .T. ) ;
#2412 = DIRECTION ( 'NONE',  ( -0.000000000000000000, -0.000000000000000000, 1.000000000000000000 ) ) ;
#2413 = DIRECTION ( 'NONE',  ( -0.7071067811865450192, -0.7071067811865500152, 0.000000000000000000 ) ) ;
#2414 = LINE ( 'NONE', #3492, #3115 ) ;
#2415 = AXIS2_PLACEMENT_3D ( 'NONE', #1068, #790, #1888 ) ;
#2416 = ORIENTED_EDGE ( 'NONE', *, *, #1303, .F. ) ;
#2417 = EDGE_CURVE ( 'NONE', #2201, #1168, #874, .T. ) ;
#2418 = ORIENTED_EDGE ( 'NONE', *, *, #3172, .T. ) ;
#2419 = CARTESIAN_POINT ( 'NONE',  ( -47.95000000000000995, -4.992841836075812445, -147.4999999999999716 ) ) ;
#2420 = DIRECTION ( 'NONE',  ( -0.000000000000000000, -0.000000000000000000, 1.000000000000000000 ) ) ;
#2421 = ORIENTED_EDGE ( 'NONE', *, *, #3017, .F. ) ;
#2422 = EDGE_CURVE ( 'NONE', #1006, #2669, #1166, .T. ) ;
#2423 = DIRECTION ( 'NONE',  ( -1.000000000000000000, -0.000000000000000000, -0.000000000000000000 ) ) ;
#2424 = CARTESIAN_POINT ( 'NONE',  ( -54.42499999999999716, 27.02000000000000313, 18.00000000000000000 ) ) ;
#2425 = DIRECTION ( 'NONE',  ( 0.000000000000000000, -0.1736481776669348276, 0.9848077530122072432 ) ) ;
#2426 = AXIS2_PLACEMENT_3D ( 'NONE', #1128, #2227, #3568 ) ;
#2427 = CARTESIAN_POINT ( 'NONE',  ( 53.04890579710099985, -28.87890579710099814, -149.0999999999999659 ) ) ;
#2428 = AXIS2_PLACEMENT_3D ( 'NONE', #993, #1354, #3189 ) ;
#2429 = DIRECTION ( 'NONE',  ( 0.000000000000000000, 0.1736481776669348553, -0.9848077530122072432 ) ) ;
#2430 = VERTEX_POINT ( 'NONE', #3484 ) ;
#2431 = AXIS2_PLACEMENT_3D ( 'NONE', #1995, #397, #2261 ) ;
#2432 = CARTESIAN_POINT ( 'NONE',  ( -45.95061343523000374, -28.88061343523699875, -24.23067382164290251 ) ) ;
#2433 = CYLINDRICAL_SURFACE ( 'NONE', #2643, 1.250000000000001110 ) ;
#2434 = DIRECTION ( 'NONE',  ( -0.000000000000000000, -0.000000000000000000, -1.000000000000000000 ) ) ;
#2435 = ORIENTED_EDGE ( 'NONE', *, *, #1320, .F. ) ;
#2436 = AXIS2_PLACEMENT_3D ( 'NONE', #1243, #1222, #2038 ) ;
#2437 = VERTEX_POINT ( 'NONE', #2392 ) ;
#2438 = CARTESIAN_POINT ( 'NONE',  ( -50.62499999999999289, 26.35012701892217279, -7.594744111674441633 ) ) ;
#2439 = LINE ( 'NONE', #2880, #1331 ) ;
#2440 = EDGE_CURVE ( 'NONE', #1901, #965, #1913, .T. ) ;
#2441 = AXIS2_PLACEMENT_3D ( 'NONE', #560, #1396, #2491 ) ;
#2442 = ORIENTED_EDGE ( 'NONE', *, *, #2141, .F. ) ;
#2443 = CARTESIAN_POINT ( 'NONE',  ( 58.07500000000000284, 20.02000000000000668, 30.00000000000000000 ) ) ;
#2444 = DIRECTION ( 'NONE',  ( 0.000000000000000000, 0.000000000000000000, 1.000000000000000000 ) ) ;
#2445 = DIRECTION ( 'NONE',  ( 0.000000000000000000, 0.000000000000000000, -1.000000000000000000 ) ) ;
#2446 = EDGE_CURVE ( 'NONE', #2291, #2400, #1026, .T. ) ;
#2447 = DIRECTION ( 'NONE',  ( -0.000000000000000000, -0.000000000000000000, -1.000000000000000000 ) ) ;
#2448 = LINE ( 'NONE', #3544, #3503 ) ;
#2449 = EDGE_LOOP ( 'NONE', ( #1436, #3209, #2938, #1313 ) ) ;
#2450 = PRODUCT ( '\X2\591658f3\X0\_\X2\4e3b4f53\X0\', '\X2\591658f3\X0\_\X2\4e3b4f53\X0\', '', ( #2750 ) ) ;
#2451 = VERTEX_POINT ( 'NONE', #2662 ) ;
#2452 = FACE_OUTER_BOUND ( 'NONE', #2118, .T. ) ;
#2453 = FACE_OUTER_BOUND ( 'NONE', #1029, .T. ) ;
#2454 = ORIENTED_EDGE ( 'NONE', *, *, #2237, .F. ) ;
#2455 = ORIENTED_EDGE ( 'NONE', *, *, #903, .F. ) ;
#2456 = DIRECTION ( 'NONE',  ( -3.469446951953614189E-16, 0.000000000000000000, 1.000000000000000000 ) ) ;
#2457 = CARTESIAN_POINT ( 'NONE',  ( 50.28500000000000369, 21.92000000000004789, -16.60769515458676437 ) ) ;
#2458 = ORIENTED_EDGE ( 'NONE', *, *, #1674, .F. ) ;
#2459 = DIRECTION ( 'NONE',  ( -1.000000000000000000, 0.000000000000000000, 0.000000000000000000 ) ) ;
#2460 = EDGE_CURVE ( 'NONE', #2501, #2871, #2202, .T. ) ;
#2461 = CARTESIAN_POINT ( 'NONE',  ( -47.42500000000000426, -22.37999999999999545, -149.0999999999999659 ) ) ;
#2462 = CARTESIAN_POINT ( 'NONE',  ( -58.64499999999999602, -18.67999999999999972, -144.0999999999999375 ) ) ;
#2463 = EDGE_CURVE ( 'NONE', #486, #2692, #2165, .T. ) ;
#2464 = CARTESIAN_POINT ( 'NONE',  ( -45.86764068711929809, 7.020000000000003126, -147.4999999999999716 ) ) ;
#2465 = ORIENTED_EDGE ( 'NONE', *, *, #3379, .F. ) ;
#2466 = CARTESIAN_POINT ( 'NONE',  ( -49.19999992523469245, 23.11980665664884782, -149.0999999999999659 ) ) ;
#2467 = DIRECTION ( 'NONE',  ( -2.364136116440253638E-39, 0.9999999999999961142, -8.742277700000010565E-08 ) ) ;
#2468 = ORIENTED_EDGE ( 'NONE', *, *, #2242, .F. ) ;
#2469 = VECTOR ( 'NONE', #2538, 1000.000000000000000 ) ;
#2470 = ORIENTED_EDGE ( 'NONE', *, *, #453, .T. ) ;
#2471 = DIRECTION ( 'NONE',  ( 0.000000000000000000, 0.000000000000000000, -1.000000000000000000 ) ) ;
#2472 = CARTESIAN_POINT ( 'NONE',  ( -53.41499999999999204, 27.02000000000000313, 18.00000000000000000 ) ) ;
#2473 = ORIENTED_EDGE ( 'NONE', *, *, #612, .T. ) ;
#2474 = CARTESIAN_POINT ( 'NONE',  ( 52.07500000000000284, 24.39800000000000324, -147.4999999999999716 ) ) ;
#2475 = DIRECTION ( 'NONE',  ( 1.000000000000000000, 0.000000000000000000, 0.000000000000000000 ) ) ;
#2476 = EDGE_CURVE ( 'NONE', #3059, #257, #3257, .T. ) ;
#2477 = AXIS2_PLACEMENT_3D ( 'NONE', #370, #2572, #3342 ) ;
#2478 = CARTESIAN_POINT ( 'NONE',  ( -50.42499999999999716, 0.02000000000000234923, -5.000000000000004441 ) ) ;
#2479 = CYLINDRICAL_SURFACE ( 'NONE', #921, 13.99999999999999822 ) ;
#2480 = CIRCLE ( 'NONE', #3235, 1.599386627496454327 ) ;
#2481 = EDGE_CURVE ( 'NONE', #2575, #464, #2893, .T. ) ;
#2482 = ORIENTED_EDGE ( 'NONE', *, *, #2164, .T. ) ;
#2483 = AXIS2_PLACEMENT_3D ( 'NONE', #1087, #2485, #3014 ) ;
#2484 = CARTESIAN_POINT ( 'NONE',  ( -53.41499999999999915, 21.92000000000000171, -16.60769515458679280 ) ) ;
#2485 = DIRECTION ( 'NONE',  ( -1.786290745155050262E-16, -8.742277700000010565E-08, -0.9999999999999963363 ) ) ;
#2486 = EDGE_CURVE ( 'NONE', #1716, #2512, #1311, .T. ) ;
#2487 = ORIENTED_EDGE ( 'NONE', *, *, #835, .T. ) ;
#2488 = VECTOR ( 'NONE', #928, 1000.000000000000000 ) ;
#2489 = ORIENTED_EDGE ( 'NONE', *, *, #3145, .F. ) ;
#2490 = VECTOR ( 'NONE', #312, 1000.000000000000000 ) ;
#2491 = DIRECTION ( 'NONE',  ( 0.000000000000000000, 0.000000000000000000, 1.000000000000000000 ) ) ;
#2492 = DIRECTION ( 'NONE',  ( 1.000000000000000000, 0.000000000000000000, -0.000000000000000000 ) ) ;
#2493 = VERTEX_POINT ( 'NONE', #222 ) ;
#2494 = VECTOR ( 'NONE', #3415, 1000.000000000000000 ) ;
#2495 = DIRECTION ( 'NONE',  ( 2.364136116440253638E-39, -0.9999999999999961142, 8.742277700000010565E-08 ) ) ;
#2496 = DIRECTION ( 'NONE',  ( -1.000000000000000000, 0.000000000000000000, 0.000000000000000000 ) ) ;
#2497 = VECTOR ( 'NONE', #2582, 1000.000000000000000 ) ;
#2498 = AXIS2_PLACEMENT_3D ( 'NONE', #2210, #2191, #2471 ) ;
#2499 = FACE_OUTER_BOUND ( 'NONE', #491, .T. ) ;
#2500 = CARTESIAN_POINT ( 'NONE',  ( -39.38235931288069480, 24.10510678118655292, -145.5000045777133835 ) ) ;
#2501 = VERTEX_POINT ( 'NONE', #3522 ) ;
#2502 = EDGE_CURVE ( 'NONE', #2669, #2812, #1046, .T. ) ;
#2503 = CARTESIAN_POINT ( 'NONE',  ( -53.41499999999999204, -28.88000000000000966, 17.99999999999999645 ) ) ;
#2504 = EDGE_LOOP ( 'NONE', ( #661, #1140, #2521, #511, #1084, #1289, #1932, #2598, #820, #1859, #443, #1729, #2775, #209, #435, #3192, #84 ) ) ;
#2505 = ORIENTED_EDGE ( 'NONE', *, *, #1345, .T. ) ;
#2506 = EDGE_CURVE ( 'NONE', #1623, #3090, #1871, .T. ) ;
#2507 = CARTESIAN_POINT ( 'NONE',  ( 59.54283101375675358, -18.67999999999999972, -144.0999999999999375 ) ) ;
#2508 = DIRECTION ( 'NONE',  ( -0.7071067811865507924, -0.7071067811865415775, 6.181723857316895113E-08 ) ) ;
#2509 = EDGE_LOOP ( 'NONE', ( #732, #3139, #43, #78 ) ) ;
#2510 = CARTESIAN_POINT ( 'NONE',  ( -45.95028632831597548, -30.47999994186069017, -144.4999997801262452 ) ) ;
#2511 = CARTESIAN_POINT ( 'NONE',  ( -59.89499999999998892, 16.32000000000000384, -149.0999999999999659 ) ) ;
#2512 = VERTEX_POINT ( 'NONE', #2973 ) ;
#2513 = CARTESIAN_POINT ( 'NONE',  ( -50.62499999999999289, 22.58987298107782848, -14.10769515458676082 ) ) ;
#2514 = DIRECTION ( 'NONE',  ( -0.000000000000000000, -0.000000000000000000, 1.000000000000000000 ) ) ;
#2515 = CYLINDRICAL_SURFACE ( 'NONE', #189, 13.99999999999999822 ) ;
#2516 = LINE ( 'NONE', #2500, #1440 ) ;
#2517 = ORIENTED_EDGE ( 'NONE', *, *, #884, .F. ) ;
#2518 = FACE_OUTER_BOUND ( 'NONE', #72, .T. ) ;
#2519 = ORIENTED_EDGE ( 'NONE', *, *, #389, .T. ) ;
#2520 = EDGE_CURVE ( 'NONE', #2295, #1681, #1887, .T. ) ;
#2521 = ORIENTED_EDGE ( 'NONE', *, *, #609, .F. ) ;
#2522 = CARTESIAN_POINT ( 'NONE',  ( -47.55000002927647529, -28.88028632831923659, -145.5000008848292339 ) ) ;
#2523 = DIRECTION ( 'NONE',  ( 0.000000000000000000, 1.000000000000000000, -0.000000000000000000 ) ) ;
#2524 = AXIS2_PLACEMENT_3D ( 'NONE', #1430, #2852, #355 ) ;
#2525 = ORIENTED_EDGE ( 'NONE', *, *, #3541, .F. ) ;
#2526 = ADVANCED_FACE ( 'NONE', ( #460 ), #1621, .T. ) ;
#2527 = CIRCLE ( 'NONE', #3043, 1.000000000000000888 ) ;
#2528 = CARTESIAN_POINT ( 'NONE',  ( -39.08946609406723383, 24.39800000000000324, -147.4999999999999716 ) ) ;
#2529 = PLANE ( 'NONE',  #2268 ) ;
#2530 = ORIENTED_EDGE ( 'NONE', *, *, #316, .F. ) ;
#2531 = ADVANCED_FACE ( 'NONE', ( #3450 ), #441, .F. ) ;
#2532 = DIRECTION ( 'NONE',  ( -0.7071067811865437980, -0.7071067811865513475, 0.000000000000000000 ) ) ;
#2533 = LINE ( 'NONE', #663, #2490 ) ;
#2534 = LINE ( 'NONE', #1070, #1522 ) ;
#2535 = DIRECTION ( 'NONE',  ( -3.401418580346680819E-16, 1.000000000000000000, 0.000000000000000000 ) ) ;
#2536 = VERTEX_POINT ( 'NONE', #2935 ) ;
#2537 = AXIS2_PLACEMENT_3D ( 'NONE', #2252, #1405, #1728 ) ;
#2538 = DIRECTION ( 'NONE',  ( -0.7071067811865500152, 0.7071067811865450192, 0.000000000000000000 ) ) ;
#2539 = ORIENTED_EDGE ( 'NONE', *, *, #2476, .F. ) ;
#2540 = AXIS2_PLACEMENT_3D ( 'NONE', #1033, #1000, #2689 ) ;
#2541 = ORIENTED_EDGE ( 'NONE', *, *, #1059, .T. ) ;
#2542 = CARTESIAN_POINT ( 'NONE',  ( -45.95000000000000284, 26.37000000000000455, -149.0999999999999659 ) ) ;
#2543 = DIRECTION ( 'NONE',  ( -0.000000000000000000, -0.000000000000000000, 1.000000000000000000 ) ) ;
#2544 = ORIENTED_EDGE ( 'NONE', *, *, #2290, .F. ) ;
#2545 = VECTOR ( 'NONE', #2423, 1000.000000000000000 ) ;
#2546 = CARTESIAN_POINT ( 'NONE',  ( 1.185793409167090084, -31.88000000000002032, -89.33679033377740097 ) ) ;
#2547 = DIRECTION ( 'NONE',  ( 0.000000000000000000, 0.000000000000000000, -1.000000000000000000 ) ) ;
#2548 = ADVANCED_FACE ( 'NONE', ( #1566 ), #3221, .F. ) ;
#2549 = VECTOR ( 'NONE', #1940, 1000.000000000000000 ) ;
#2550 = ORIENTED_EDGE ( 'NONE', *, *, #150, .F. ) ;
#2551 = DIRECTION ( 'NONE',  ( 0.000000000000000000, -8.673617379884035472E-16, 1.000000000000000000 ) ) ;
#2552 = CARTESIAN_POINT ( 'NONE',  ( 53.07500000000000284, 23.39800000000000324, -147.4999999999999716 ) ) ;
#2553 = VECTOR ( 'NONE', #1870, 1000.000000000000000 ) ;
#2554 = CARTESIAN_POINT ( 'NONE',  ( 58.29283101375674647, 16.31999999999997542, -144.0999999999999375 ) ) ;
#2555 = ADVANCED_FACE ( 'NONE', ( #3338 ), #2752, .F. ) ;
#2556 = DIRECTION ( 'NONE',  ( -1.000000000000000000, 0.000000000000000000, 0.000000000000000000 ) ) ;
#2557 = ORIENTED_EDGE ( 'NONE', *, *, #1042, .F. ) ;
#2558 = AXIS2_PLACEMENT_3D ( 'NONE', #2419, #985, #472 ) ;
#2559 = LINE ( 'NONE', #2041, #2469 ) ;
#2560 = VERTEX_POINT ( 'NONE', #2232 ) ;
#2561 = ORIENTED_EDGE ( 'NONE', *, *, #2811, .F. ) ;
#2562 = LINE ( 'NONE', #1157, #746 ) ;
#2563 = CARTESIAN_POINT ( 'NONE',  ( -39.47283204934798562, -30.47999994186069728, -144.4999997801262452 ) ) ;
#2564 = EDGE_LOOP ( 'NONE', ( #530, #3489, #3419, #2259, #563 ) ) ;
#2565 = CARTESIAN_POINT ( 'NONE',  ( 47.07500000000000995, -36.37999999999999545, 0.000000000000000000 ) ) ;
#2566 = DIRECTION ( 'NONE',  ( 1.000000000000000000, 0.000000000000000000, 0.000000000000000000 ) ) ;
#2567 = ORIENTED_EDGE ( 'NONE', *, *, #1540, .T. ) ;
#2568 = EDGE_CURVE ( 'NONE', #2720, #3154, #2197, .T. ) ;
#2569 = CARTESIAN_POINT ( 'NONE',  ( 47.07499999999999574, 34.02000000000000313, 27.00000000000002487 ) ) ;
#2570 = DIRECTION ( 'NONE',  ( -0.000000000000000000, -0.000000000000000000, -1.000000000000000000 ) ) ;
#2571 = DIRECTION ( 'NONE',  ( 0.000000000000000000, 0.000000000000000000, -1.000000000000000000 ) ) ;
#2572 = DIRECTION ( 'NONE',  ( -1.000000000000000000, -0.000000000000000000, -0.000000000000000000 ) ) ;
#2573 = EDGE_CURVE ( 'NONE', #469, #2709, #875, .T. ) ;
#2574 = DIRECTION ( 'NONE',  ( 0.000000000000000000, 0.000000000000000000, -1.000000000000000000 ) ) ;
#2575 = VERTEX_POINT ( 'NONE', #1942 ) ;
#2576 = EDGE_CURVE ( 'NONE', #2053, #2760, #3542, .T. ) ;
#2577 = VERTEX_POINT ( 'NONE', #2513 ) ;
#2578 = LINE ( 'NONE', #1232, #283 ) ;
#2579 = LINE ( 'NONE', #3156, #1394 ) ;
#2580 = VERTEX_POINT ( 'NONE', #3322 ) ;
#2581 = CARTESIAN_POINT ( 'NONE',  ( -55.91500000000000625, 27.02000000000000313, 27.99999999999999645 ) ) ;
#2582 = DIRECTION ( 'NONE',  ( 0.000000000000000000, 1.000000000000000000, -0.000000000000000000 ) ) ;
#2583 = VERTEX_POINT ( 'NONE', #1386 ) ;
#2584 = CIRCLE ( 'NONE', #801, 13.99999999999999822 ) ;
#2585 = CARTESIAN_POINT ( 'NONE',  ( -45.16053390593275196, 6.312893218813449003, -24.23067382164290251 ) ) ;
#2586 = LINE ( 'NONE', #38, #1061 ) ;
#2587 = DIRECTION ( 'NONE',  ( 0.000000000000000000, 0.000000000000000000, -1.000000000000000000 ) ) ;
#2588 = VECTOR ( 'NONE', #2182, 1000.000000000000000 ) ;
#2589 = DIRECTION ( 'NONE',  ( 0.000000000000000000, 0.000000000000000000, -1.000000000000000000 ) ) ;
#2590 = DIRECTION ( 'NONE',  ( 1.000000000000000000, 0.000000000000000000, 0.000000000000000000 ) ) ;
#2591 = ADVANCED_FACE ( 'NONE', ( #2218 ), #5, .F. ) ;
#2592 = ORIENTED_EDGE ( 'NONE', *, *, #3543, .T. ) ;
#2593 = CIRCLE ( 'NONE', #2537, 1.250000000000001110 ) ;
#2594 = ORIENTED_EDGE ( 'NONE', *, *, #526, .T. ) ;
#2595 = CYLINDRICAL_SURFACE ( 'NONE', #2133, 1.250000000000007994 ) ;
#2596 = CARTESIAN_POINT ( 'NONE',  ( -58.64499999999999602, -18.67999999999999972, -144.0999999999999375 ) ) ;
#2597 = EDGE_CURVE ( 'NONE', #2618, #1891, #1797, .T. ) ;
#2598 = ORIENTED_EDGE ( 'NONE', *, *, #929, .F. ) ;
#2599 = VECTOR ( 'NONE', #125, 1000.000000000000000 ) ;
#2600 = CARTESIAN_POINT ( 'NONE',  ( -48.95000000000000995, -4.992841836075812445, -147.4999999999999716 ) ) ;
#2601 = AXIS2_PLACEMENT_3D ( 'NONE', #3548, #1336, #3263 ) ;
#2602 = CARTESIAN_POINT ( 'NONE',  ( 0.000000000000000000, -5.658199262354549397, -5.000000000000004441 ) ) ;
#2603 = EDGE_LOOP ( 'NONE', ( #3511, #3174, #2777, #2384, #2134, #2881, #2025, #354, #45, #796, #3124, #2854, #782, #976, #1152, #2350, #2085, #3384, #986, #760, #2592, #2792, #3047, #2655, #2014, #2667, #1707, #2925, #3225, #1049 ) ) ;
#2604 = DIRECTION ( 'NONE',  ( 1.000000000000000000, 0.000000000000000000, 0.000000000000000000 ) ) ;
#2605 = LINE ( 'NONE', #1830, #3523 ) ;
#2606 = LINE ( 'NONE', #2845, #2381 ) ;
#2607 = VECTOR ( 'NONE', #2280, 1000.000000000000000 ) ;
#2608 = DIRECTION ( 'NONE',  ( 0.000000000000000000, -1.000000000000000000, 0.000000000000000000 ) ) ;
#2609 = EDGE_LOOP ( 'NONE', ( #2567, #2561, #2239, #1840 ) ) ;
#2610 = VECTOR ( 'NONE', #2445, 1000.000000000000000 ) ;
#2611 = CARTESIAN_POINT ( 'NONE',  ( 53.07500000000000284, -28.87999999999999545, 9.999999999999998224 ) ) ;
#2612 = AXIS2_PLACEMENT_3D ( 'NONE', #742, #2982, #2104 ) ;
#2613 = VERTEX_POINT ( 'NONE', #1927 ) ;
#2614 = ADVANCED_FACE ( 'NONE', ( #567 ), #1904, .T. ) ;
#2615 = ORIENTED_EDGE ( 'NONE', *, *, #1406, .F. ) ;
#2616 = FACE_OUTER_BOUND ( 'NONE', #582, .T. ) ;
#2617 = LINE ( 'NONE', #653, #3178 ) ;
#2618 = VERTEX_POINT ( 'NONE', #326 ) ;
#2619 = EDGE_CURVE ( 'NONE', #432, #409, #1116, .T. ) ;
#2620 = ORIENTED_EDGE ( 'NONE', *, *, #2568, .F. ) ;
#2621 = FACE_OUTER_BOUND ( 'NONE', #791, .T. ) ;
#2622 = ORIENTED_EDGE ( 'NONE', *, *, #2882, .F. ) ;
#2623 = ADVANCED_FACE ( 'NONE', ( #605 ), #3308, .F. ) ;
#2624 = CARTESIAN_POINT ( 'NONE',  ( 51.07500000000000284, 0.02000000000002694067, -5.000000000000004441 ) ) ;
#2625 = CARTESIAN_POINT ( 'NONE',  ( -47.42500000000000426, -36.37999999999999545, -288.7883930123065284 ) ) ;
#2626 = CARTESIAN_POINT ( 'NONE',  ( -58.64499999999998892, 16.32000000000000384, -144.0999999999999375 ) ) ;
#2627 = EDGE_LOOP ( 'NONE', ( #1101, #2282, #1632, #2168 ) ) ;
#2628 = CARTESIAN_POINT ( 'NONE',  ( 0.000000000000000000, 34.02000000000000313, -288.7883930123065284 ) ) ;
#2629 = VERTEX_POINT ( 'NONE', #1404 ) ;
#2630 = ORIENTED_EDGE ( 'NONE', *, *, #972, .F. ) ;
#2631 = DIRECTION ( 'NONE',  ( 0.000000000000000000, -0.9999999999999963363, 8.742276347284407451E-08 ) ) ;
#2632 = LINE ( 'NONE', #158, #348 ) ;
#2633 = EDGE_CURVE ( 'NONE', #1507, #1022, #2768, .T. ) ;
#2634 = VERTEX_POINT ( 'NONE', #1420 ) ;
#2635 = ORIENTED_EDGE ( 'NONE', *, *, #280, .F. ) ;
#2636 = LINE ( 'NONE', #2402, #3356 ) ;
#2637 = EDGE_CURVE ( 'NONE', #1181, #2430, #553, .T. ) ;
#2638 = ORIENTED_EDGE ( 'NONE', *, *, #1695, .F. ) ;
#2639 = DIRECTION ( 'NONE',  ( 0.000000000000000000, 0.000000000000000000, -1.000000000000000000 ) ) ;
#2640 = DIRECTION ( 'NONE',  ( 1.000000000000000000, -0.000000000000000000, -7.511572993685649217E-16 ) ) ;
#2641 = DIRECTION ( 'NONE',  ( 1.000000000000000000, 0.000000000000000000, 0.000000000000000000 ) ) ;
#2642 = ADVANCED_FACE ( 'NONE', ( #2499 ), #585, .T. ) ;
#2643 = AXIS2_PLACEMENT_3D ( 'NONE', #2741, #300, #504 ) ;
#2644 = DIRECTION ( 'NONE',  ( 1.000000000000000000, 1.303201033694662163E-16, -0.000000000000000000 ) ) ;
#2645 = AXIS2_PLACEMENT_3D ( 'NONE', #442, #3434, #1590 ) ;
#2646 = CARTESIAN_POINT ( 'NONE',  ( -50.62499999999999289, 22.02000000000000313, -5.094744111674408771 ) ) ;
#2647 = VERTEX_POINT ( 'NONE', #1657 ) ;
#2648 = ORIENTED_EDGE ( 'NONE', *, *, #923, .F. ) ;
#2649 = DIRECTION ( 'NONE',  ( -1.678460117211276297E-10, -1.000000000000000000, 0.000000000000000000 ) ) ;
#2650 = DIRECTION ( 'NONE',  ( 0.000000000000000000, 0.1736481776669348276, -0.9848077530122072432 ) ) ;
#2651 = ORIENTED_EDGE ( 'NONE', *, *, #3382, .T. ) ;
#2652 = CIRCLE ( 'NONE', #1276, 5.000000000000000888 ) ;
#2653 = CARTESIAN_POINT ( 'NONE',  ( 32.54505697005139808, 32.54505697005150466, -89.33679033377740097 ) ) ;
#2654 = AXIS2_PLACEMENT_3D ( 'NONE', #1756, #337, #3403 ) ;
#2655 = ORIENTED_EDGE ( 'NONE', *, *, #1164, .T. ) ;
#2656 = AXIS2_PLACEMENT_3D ( 'NONE', #1998, #2604, #2551 ) ;
#2657 = CARTESIAN_POINT ( 'NONE',  ( -50.42499999999999716, 0.000000000000000000, 0.000000000000000000 ) ) ;
#2658 = DIRECTION ( 'NONE',  ( 0.000000000000000000, 0.000000000000000000, 1.000000000000000000 ) ) ;
#2659 = EDGE_CURVE ( 'NONE', #2112, #3569, #805, .T. ) ;
#2660 = FACE_OUTER_BOUND ( 'NONE', #712, .T. ) ;
#2661 = AXIS2_PLACEMENT_3D ( 'NONE', #551, #1687, #1654 ) ;
#2662 = CARTESIAN_POINT ( 'NONE',  ( 53.07500000000000995, 12.01511394010296208, -144.5000034951671353 ) ) ;
#2663 = EDGE_CURVE ( 'NONE', #1880, #3537, #536, .T. ) ;
#2664 = AXIS2_PLACEMENT_3D ( 'NONE', #1953, #3269, #2193 ) ;
#2665 = LINE ( 'NONE', #2611, #1724 ) ;
#2666 = ORIENTED_EDGE ( 'NONE', *, *, #3001, .T. ) ;
#2667 = ORIENTED_EDGE ( 'NONE', *, *, #2506, .T. ) ;
#2668 = VECTOR ( 'NONE', #606, 1000.000000000000000 ) ;
#2669 = VERTEX_POINT ( 'NONE', #1979 ) ;
#2670 = VECTOR ( 'NONE', #2356, 1000.000000000000114 ) ;
#2671 = DIRECTION ( 'NONE',  ( 0.7071067811865500152, -0.7071067811865450192, 0.000000000000000000 ) ) ;
#2672 = DIRECTION ( 'NONE',  ( 1.000000000000000000, 2.482609625727093977E-16, 0.000000000000000000 ) ) ;
#2673 = VERTEX_POINT ( 'NONE', #1081 ) ;
#2674 = AXIS2_PLACEMENT_3D ( 'NONE', #824, #2496, #2246 ) ;
#2675 = VERTEX_POINT ( 'NONE', #3091 ) ;
#2676 = DIRECTION ( 'NONE',  ( -0.7071067811865487940, 0.7071067811865463515, 0.000000000000000000 ) ) ;
#2677 = CARTESIAN_POINT ( 'NONE',  ( 57.04283101375674647, 16.31999999999997542, -144.0999999999999375 ) ) ;
#2678 = ORIENTED_EDGE ( 'NONE', *, *, #1250, .T. ) ;
#2679 = DIRECTION ( 'NONE',  ( -0.000000000000000000, -0.000000000000000000, -1.000000000000000000 ) ) ;
#2680 = CARTESIAN_POINT ( 'NONE',  ( -48.95000000000000995, -4.992841836075812445, -147.4999999999999716 ) ) ;
#2681 = DIRECTION ( 'NONE',  ( 0.000000000000000000, 0.000000000000000000, -1.000000000000000000 ) ) ;
#2682 = EDGE_CURVE ( 'NONE', #1826, #2396, #3163, .T. ) ;
#2683 = DIRECTION ( 'NONE',  ( -1.000000000000000000, 0.000000000000000000, 0.000000000000000000 ) ) ;
#2684 = DIRECTION ( 'NONE',  ( 0.000000000000000000, -0.9848077530122073542, -0.1736481776669348831 ) ) ;
#2685 = EDGE_CURVE ( 'NONE', #1507, #2536, #676, .T. ) ;
#2686 = EDGE_LOOP ( 'NONE', ( #2858, #895, #1375, #3040, #313, #3353, #836 ) ) ;
#2687 = ORIENTED_EDGE ( 'NONE', *, *, #3364, .F. ) ;
#2688 = DIRECTION ( 'NONE',  ( 0.000000000000000000, 0.000000000000000000, -1.000000000000000000 ) ) ;
#2689 = DIRECTION ( 'NONE',  ( -1.000000000000000000, 0.000000000000000000, -0.000000000000000000 ) ) ;
#2690 = EDGE_CURVE ( 'NONE', #1539, #3002, #179, .T. ) ;
#2691 = ORIENTED_EDGE ( 'NONE', *, *, #1738, .F. ) ;
#2692 = VERTEX_POINT ( 'NONE', #79 ) ;
#2693 = DIRECTION ( 'NONE',  ( 0.000000000000000000, 0.000000000000000000, -1.000000000000000000 ) ) ;
#2694 = CARTESIAN_POINT ( 'NONE',  ( -57.39499999999998892, 16.32000000000000384, -149.0999999999999659 ) ) ;
#2695 = VERTEX_POINT ( 'NONE', #2569 ) ;
#2696 = CARTESIAN_POINT ( 'NONE',  ( 47.07499999999999574, 20.02000000000000313, 27.00000000000002487 ) ) ;
#2697 = DIRECTION ( 'NONE',  ( 0.000000000000000000, 0.000000000000000000, 1.000000000000000000 ) ) ;
#2698 = DIRECTION ( 'NONE',  ( 1.000000000000000000, -0.000000000000000000, -0.000000000000000000 ) ) ;
#2699 = DIRECTION ( 'NONE',  ( 1.000000000000000000, 0.000000000000000000, 0.000000000000000000 ) ) ;
#2700 = ORIENTED_EDGE ( 'NONE', *, *, #1416, .F. ) ;
#2701 = ORIENTED_EDGE ( 'NONE', *, *, #3295, .T. ) ;
#2702 = AXIS2_PLACEMENT_3D ( 'NONE', #2289, #1154, #611 ) ;
#2703 = ORIENTED_EDGE ( 'NONE', *, *, #967, .T. ) ;
#2704 = EDGE_CURVE ( 'NONE', #3337, #2760, #644, .T. ) ;
#2705 = CARTESIAN_POINT ( 'NONE',  ( -76.45008193257393714, -5.658199262354549397, -7.000000000000004441 ) ) ;
#2706 = CARTESIAN_POINT ( 'NONE',  ( 53.04999999999999005, -32.12999999999999545, -149.0999999999999659 ) ) ;
#2707 = VECTOR ( 'NONE', #2198, 1000.000000000000000 ) ;
#2708 = ORIENTED_EDGE ( 'NONE', *, *, #1364, .F. ) ;
#2709 = VERTEX_POINT ( 'NONE', #1725 ) ;
#2710 = EDGE_CURVE ( 'NONE', #3380, #21, #1111, .T. ) ;
#2711 = CARTESIAN_POINT ( 'NONE',  ( 5.100006971540151923, -28.87999999999998835, -144.4999999637140320 ) ) ;
#2712 = LINE ( 'NONE', #1307, #752 ) ;
#2713 = ORIENTED_EDGE ( 'NONE', *, *, #1481, .F. ) ;
#2714 = CARTESIAN_POINT ( 'NONE',  ( -53.42499999999999716, 0.02000000000000178718, -145.5000024465209378 ) ) ;
#2715 = CARTESIAN_POINT ( 'NONE',  ( 50.28500000000000369, 22.58987298107788178, -14.10769515458673418 ) ) ;
#2716 = AXIS2_PLACEMENT_3D ( 'NONE', #2064, #947, #3086 ) ;
#2717 = CARTESIAN_POINT ( 'NONE',  ( -53.42500000000000426, 26.92000000000000171, -16.60769515458679280 ) ) ;
#2718 = AXIS2_PLACEMENT_3D ( 'NONE', #1104, #1931, #833 ) ;
#2719 = CARTESIAN_POINT ( 'NONE',  ( -53.41500000000000625, 26.35012701892217279, -7.594744111674438969 ) ) ;
#2720 = VERTEX_POINT ( 'NONE', #2069 ) ;
#2721 = AXIS2_PLACEMENT_3D ( 'NONE', #96, #2016, #1241 ) ;
#2722 = CARTESIAN_POINT ( 'NONE',  ( -61.42499999999999716, 20.02000000000000313, 26.99999999999999645 ) ) ;
#2723 = FACE_OUTER_BOUND ( 'NONE', #2003, .T. ) ;
#2724 = DIRECTION ( 'NONE',  ( 0.000000000000000000, -0.9999999999999962252, 8.742277669770734784E-08 ) ) ;
#2725 = AXIS2_PLACEMENT_3D ( 'NONE', #2250, #1980, #2284 ) ;
#2726 = ORIENTED_EDGE ( 'NONE', *, *, #2573, .F. ) ;
#2727 = ADVANCED_FACE ( 'NONE', ( #1762 ), #1220, .T. ) ;
#2728 = VECTOR ( 'NONE', #2971, 1000.000000000000000 ) ;
#2729 = ORIENTED_EDGE ( 'NONE', *, *, #1800, .T. ) ;
#2730 = LINE ( 'NONE', #18, #2732 ) ;
#2731 = DIRECTION ( 'NONE',  ( -1.000000000000000000, 0.000000000000000000, 0.000000000000000000 ) ) ;
#2732 = VECTOR ( 'NONE', #1650, 1000.000000000000000 ) ;
#2733 = EDGE_LOOP ( 'NONE', ( #3477, #2101, #614, #2895, #3042 ) ) ;
#2734 = EDGE_CURVE ( 'NONE', #851, #867, #3412, .T. ) ;
#2735 = DIRECTION ( 'NONE',  ( 0.000000000000000000, 0.000000000000000000, 1.000000000000000000 ) ) ;
#2736 = CARTESIAN_POINT ( 'NONE',  ( -110.3451216021567802, 27.01999999999998892, 24.50000000000000000 ) ) ;
#2737 = DIRECTION ( 'NONE',  ( -0.7071067811865521247, -0.7071067811865430208, 0.000000000000000000 ) ) ;
#2738 = CARTESIAN_POINT ( 'NONE',  ( -59.89499999999998892, 16.32000000000000384, -144.0999999999999375 ) ) ;
#2739 = LINE ( 'NONE', #1355, #2761 ) ;
#2740 = ORIENTED_EDGE ( 'NONE', *, *, #1406, .T. ) ;
#2741 = CARTESIAN_POINT ( 'NONE',  ( -58.64499999999998892, 16.32000000000000384, -144.0999999999999375 ) ) ;
#2742 = CARTESIAN_POINT ( 'NONE',  ( -50.42499999999999716, -6.979999999999997762, -145.5000017471387252 ) ) ;
#2743 = ORIENTED_EDGE ( 'NONE', *, *, #2481, .T. ) ;
#2744 = ORIENTED_EDGE ( 'NONE', *, *, #2071, .F. ) ;
#2745 = LINE ( 'NONE', #31, #775 ) ;
#2746 = CARTESIAN_POINT ( 'NONE',  ( 53.07499999999999574, 27.02000000000000313, 30.00000000000000000 ) ) ;
#2747 = EDGE_CURVE ( 'NONE', #3380, #325, #1476, .T. ) ;
#2748 = ORIENTED_EDGE ( 'NONE', *, *, #297, .F. ) ;
#2749 = DIRECTION ( 'NONE',  ( -0.000000000000000000, 1.000000000000000000, -0.000000000000000000 ) ) ;
#2750 = PRODUCT_CONTEXT ( 'NONE', #2114, 'mechanical' ) ;
#2751 = EDGE_CURVE ( 'NONE', #1181, #2575, #135, .T. ) ;
#2752 = CYLINDRICAL_SURFACE ( 'NONE', #583, 3.251094394703411883 ) ;
#2753 = ADVANCED_FACE ( 'NONE', ( #2876 ), #1457, .F. ) ;
#2754 = PLANE ( 'NONE',  #3222 ) ;
#2755 = VERTEX_POINT ( 'NONE', #1509 ) ;
#2756 = CYLINDRICAL_SURFACE ( 'NONE', #858, 1.250000000000001110 ) ;
#2757 = CARTESIAN_POINT ( 'NONE',  ( 47.07499999999999574, 31.02000000000000313, 27.00000000000000000 ) ) ;
#2758 = VERTEX_POINT ( 'NONE', #1186 ) ;
#2759 = AXIS2_PLACEMENT_3D ( 'NONE', #2004, #2574, #1965 ) ;
#2760 = VERTEX_POINT ( 'NONE', #913 ) ;
#2761 = VECTOR ( 'NONE', #3039, 1000.000000000000000 ) ;
#2762 = LINE ( 'NONE', #268, #3417 ) ;
#2763 = VERTEX_POINT ( 'NONE', #2036 ) ;
#2764 = DIRECTION ( 'NONE',  ( -1.000000000000000000, 0.000000000000000000, 0.000000000000000000 ) ) ;
#2765 = DIRECTION ( 'NONE',  ( 1.000000000000000000, -0.000000000000000000, -0.000000000000000000 ) ) ;
#2766 = EDGE_CURVE ( 'NONE', #1155, #325, #1001, .T. ) ;
#2767 = VECTOR ( 'NONE', #2325, 1000.000000000000000 ) ;
#2768 = LINE ( 'NONE', #2181, #1282 ) ;
#2769 = DIRECTION ( 'NONE',  ( -1.000000000000000000, 5.277844581858585529E-11, 0.000000000000000000 ) ) ;
#2770 = AXIS2_PLACEMENT_3D ( 'NONE', #1378, #1665, #1651 ) ;
#2771 = ORIENTED_EDGE ( 'NONE', *, *, #591, .T. ) ;
#2772 = ADVANCED_FACE ( 'NONE', ( #3429 ), #1201, .F. ) ;
#2773 = VECTOR ( 'NONE', #2126, 1000.000000000000114 ) ;
#2774 = LINE ( 'NONE', #3277, #331 ) ;
#2775 = ORIENTED_EDGE ( 'NONE', *, *, #2990, .F. ) ;
#2776 = AXIS2_PLACEMENT_3D ( 'NONE', #657, #636, #951 ) ;
#2777 = ORIENTED_EDGE ( 'NONE', *, *, #677, .F. ) ;
#2778 = CIRCLE ( 'NONE', #475, 1.250000000000007994 ) ;
#2779 = CARTESIAN_POINT ( 'NONE',  ( 0.000000000000000000, -36.37999999999999545, -288.7883930123065284 ) ) ;
#2780 = LINE ( 'NONE', #1363, #2255 ) ;
#2781 = ORIENTED_EDGE ( 'NONE', *, *, #2048, .F. ) ;
#2782 = CIRCLE ( 'NONE', #1465, 1.000000000000000888 ) ;
#2783 = CARTESIAN_POINT ( 'NONE',  ( 58.29283101375673937, -18.67999999999999972, -144.0999999999999375 ) ) ;
#2784 = CARTESIAN_POINT ( 'NONE',  ( -53.41499999999999915, 21.91999999999999460, -16.60769515458679280 ) ) ;
#2785 = VECTOR ( 'NONE', #3426, 1000.000000000000000 ) ;
#2786 = AXIS2_PLACEMENT_3D ( 'NONE', #837, #2240, #3046 ) ;
#2787 = DIRECTION ( 'NONE',  ( -0.7071067811865474617, 0.7071067811865474617, -0.000000000000000000 ) ) ;
#2788 = LINE ( 'NONE', #1477, #417 ) ;
#2789 = CARTESIAN_POINT ( 'NONE',  ( 47.07500000000000995, -22.37999999999999545, -288.7883930123065284 ) ) ;
#2790 = DIRECTION ( 'NONE',  ( 1.000000000000000000, 0.000000000000000000, 0.000000000000000000 ) ) ;
#2791 = EDGE_CURVE ( 'NONE', #391, #421, #3109, .T. ) ;
#2792 = ORIENTED_EDGE ( 'NONE', *, *, #2633, .T. ) ;
#2793 = CARTESIAN_POINT ( 'NONE',  ( 53.07500000000000284, 21.92000000000005144, -145.5000024465209378 ) ) ;
#2794 = EDGE_CURVE ( 'NONE', #1040, #2695, #3011, .T. ) ;
#2795 = ORIENTED_EDGE ( 'NONE', *, *, #1732, .F. ) ;
#2796 = ORIENTED_EDGE ( 'NONE', *, *, #1669, .F. ) ;
#2797 = PLANE ( 'NONE',  #2822 ) ;
#2798 = LINE ( 'NONE', #2472, #2086 ) ;
#2799 = EDGE_CURVE ( 'NONE', #3160, #2647, #113, .T. ) ;
#2800 = ORIENTED_EDGE ( 'NONE', *, *, #381, .T. ) ;
#2801 = PLANE ( 'NONE',  #2776 ) ;
#2802 = DIRECTION ( 'NONE',  ( 4.371138800000000469E-08, -0.9999999999999952260, 8.742277700000001300E-08 ) ) ;
#2803 = VERTEX_POINT ( 'NONE', #2300 ) ;
#2804 = DIRECTION ( 'NONE',  ( 1.000000000000000000, 0.000000000000000000, 0.000000000000000000 ) ) ;
#2805 = DIRECTION ( 'NONE',  ( 1.303201033694662163E-16, -1.000000000000000000, 0.000000000000000000 ) ) ;
#2806 = DIRECTION ( 'NONE',  ( -0.000000000000000000, -0.000000000000000000, -1.000000000000000000 ) ) ;
#2807 = CARTESIAN_POINT ( 'NONE',  ( -54.42500000000000426, -1.829963196226514305E-14, -1.260941265672647978E-29 ) ) ;
#2808 = ORIENTED_EDGE ( 'NONE', *, *, #2379, .F. ) ;
#2809 = LINE ( 'NONE', #1134, #3161 ) ;
#2810 = VERTEX_POINT ( 'NONE', #1745 ) ;
#2811 = EDGE_CURVE ( 'NONE', #2812, #2763, #2260, .T. ) ;
#2812 = VERTEX_POINT ( 'NONE', #1560 ) ;
#2813 = DIRECTION ( 'NONE',  ( -0.7071067811865441310, 0.7071067811865510144, 0.000000000000000000 ) ) ;
#2814 = CARTESIAN_POINT ( 'NONE',  ( -41.62499999999999289, 20.44825253169418389, -24.23067382164290251 ) ) ;
#2815 = CIRCLE ( 'NONE', #107, 1.250000000000007994 ) ;
#2816 = ORIENTED_EDGE ( 'NONE', *, *, #2229, .T. ) ;
#2817 = ADVANCED_FACE ( 'NONE', ( #1813 ), #1584, .F. ) ;
#2818 = TOROIDAL_SURFACE ( 'NONE', #1383, 11.00000000000000000, 3.000000000000000000 ) ;
#2819 = DIRECTION ( 'NONE',  ( 0.000000000000000000, 0.000000000000000000, 1.000000000000000000 ) ) ;
#2820 = LINE ( 'NONE', #341, #1235 ) ;
#2821 = ORIENTED_EDGE ( 'NONE', *, *, #2023, .T. ) ;
#2822 = AXIS2_PLACEMENT_3D ( 'NONE', #392, #375, #1179 ) ;
#2823 = DIRECTION ( 'NONE',  ( -0.7071067811865513475, 0.7071067811865437980, 0.000000000000000000 ) ) ;
#2824 = CARTESIAN_POINT ( 'NONE',  ( -57.39499999999998892, 16.32000000000000384, -144.0999999999999375 ) ) ;
#2825 = DIRECTION ( 'NONE',  ( 0.000000000000000000, 0.000000000000000000, -1.000000000000000000 ) ) ;
#2826 = CARTESIAN_POINT ( 'NONE',  ( -61.42499999999999716, 20.02000000000000313, -149.0999999999999659 ) ) ;
#2827 = EDGE_LOOP ( 'NONE', ( #1594, #1525, #2830, #3545 ) ) ;
#2828 = CIRCLE ( 'NONE', #868, 2.000000000000000000 ) ;
#2829 = DIRECTION ( 'NONE',  ( 2.482609625727093977E-16, -1.000000000000000000, -1.241304812863546988E-16 ) ) ;
#2830 = ORIENTED_EDGE ( 'NONE', *, *, #3168, .F. ) ;
#2831 =( GEOMETRIC_REPRESENTATION_CONTEXT ( 3 ) GLOBAL_UNCERTAINTY_ASSIGNED_CONTEXT ( ( #1384 ) ) GLOBAL_UNIT_ASSIGNED_CONTEXT ( ( #269, #1158, #287 ) ) REPRESENTATION_CONTEXT ( 'NONE', 'WORKASPACE' ) );
#2832 = EDGE_LOOP ( 'NONE', ( #847, #230, #2836, #3405 ) ) ;
#2833 = DIRECTION ( 'NONE',  ( -0.000000000000000000, -0.000000000000000000, -1.000000000000000000 ) ) ;
#2834 = CARTESIAN_POINT ( 'NONE',  ( 50.28500000000000369, 26.35012701892217279, -7.594744111674527787 ) ) ;
#2835 = EDGE_CURVE ( 'NONE', #3207, #1946, #184, .T. ) ;
#2836 = ORIENTED_EDGE ( 'NONE', *, *, #2576, .T. ) ;
#2837 = VECTOR ( 'NONE', #1668, 1000.000000000000000 ) ;
#2838 = CARTESIAN_POINT ( 'NONE',  ( -50.62499999999999289, 27.02000000000000313, -5.094744111674404330 ) ) ;
#2839 = PLANE ( 'NONE',  #597 ) ;
#2840 = ADVANCED_FACE ( 'NONE', ( #3254 ), #2954, .T. ) ;
#2841 = VECTOR ( 'NONE', #2819, 1000.000000000000000 ) ;
#2842 = ORIENTED_EDGE ( 'NONE', *, *, #813, .F. ) ;
#2843 = CARTESIAN_POINT ( 'NONE',  ( 58.29283101375673937, -18.67999999999999972, -149.0999999999999659 ) ) ;
#2844 = LINE ( 'NONE', #2824, #3066 ) ;
#2845 = CARTESIAN_POINT ( 'NONE',  ( -38.07283207863144980, -31.87999999999999901, -24.23067382164290251 ) ) ;
#2846 = DIRECTION ( 'NONE',  ( 0.000000000000000000, 0.000000000000000000, 1.000000000000000000 ) ) ;
#2847 = ORIENTED_EDGE ( 'NONE', *, *, #293, .F. ) ;
#2848 = CIRCLE ( 'NONE', #1177, 2.999999999999999112 ) ;
#2849 = DIRECTION ( 'NONE',  ( -0.000000000000000000, -0.000000000000000000, -1.000000000000000000 ) ) ;
#2850 = ORIENTED_EDGE ( 'NONE', *, *, #1656, .F. ) ;
#2851 = EDGE_LOOP ( 'NONE', ( #1761, #304, #1211, #2630 ) ) ;
#2852 = DIRECTION ( 'NONE',  ( 0.000000000000000000, 0.000000000000000000, 1.000000000000000000 ) ) ;
#2853 = DIRECTION ( 'NONE',  ( 1.000000000000000000, 0.000000000000000000, 0.000000000000000000 ) ) ;
#2854 = ORIENTED_EDGE ( 'NONE', *, *, #3336, .F. ) ;
#2855 = DIRECTION ( 'NONE',  ( -1.000000000000000000, -4.336808689942013792E-16, 2.465190328815661892E-32 ) ) ;
#2856 = EDGE_CURVE ( 'NONE', #349, #3030, #2950, .T. ) ;
#2857 = FACE_OUTER_BOUND ( 'NONE', #1613, .T. ) ;
#2858 = ORIENTED_EDGE ( 'NONE', *, *, #967, .F. ) ;
#2859 = CARTESIAN_POINT ( 'NONE',  ( -53.41499999999999915, 0.02000000000000191555, -5.000000000000004441 ) ) ;
#2860 = LINE ( 'NONE', #327, #2900 ) ;
#2861 = ADVANCED_FACE ( 'NONE', ( #1829 ), #3236, .F. ) ;
#2862 = DIRECTION ( 'NONE',  ( -1.000000000000000000, -1.303201033694662163E-16, 0.000000000000000000 ) ) ;
#2863 = CARTESIAN_POINT ( 'NONE',  ( 53.07500000000000284, -6.979999999999997762, 0.000000000000000000 ) ) ;
#2864 = PRODUCT_DEFINITION_SHAPE ( 'NONE', 'NONE',  #1425 ) ;
#2865 = EDGE_CURVE ( 'NONE', #2501, #388, #1023, .T. ) ;
#2866 = LINE ( 'NONE', #3346, #1037 ) ;
#2867 = ORIENTED_EDGE ( 'NONE', *, *, #2205, .F. ) ;
#2868 = ORIENTED_EDGE ( 'NONE', *, *, #1807, .F. ) ;
#2869 = LINE ( 'NONE', #1718, #1960 ) ;
#2870 = DIRECTION ( 'NONE',  ( -1.000000000000000000, 1.071237820634411827E-15, 1.786289808649205484E-16 ) ) ;
#2871 = VERTEX_POINT ( 'NONE', #2142 ) ;
#2872 = CARTESIAN_POINT ( 'NONE',  ( -61.42499999999999005, -22.37999999999999545, -149.0999999999999659 ) ) ;
#2873 = CARTESIAN_POINT ( 'NONE',  ( -47.55000002927648239, -7.221268931545525405, -24.23067382164290251 ) ) ;
#2874 = ORIENTED_EDGE ( 'NONE', *, *, #3171, .T. ) ;
#2875 = VECTOR ( 'NONE', #1627, 1000.000000000000000 ) ;
#2876 = FACE_OUTER_BOUND ( 'NONE', #1389, .T. ) ;
#2877 = DIRECTION ( 'NONE',  ( 0.000000000000000000, 0.000000000000000000, -1.000000000000000000 ) ) ;
#2878 = CARTESIAN_POINT ( 'NONE',  ( -3.826954227899281180E-15, 22.02000000000000313, -5.094744111674454068 ) ) ;
#2879 = AXIS2_PLACEMENT_3D ( 'NONE', #1297, #2904, #2393 ) ;
#2880 = CARTESIAN_POINT ( 'NONE',  ( -45.95028632831597548, -30.48000002928346319, -147.4999999999999716 ) ) ;
#2881 = ORIENTED_EDGE ( 'NONE', *, *, #2996, .T. ) ;
#2882 = EDGE_CURVE ( 'NONE', #719, #1865, #3463, .T. ) ;
#2883 = CARTESIAN_POINT ( 'NONE',  ( -50.42500000000006821, 27.69350269189638070, -5.267949192431120586 ) ) ;
#2884 = EDGE_CURVE ( 'NONE', #867, #2980, #705, .T. ) ;
#2885 = ORIENTED_EDGE ( 'NONE', *, *, #2481, .F. ) ;
#2886 = CIRCLE ( 'NONE', #3285, 2.999999999999999112 ) ;
#2887 = ORIENTED_EDGE ( 'NONE', *, *, #596, .F. ) ;
#2888 = DIRECTION ( 'NONE',  ( 0.000000000000000000, -1.000000000000000000, 0.000000000000000000 ) ) ;
#2889 = DIRECTION ( 'NONE',  ( 0.000000000000000000, 0.000000000000000000, 1.000000000000000000 ) ) ;
#2890 = ORIENTED_EDGE ( 'NONE', *, *, #2930, .T. ) ;
#2891 = VECTOR ( 'NONE', #1993, 1000.000000000000000 ) ;
#2892 = ORIENTED_EDGE ( 'NONE', *, *, #2794, .F. ) ;
#2893 = CIRCLE ( 'NONE', #64, 3.251094394703411883 ) ;
#2894 = CARTESIAN_POINT ( 'NONE',  ( 0.000000000000000000, -6.979999999999997762, 0.000000000000000000 ) ) ;
#2895 = ORIENTED_EDGE ( 'NONE', *, *, #81, .T. ) ;
#2896 = VECTOR ( 'NONE', #2985, 1000.000000000000114 ) ;
#2897 = CARTESIAN_POINT ( 'NONE',  ( -48.94999469914930756, -5.407060699299610640, -145.5000019720722548 ) ) ;
#2898 = DIRECTION ( 'NONE',  ( 0.000000000000000000, 0.000000000000000000, -1.000000000000000000 ) ) ;
#2899 = FACE_OUTER_BOUND ( 'NONE', #816, .T. ) ;
#2900 = VECTOR ( 'NONE', #58, 1000.000000000000000 ) ;
#2901 = CARTESIAN_POINT ( 'NONE',  ( -39.08946609406723383, 24.39800000000000324, -145.5000024465209378 ) ) ;
#2902 = AXIS2_PLACEMENT_3D ( 'NONE', #731, #2391, #2125 ) ;
#2903 = EDGE_CURVE ( 'NONE', #2396, #164, #1292, .T. ) ;
#2904 = DIRECTION ( 'NONE',  ( 0.000000000000000000, 0.000000000000000000, -1.000000000000000000 ) ) ;
#2905 = AXIS2_PLACEMENT_3D ( 'NONE', #1057, #2157, #3251 ) ;
#2906 = ORIENTED_EDGE ( 'NONE', *, *, #2422, .T. ) ;
#2907 = ORIENTED_EDGE ( 'NONE', *, *, #2164, .F. ) ;
#2908 = EDGE_CURVE ( 'NONE', #2006, #2512, #1531, .T. ) ;
#2909 = CARTESIAN_POINT ( 'NONE',  ( 0.000000000000000000, 0.000000000000000000, -5.000000000000004441 ) ) ;
#2910 = FACE_BOUND ( 'NONE', #263, .T. ) ;
#2911 = EDGE_LOOP ( 'NONE', ( #160, #1088, #736, #1874 ) ) ;
#2912 = VERTEX_POINT ( 'NONE', #2162 ) ;
#2913 = EDGE_CURVE ( 'NONE', #777, #650, #476, .T. ) ;
#2914 = DIRECTION ( 'NONE',  ( 1.000000000000000000, 0.000000000000000000, -0.000000000000000000 ) ) ;
#2915 = ORIENTED_EDGE ( 'NONE', *, *, #1448, .T. ) ;
#2916 = DIRECTION ( 'NONE',  ( -0.000000000000000000, 0.000000000000000000, 1.000000000000000000 ) ) ;
#2917 = DIRECTION ( 'NONE',  ( 0.000000000000000000, 0.000000000000000000, 1.000000000000000000 ) ) ;
#2918 = FACE_OUTER_BOUND ( 'NONE', #1997, .T. ) ;
#2919 = DIRECTION ( 'NONE',  ( -7.383974344059563380E-14, 1.000000000000000000, 0.000000000000000000 ) ) ;
#2920 = DIRECTION ( 'NONE',  ( 0.000000000000000000, 0.000000000000000000, 1.000000000000000000 ) ) ;
#2921 = ORIENTED_EDGE ( 'NONE', *, *, #2913, .F. ) ;
#2922 = EDGE_LOOP ( 'NONE', ( #2525, #2377, #1828, #3105 ) ) ;
#2923 = LINE ( 'NONE', #2079, #1150 ) ;
#2924 = DIRECTION ( 'NONE',  ( -0.000000000000000000, -0.000000000000000000, 1.000000000000000000 ) ) ;
#2925 = ORIENTED_EDGE ( 'NONE', *, *, #1145, .T. ) ;
#2926 = EDGE_CURVE ( 'NONE', #2062, #1820, #1256, .T. ) ;
#2927 = ORIENTED_EDGE ( 'NONE', *, *, #2090, .T. ) ;
#2928 = CARTESIAN_POINT ( 'NONE',  ( 54.07500000000000284, 0.000000000000000000, -147.4999999999999716 ) ) ;
#2929 = ORIENTED_EDGE ( 'NONE', *, *, #2463, .T. ) ;
#2930 = EDGE_CURVE ( 'NONE', #103, #2034, #1309, .T. ) ;
#2931 = CARTESIAN_POINT ( 'NONE',  ( -47.95000000000000995, -4.992841836075812445, -145.5000020082843832 ) ) ;
#2932 = DIRECTION ( 'NONE',  ( -1.000000000000000000, 0.000000000000000000, 0.000000000000000000 ) ) ;
#2933 = CARTESIAN_POINT ( 'NONE',  ( 53.07500000000000284, 23.39800000000000324, -288.7883930123065284 ) ) ;
#2934 = AXIS2_PLACEMENT_3D ( 'NONE', #317, #86, #1767 ) ;
#2935 = CARTESIAN_POINT ( 'NONE',  ( -45.16053390593275196, 6.312893218813449003, -147.4999999999999716 ) ) ;
#2936 = CIRCLE ( 'NONE', #1784, 2.999999999999999112 ) ;
#2937 = FACE_OUTER_BOUND ( 'NONE', #863, .T. ) ;
#2938 = ORIENTED_EDGE ( 'NONE', *, *, #1364, .T. ) ;
#2939 = VECTOR ( 'NONE', #632, 1000.000000000000000 ) ;
#2940 = ORIENTED_EDGE ( 'NONE', *, *, #2287, .F. ) ;
#2941 = LINE ( 'NONE', #465, #3104 ) ;
#2942 = LINE ( 'NONE', #466, #3458 ) ;
#2943 = EDGE_LOOP ( 'NONE', ( #1165, #159 ) ) ;
#2944 = AXIS2_PLACEMENT_3D ( 'NONE', #139, #1796, #763 ) ;
#2945 = ORIENTED_EDGE ( 'NONE', *, *, #49, .F. ) ;
#2946 = LINE ( 'NONE', #1579, #1697 ) ;
#2947 = EDGE_CURVE ( 'NONE', #3083, #2634, #456, .T. ) ;
#2948 = ORIENTED_EDGE ( 'NONE', *, *, #2766, .F. ) ;
#2949 = AXIS2_PLACEMENT_3D ( 'NONE', #1589, #2698, #2408 ) ;
#2950 = LINE ( 'NONE', #1062, #242 ) ;
#2951 = PLANE ( 'NONE',  #128 ) ;
#2952 = CARTESIAN_POINT ( 'NONE',  ( -45.95061343523000374, -28.88061343523699875, -24.23067382164290251 ) ) ;
#2953 = EDGE_CURVE ( 'NONE', #267, #944, #3499, .T. ) ;
#2954 = TOROIDAL_SURFACE ( 'NONE', #1798, 11.00000000000000000, 3.000000000000000000 ) ;
#2955 = DIRECTION ( 'NONE',  ( 0.7071067811865521247, 0.7071067811865430208, 0.000000000000000000 ) ) ;
#2956 = AXIS2_PLACEMENT_3D ( 'NONE', #1327, #2444, #496 ) ;
#2957 = DIRECTION ( 'NONE',  ( 1.000000000000000000, 4.336808689942014285E-16, 0.000000000000000000 ) ) ;
#2958 = VERTEX_POINT ( 'NONE', #2087 ) ;
#2959 = EDGE_LOOP ( 'NONE', ( #927, #3177, #108, #429, #374, #2519, #2473, #3214 ) ) ;
#2960 = VECTOR ( 'NONE', #2966, 1000.000000000000000 ) ;
#2961 = CARTESIAN_POINT ( 'NONE',  ( 50.28500000000000369, 27.02000000000000313, -145.5000036149273228 ) ) ;
#2962 = CARTESIAN_POINT ( 'NONE',  ( 58.07500000000000284, 20.02000000000000668, 30.00000000000000000 ) ) ;
#2963 = ORIENTED_EDGE ( 'NONE', *, *, #483, .T. ) ;
#2964 = VECTOR ( 'NONE', #3567, 1000.000000000000000 ) ;
#2965 = ORIENTED_EDGE ( 'NONE', *, *, #3271, .F. ) ;
#2966 = DIRECTION ( 'NONE',  ( 1.000000000000000000, 1.301042606982604138E-15, -0.000000000000000000 ) ) ;
#2967 = DIRECTION ( 'NONE',  ( -1.000000000000000000, -0.000000000000000000, -0.000000000000000000 ) ) ;
#2968 = ORIENTED_EDGE ( 'NONE', *, *, #1298, .T. ) ;
#2969 = CARTESIAN_POINT ( 'NONE',  ( -54.42500000000000426, -7.979999999999997762, 18.00000000000000000 ) ) ;
#2970 = LINE ( 'NONE', #2736, #2549 ) ;
#2971 = DIRECTION ( 'NONE',  ( 0.000000000000000000, 0.000000000000000000, 1.000000000000000000 ) ) ;
#2972 = EDGE_CURVE ( 'NONE', #2580, #1994, #3518, .T. ) ;
#2973 = CARTESIAN_POINT ( 'NONE',  ( -47.55000002927647529, -28.87999999999999545, -144.4999999637140604 ) ) ;
#2974 = DIRECTION ( 'NONE',  ( -1.786290745155050262E-16, -8.742277700000010565E-08, -0.9999999999999963363 ) ) ;
#2975 = ORIENTED_EDGE ( 'NONE', *, *, #1848, .T. ) ;
#2976 = EDGE_CURVE ( 'NONE', #196, #3129, #353, .T. ) ;
#2977 = DIRECTION ( 'NONE',  ( -0.7071067811865516806, -0.7071067811865434649, 0.000000000000000000 ) ) ;
#2978 = DIRECTION ( 'NONE',  ( -1.000000000000000000, 0.000000000000000000, 0.000000000000000000 ) ) ;
#2979 = FACE_BOUND ( 'NONE', #1956, .T. ) ;
#2980 = VERTEX_POINT ( 'NONE', #2106 ) ;
#2981 = VERTEX_POINT ( 'NONE', #3201 ) ;
#2982 = DIRECTION ( 'NONE',  ( 0.000000000000000000, 0.000000000000000000, -1.000000000000000000 ) ) ;
#2983 = CARTESIAN_POINT ( 'NONE',  ( -45.95028632831597548, -30.48000002928346319, -147.4999999999999716 ) ) ;
#2984 = ORIENTED_EDGE ( 'NONE', *, *, #506, .T. ) ;
#2985 = DIRECTION ( 'NONE',  ( 5.906501379596537366E-17, -0.1736481776669348276, 0.9848077530122072432 ) ) ;
#2986 = DIRECTION ( 'NONE',  ( -0.000000000000000000, 1.000000000000000000, -0.000000000000000000 ) ) ;
#2987 = CARTESIAN_POINT ( 'NONE',  ( 53.07500000000000284, -4.822521190983211270E-06, -144.5000024447720648 ) ) ;
#2988 = AXIS2_PLACEMENT_3D ( 'NONE', #446, #2413, #2671 ) ;
#2989 = CARTESIAN_POINT ( 'NONE',  ( -45.16053390593275196, 6.312893218813449892, -145.5000029966631416 ) ) ;
#2990 = EDGE_CURVE ( 'NONE', #3509, #21, #3306, .T. ) ;
#2991 = ORIENTED_EDGE ( 'NONE', *, *, #1868, .F. ) ;
#2992 = AXIS2_PLACEMENT_3D ( 'NONE', #27, #1877, #779 ) ;
#2993 = EDGE_LOOP ( 'NONE', ( #2948, #2800, #1968, #3275 ) ) ;
#2994 = DIRECTION ( 'NONE',  ( 1.000000000000000000, 0.000000000000000000, -1.786290745155056918E-16 ) ) ;
#2995 = FACE_OUTER_BOUND ( 'NONE', #2851, .T. ) ;
#2996 = EDGE_CURVE ( 'NONE', #2803, #2365, #2214, .T. ) ;
#2997 = VECTOR ( 'NONE', #1675, 1000.000000000000000 ) ;
#2998 = ORIENTED_EDGE ( 'NONE', *, *, #550, .T. ) ;
#2999 = ORIENTED_EDGE ( 'NONE', *, *, #1347, .F. ) ;
#3000 = CARTESIAN_POINT ( 'NONE',  ( -49.20000000241140725, -28.87999999999954071, -147.4999999999999716 ) ) ;
#3001 = EDGE_CURVE ( 'NONE', #1901, #1194, #1381, .T. ) ;
#3002 = VERTEX_POINT ( 'NONE', #1638 ) ;
#3003 = CARTESIAN_POINT ( 'NONE',  ( -55.91500000000000625, 27.02000000000000313, 27.99999999999999645 ) ) ;
#3004 =( NAMED_UNIT ( * ) SI_UNIT ( $, .STERADIAN. ) SOLID_ANGLE_UNIT ( ) );
#3005 = CARTESIAN_POINT ( 'NONE',  ( 51.07500000000000284, -6.979999999999997762, -147.4999999999999716 ) ) ;
#3006 = CIRCLE ( 'NONE', #406, 3.247682533989646014 ) ;
#3007 = CARTESIAN_POINT ( 'NONE',  ( -47.95000000000000995, 5.020000000000003126, -145.5000028836348349 ) ) ;
#3008 = VECTOR ( 'NONE', #2644, 1000.000000000000000 ) ;
#3009 = DIRECTION ( 'NONE',  ( 0.000000000000000000, 0.000000000000000000, 1.000000000000000000 ) ) ;
#3010 = EDGE_LOOP ( 'NONE', ( #2455, #3284, #1267, #3099 ) ) ;
#3011 = CIRCLE ( 'NONE', #2035, 2.999999999999999112 ) ;
#3012 = EDGE_CURVE ( 'NONE', #1108, #2673, #2375, .T. ) ;
#3013 = DIRECTION ( 'NONE',  ( 0.000000000000000000, 0.000000000000000000, -1.000000000000000000 ) ) ;
#3014 = DIRECTION ( 'NONE',  ( 6.938893903907220489E-15, -0.9999999999999963363, 8.742276347284407451E-08 ) ) ;
#3015 = VECTOR ( 'NONE', #457, 1000.000000000000000 ) ;
#3016 = VERTEX_POINT ( 'NONE', #2474 ) ;
#3017 = EDGE_CURVE ( 'NONE', #2692, #147, #2230, .T. ) ;
#3018 = ORIENTED_EDGE ( 'NONE', *, *, #591, .F. ) ;
#3019 = DIRECTION ( 'NONE',  ( -0.000000000000000000, -0.000000000000000000, -1.000000000000000000 ) ) ;
#3020 = VECTOR ( 'NONE', #894, 1000.000000000000114 ) ;
#3021 = ORIENTED_EDGE ( 'NONE', *, *, #2247, .T. ) ;
#3022 = EDGE_CURVE ( 'NONE', #103, #1324, #1400, .T. ) ;
#3023 = CYLINDRICAL_SURFACE ( 'NONE', #3294, 1.000000000000000888 ) ;
#3024 = DIRECTION ( 'NONE',  ( -1.000000000000000000, -1.303201033694662163E-16, 0.000000000000000000 ) ) ;
#3025 = CARTESIAN_POINT ( 'NONE',  ( 5.100006971540176792, -219.0019874186044717, -144.4999999637140320 ) ) ;
#3026 = CARTESIAN_POINT ( 'NONE',  ( -45.86764068711929809, 6.020000000000003126, -145.5000029710575973 ) ) ;
#3027 = ORIENTED_EDGE ( 'NONE', *, *, #1961, .T. ) ;
#3028 = CARTESIAN_POINT ( 'NONE',  ( 53.07500000000000284, 21.92000000000004789, -145.5000024465209378 ) ) ;
#3029 = PLANE ( 'NONE',  #2601 ) ;
#3030 = VERTEX_POINT ( 'NONE', #3003 ) ;
#3031 = ORIENTED_EDGE ( 'NONE', *, *, #1370, .F. ) ;
#3032 = LINE ( 'NONE', #2507, #249 ) ;
#3033 = EDGE_CURVE ( 'NONE', #1156, #2235, #1114, .T. ) ;
#3034 = ORIENTED_EDGE ( 'NONE', *, *, #1240, .F. ) ;
#3035 = DIRECTION ( 'NONE',  ( -1.786290745155050508E-16, -8.742277700000013212E-08, -0.9999999999999961142 ) ) ;
#3036 = CARTESIAN_POINT ( 'NONE',  ( 16.74000348577005326, -16.74000348577026642, -147.4999999999999716 ) ) ;
#3037 = EDGE_CURVE ( 'NONE', #3509, #2629, #512, .T. ) ;
#3038 = DIRECTION ( 'NONE',  ( -1.000000000000000000, 0.000000000000000000, 0.000000000000000000 ) ) ;
#3039 = DIRECTION ( 'NONE',  ( 1.000000000000000000, 2.482609625727093977E-16, -0.000000000000000000 ) ) ;
#3040 = ORIENTED_EDGE ( 'NONE', *, *, #2930, .F. ) ;
#3041 = CARTESIAN_POINT ( 'NONE',  ( 56.29999999999999716, 23.12000000000258382, -149.0999999999999659 ) ) ;
#3042 = ORIENTED_EDGE ( 'NONE', *, *, #1868, .T. ) ;
#3043 = AXIS2_PLACEMENT_3D ( 'NONE', #1988, #1207, #1714 ) ;
#3044 = ORIENTED_EDGE ( 'NONE', *, *, #2619, .T. ) ;
#3045 = AXIS2_PLACEMENT_3D ( 'NONE', #3223, #191, #3452 ) ;
#3046 = DIRECTION ( 'NONE',  ( -1.000000000000000000, -4.336808689942013792E-16, 0.000000000000000000 ) ) ;
#3047 = ORIENTED_EDGE ( 'NONE', *, *, #1978, .T. ) ;
#3048 = PLANE ( 'NONE',  #646 ) ;
#3049 = ADVANCED_FACE ( 'NONE', ( #3538 ), #3023, .F. ) ;
#3050 = LINE ( 'NONE', #259, #1804 ) ;
#3051 = ORIENTED_EDGE ( 'NONE', *, *, #3125, .T. ) ;
#3052 = MECHANICAL_DESIGN_GEOMETRIC_PRESENTATION_REPRESENTATION (  '', ( #405 ), #2831 ) ;
#3053 = DIRECTION ( 'NONE',  ( 0.7071067811865496822, 0.7071067811865425767, -6.181723857316903054E-08 ) ) ;
#3054 = DIRECTION ( 'NONE',  ( 0.000000000000000000, 0.000000000000000000, -1.000000000000000000 ) ) ;
#3055 = ADVANCED_FACE ( 'NONE', ( #290 ), #1, .T. ) ;
#3056 = CARTESIAN_POINT ( 'NONE',  ( -53.41499999999999915, -3.688583756330135355, -6.652703644666136285 ) ) ;
#3057 = CARTESIAN_POINT ( 'NONE',  ( 4.600006971540172351, -28.87999999999998835, -144.4999999637140320 ) ) ;
#3058 = CIRCLE ( 'NONE', #3397, 1.599386627496458768 ) ;
#3059 = VERTEX_POINT ( 'NONE', #1078 ) ;
#3060 = EDGE_CURVE ( 'NONE', #2006, #965, #532, .T. ) ;
#3061 = AXIS2_PLACEMENT_3D ( 'NONE', #294, #856, #1958 ) ;
#3062 = CARTESIAN_POINT ( 'NONE',  ( 1.892900190353556944, -31.58710678118657000, -89.33679033377740097 ) ) ;
#3063 = ORIENTED_EDGE ( 'NONE', *, *, #677, .T. ) ;
#3064 = AXIS2_PLACEMENT_3D ( 'NONE', #893, #1773, #51 ) ;
#3065 = ORIENTED_EDGE ( 'NONE', *, *, #2267, .T. ) ;
#3066 = VECTOR ( 'NONE', #2570, 1000.000000000000000 ) ;
#3067 = DIRECTION ( 'NONE',  ( 1.000000000000000000, 0.000000000000000000, 0.000000000000000000 ) ) ;
#3068 = DIRECTION ( 'NONE',  ( -0.000000000000000000, -0.000000000000000000, 1.000000000000000000 ) ) ;
#3069 = ORIENTED_EDGE ( 'NONE', *, *, #297, .T. ) ;
#3070 = CIRCLE ( 'NONE', #1351, 1.000000000000000222 ) ;
#3071 = CARTESIAN_POINT ( 'NONE',  ( 50.28500000000000369, 21.91999999999999460, -145.5000024465209378 ) ) ;
#3072 = LINE ( 'NONE', #3320, #2160 ) ;
#3073 = VECTOR ( 'NONE', #3107, 1000.000000000000000 ) ;
#3074 = ORIENTED_EDGE ( 'NONE', *, *, #2440, .F. ) ;
#3075 = CARTESIAN_POINT ( 'NONE',  ( 53.04890579710099985, 23.11890579710099303, -149.0999999999999659 ) ) ;
#3076 = DIRECTION ( 'NONE',  ( 1.000000000000000000, 0.000000000000000000, 0.000000000000000000 ) ) ;
#3077 = LINE ( 'NONE', #487, #540 ) ;
#3078 = DIRECTION ( 'NONE',  ( 0.000000000000000000, 0.000000000000000000, -1.000000000000000000 ) ) ;
#3079 = ADVANCED_FACE ( 'NONE', ( #802 ), #3048, .F. ) ;
#3080 = EDGE_LOOP ( 'NONE', ( #2367, #1783, #2065, #2874 ) ) ;
#3081 = DIRECTION ( 'NONE',  ( -1.000000000000000000, 0.000000000000000000, 0.000000000000000000 ) ) ;
#3082 = EDGE_CURVE ( 'NONE', #2695, #1168, #1286, .T. ) ;
#3083 = VERTEX_POINT ( 'NONE', #869 ) ;
#3084 = ORIENTED_EDGE ( 'NONE', *, *, #2237, .T. ) ;
#3085 = DIRECTION ( 'NONE',  ( -1.000000000000000000, 0.000000000000000000, 0.000000000000000000 ) ) ;
#3086 = DIRECTION ( 'NONE',  ( 4.371138800000000469E-08, -0.9999999999999952260, 8.742277700000001300E-08 ) ) ;
#3087 = ORIENTED_EDGE ( 'NONE', *, *, #3400, .T. ) ;
#3088 = CARTESIAN_POINT ( 'NONE',  ( -59.89500000000000313, -18.67999999999999972, -144.0999999999999375 ) ) ;
#3089 = DIRECTION ( 'NONE',  ( 0.000000000000000000, 0.000000000000000000, 1.000000000000000000 ) ) ;
#3090 = VERTEX_POINT ( 'NONE', #1130 ) ;
#3091 = CARTESIAN_POINT ( 'NONE',  ( 53.07500000000000284, 23.39800000000000324, -145.5000024465209378 ) ) ;
#3092 = CARTESIAN_POINT ( 'NONE',  ( -53.41500000000000625, 22.02000000000000313, -5.094744111674406994 ) ) ;
#3093 = CARTESIAN_POINT ( 'NONE',  ( 53.07499999999999574, 27.02000000000000313, 30.00000000000000000 ) ) ;
#3094 = CARTESIAN_POINT ( 'NONE',  ( 61.07500000000000995, -22.37999999999999901, 27.00000000000000000 ) ) ;
#3095 = EDGE_LOOP ( 'NONE', ( #3505, #1914, #2744, #3453 ) ) ;
#3096 = EDGE_CURVE ( 'NONE', #1749, #2112, #3334, .T. ) ;
#3097 = LINE ( 'NONE', #1730, #981 ) ;
#3098 = ORIENTED_EDGE ( 'NONE', *, *, #526, .F. ) ;
#3099 = ORIENTED_EDGE ( 'NONE', *, *, #1890, .F. ) ;
#3100 = EDGE_CURVE ( 'NONE', #142, #2810, #579, .T. ) ;
#3101 = LINE ( 'NONE', #1502, #1950 ) ;
#3102 = EDGE_CURVE ( 'NONE', #2958, #1379, #3123, .T. ) ;
#3103 = PLANE ( 'NONE',  #2716 ) ;
#3104 = VECTOR ( 'NONE', #1856, 1000.000000000000000 ) ;
#3105 = ORIENTED_EDGE ( 'NONE', *, *, #3100, .T. ) ;
#3106 = CARTESIAN_POINT ( 'NONE',  ( -42.33210678118653902, 21.15535931288073712, -147.4999999999999716 ) ) ;
#3107 = DIRECTION ( 'NONE',  ( -1.000000000000000000, -0.000000000000000000, -0.000000000000000000 ) ) ;
#3108 = VERTEX_POINT ( 'NONE', #2510 ) ;
#3109 = LINE ( 'NONE', #640, #1973 ) ;
#3110 = FACE_OUTER_BOUND ( 'NONE', #28, .T. ) ;
#3111 = CARTESIAN_POINT ( 'NONE',  ( -53.41499999999999204, -28.37999999999999545, -145.4999999637140604 ) ) ;
#3112 = CARTESIAN_POINT ( 'NONE',  ( 53.07500000000000284, 0.000000000000000000, -288.7883930123065284 ) ) ;
#3113 = VERTEX_POINT ( 'NONE', #35 ) ;
#3114 = VECTOR ( 'NONE', #958, 1000.000000000000000 ) ;
#3115 = VECTOR ( 'NONE', #2467, 1000.000000000000114 ) ;
#3116 = CARTESIAN_POINT ( 'NONE',  ( -54.42500000000001137, 27.02000000000000668, 24.50000000000000000 ) ) ;
#3117 = ORIENTED_EDGE ( 'NONE', *, *, #788, .T. ) ;
#3118 = EDGE_CURVE ( 'NONE', #507, #2201, #1348, .T. ) ;
#3119 = AXIS2_PLACEMENT_3D ( 'NONE', #2054, #1167, #2340 ) ;
#3120 = VERTEX_POINT ( 'NONE', #673 ) ;
#3121 = CARTESIAN_POINT ( 'NONE',  ( 16.74000107450951802, -16.74000589703080166, -144.5000009813146846 ) ) ;
#3122 = DIRECTION ( 'NONE',  ( 1.000000000000000000, 0.000000000000000000, 0.000000000000000000 ) ) ;
#3123 = CIRCLE ( 'NONE', #1571, 1.250000000000007994 ) ;
#3124 = ORIENTED_EDGE ( 'NONE', *, *, #1428, .F. ) ;
#3125 = EDGE_CURVE ( 'NONE', #2034, #2501, #2012, .T. ) ;
#3126 = CIRCLE ( 'NONE', #2725, 3.251094394703411883 ) ;
#3127 = LINE ( 'NONE', #1488, #3520 ) ;
#3128 = CARTESIAN_POINT ( 'NONE',  ( -58.64499999999998892, 16.32000000000000384, -149.0999999999999659 ) ) ;
#3129 = VERTEX_POINT ( 'NONE', #1434 ) ;
#3130 = ADVANCED_FACE ( 'NONE', ( #1237 ), #2801, .T. ) ;
#3131 = DIRECTION ( 'NONE',  ( -1.000000000000000000, 0.000000000000000000, 0.000000000000000000 ) ) ;
#3132 = DIRECTION ( 'NONE',  ( 0.000000000000000000, -0.9999999999999963363, 8.742276347284415392E-08 ) ) ;
#3133 = AXIS2_PLACEMENT_3D ( 'NONE', #1203, #1493, #1727 ) ;
#3134 = CYLINDRICAL_SURFACE ( 'NONE', #3527, 1.250000000000001110 ) ;
#3135 = DIRECTION ( 'NONE',  ( 1.000000000000000000, 0.000000000000000000, 0.000000000000000000 ) ) ;
#3136 = VECTOR ( 'NONE', #3373, 1000.000000000000000 ) ;
#3137 = LINE ( 'NONE', #65, #1614 ) ;
#3138 = ORIENTED_EDGE ( 'NONE', *, *, #792, .F. ) ;
#3139 = ORIENTED_EDGE ( 'NONE', *, *, #163, .F. ) ;
#3140 = DIRECTION ( 'NONE',  ( -0.7071067811865510144, -0.7071067811865441310, 0.000000000000000000 ) ) ;
#3141 = CARTESIAN_POINT ( 'NONE',  ( -49.20000000000000995, -28.87999999999999545, -147.4999999999999716 ) ) ;
#3142 = VERTEX_POINT ( 'NONE', #3143 ) ;
#3143 = CARTESIAN_POINT ( 'NONE',  ( 54.07500000000000284, -17.12759006990701138, -144.5000009474310048 ) ) ;
#3144 = LINE ( 'NONE', #2602, #2785 ) ;
#3145 = EDGE_CURVE ( 'NONE', #3525, #2045, #1161, .T. ) ;
#3146 = ORIENTED_EDGE ( 'NONE', *, *, #2619, .F. ) ;
#3147 = DIRECTION ( 'NONE',  ( -0.7071067811865462405, 0.7071067811865462405, -6.181723832054969936E-08 ) ) ;
#3148 = FACE_OUTER_BOUND ( 'NONE', #215, .T. ) ;
#3149 = DIRECTION ( 'NONE',  ( -0.000000000000000000, -0.000000000000000000, -1.000000000000000000 ) ) ;
#3150 = EDGE_CURVE ( 'NONE', #1015, #3016, #110, .T. ) ;
#3151 = CARTESIAN_POINT ( 'NONE',  ( -58.42499999999999716, 20.02000000000000313, 27.00000000000000000 ) ) ;
#3152 = PLANE ( 'NONE',  #396 ) ;
#3153 = ORIENTED_EDGE ( 'NONE', *, *, #1843, .F. ) ;
#3154 = VERTEX_POINT ( 'NONE', #2315 ) ;
#3155 = DIRECTION ( 'NONE',  ( 0.000000000000000000, -0.000000000000000000, 1.000000000000000000 ) ) ;
#3156 = CARTESIAN_POINT ( 'NONE',  ( 53.07500000000000284, 0.02000000000002954276, -155.7462112512352803 ) ) ;
#3157 = ORIENTED_EDGE ( 'NONE', *, *, #2633, .F. ) ;
#3158 = VERTEX_POINT ( 'NONE', #2872 ) ;
#3159 = DIRECTION ( 'NONE',  ( 0.000000000000000000, 0.000000000000000000, 1.000000000000000000 ) ) ;
#3160 = VERTEX_POINT ( 'NONE', #2050 ) ;
#3161 = VECTOR ( 'NONE', #628, 1000.000000000000000 ) ;
#3162 = EDGE_CURVE ( 'NONE', #257, #2583, #1056, .T. ) ;
#3163 = LINE ( 'NONE', #1437, #1456 ) ;
#3164 = CARTESIAN_POINT ( 'NONE',  ( -47.55000002927647529, -28.88028632831923659, -24.23067382164290251 ) ) ;
#3165 = PLANE ( 'NONE',  #2436 ) ;
#3166 = AXIS2_PLACEMENT_3D ( 'NONE', #937, #2270, #643 ) ;
#3167 = FILL_AREA_STYLE_COLOUR ( '', #1677 ) ;
#3168 = EDGE_CURVE ( 'NONE', #2583, #1946, #619, .T. ) ;
#3169 = CARTESIAN_POINT ( 'NONE',  ( 58.07500000000000284, 20.02000000000000668, 27.00000000000000000 ) ) ;
#3170 = ORIENTED_EDGE ( 'NONE', *, *, #506, .F. ) ;
#3171 = EDGE_CURVE ( 'NONE', #17, #467, #74, .T. ) ;
#3172 = EDGE_CURVE ( 'NONE', #1769, #2647, #3127, .T. ) ;
#3173 = AXIS2_PLACEMENT_3D ( 'NONE', #1133, #2234, #2790 ) ;
#3174 = ORIENTED_EDGE ( 'NONE', *, *, #3433, .F. ) ;
#3175 = CARTESIAN_POINT ( 'NONE',  ( -41.62499999999999289, 20.44825253169418389, -147.4999999999999716 ) ) ;
#3176 = DIRECTION ( 'NONE',  ( 1.000000000000000000, -0.000000000000000000, -7.511572993685659078E-16 ) ) ;
#3177 = ORIENTED_EDGE ( 'NONE', *, *, #1890, .T. ) ;
#3178 = VECTOR ( 'NONE', #2258, 1000.000000000000000 ) ;
#3179 = ORIENTED_EDGE ( 'NONE', *, *, #2506, .F. ) ;
#3180 = AXIS2_PLACEMENT_3D ( 'NONE', #482, #1296, #515 ) ;
#3181 = DIRECTION ( 'NONE',  ( 0.000000000000000000, 0.000000000000000000, 1.000000000000000000 ) ) ;
#3182 = ORIENTED_EDGE ( 'NONE', *, *, #3295, .F. ) ;
#3183 = AXIS2_PLACEMENT_3D ( 'NONE', #1793, #57, #2266 ) ;
#3184 = DIRECTION ( 'NONE',  ( -3.143578716115337035E-16, 0.9999999999999961142, -8.742277700000009241E-08 ) ) ;
#3185 = DIRECTION ( 'NONE',  ( 1.000000000000000000, 0.000000000000000000, 0.000000000000000000 ) ) ;
#3186 = CARTESIAN_POINT ( 'NONE',  ( 53.07500000000000995, 12.01511394010296563, -147.4999999999999716 ) ) ;
#3187 = AXIS2_PLACEMENT_3D ( 'NONE', #3482, #1532, #2658 ) ;
#3188 = CIRCLE ( 'NONE', #73, 5.000000000000000000 ) ;
#3189 = DIRECTION ( 'NONE',  ( 0.000000000000000000, 0.000000000000000000, 1.000000000000000000 ) ) ;
#3190 = CARTESIAN_POINT ( 'NONE',  ( 1.892900190353558720, -31.58710678118657000, -147.4999999999999716 ) ) ;
#3191 = ADVANCED_FACE ( 'NONE', ( #1974 ), #1450, .T. ) ;
#3192 = ORIENTED_EDGE ( 'NONE', *, *, #1079, .T. ) ;
#3193 = ORIENTED_EDGE ( 'NONE', *, *, #195, .F. ) ;
#3194 = LINE ( 'NONE', #2961, #1045 ) ;
#3195 = FACE_OUTER_BOUND ( 'NONE', #490, .T. ) ;
#3196 = EDGE_CURVE ( 'NONE', #1156, #2345, #1472, .T. ) ;
#3197 = ORIENTED_EDGE ( 'NONE', *, *, #2486, .F. ) ;
#3198 = VERTEX_POINT ( 'NONE', #3354 ) ;
#3199 = PLANE ( 'NONE',  #1408 ) ;
#3200 = ORIENTED_EDGE ( 'NONE', *, *, #1606, .F. ) ;
#3201 = CARTESIAN_POINT ( 'NONE',  ( 54.07500000000000284, -17.12759006990700783, -147.4999999999999716 ) ) ;
#3202 = LINE ( 'NONE', #1008, #2096 ) ;
#3203 = CARTESIAN_POINT ( 'NONE',  ( -38.67525253169414867, 23.39800000000000324, -147.4999999999999716 ) ) ;
#3204 = ORIENTED_EDGE ( 'NONE', *, *, #3490, .T. ) ;
#3205 = DIRECTION ( 'NONE',  ( 0.000000000000000000, 0.000000000000000000, -1.000000000000000000 ) ) ;
#3206 = CARTESIAN_POINT ( 'NONE',  ( -53.42500000000000426, 26.92000000000000171, -16.60769515458676437 ) ) ;
#3207 = VERTEX_POINT ( 'NONE', #3071 ) ;
#3208 = EDGE_CURVE ( 'NONE', #3030, #1513, #1198, .T. ) ;
#3209 = ORIENTED_EDGE ( 'NONE', *, *, #3382, .F. ) ;
#3210 = FACE_OUTER_BOUND ( 'NONE', #1701, .T. ) ;
#3211 = CARTESIAN_POINT ( 'NONE',  ( -47.42500000000000426, -36.37999999999999545, -149.0999999999999659 ) ) ;
#3212 = ORIENTED_EDGE ( 'NONE', *, *, #2884, .F. ) ;
#3213 = ADVANCED_FACE ( 'NONE', ( #2336 ), #92, .T. ) ;
#3214 = ORIENTED_EDGE ( 'NONE', *, *, #1320, .T. ) ;
#3215 = ORIENTED_EDGE ( 'NONE', *, *, #2052, .T. ) ;
#3216 = EDGE_CURVE ( 'NONE', #2980, #3478, #3408, .T. ) ;
#3217 = DIRECTION ( 'NONE',  ( 0.000000000000000000, -0.9999999999999963363, 8.742276347284415392E-08 ) ) ;
#3218 = CARTESIAN_POINT ( 'NONE',  ( -45.95061343523000374, -28.88061343523699875, -149.0999999999999659 ) ) ;
#3219 = CARTESIAN_POINT ( 'NONE',  ( 58.07500000000000995, -22.37999999999999190, 27.00000000000000000 ) ) ;
#3220 = AXIS2_PLACEMENT_3D ( 'NONE', #2186, #1910, #542 ) ;
#3221 = PLANE ( 'NONE',  #2317 ) ;
#3222 = AXIS2_PLACEMENT_3D ( 'NONE', #1330, #2684, #2429 ) ;
#3223 = CARTESIAN_POINT ( 'NONE',  ( -48.95000000000000995, 6.020000000000003126, -24.23067382164290251 ) ) ;
#3224 = VERTEX_POINT ( 'NONE', #3088 ) ;
#3225 = ORIENTED_EDGE ( 'NONE', *, *, #1013, .F. ) ;
#3226 = DIRECTION ( 'NONE',  ( 0.000000000000000000, 0.000000000000000000, -1.000000000000000000 ) ) ;
#3227 = FACE_BOUND ( 'NONE', #1069, .T. ) ;
#3228 = ORIENTED_EDGE ( 'NONE', *, *, #3172, .F. ) ;
#3229 = VECTOR ( 'NONE', #510, 1000.000000000000000 ) ;
#3230 = CARTESIAN_POINT ( 'NONE',  ( -48.95000000000000995, -5.407055398448904704, -24.23067382164290251 ) ) ;
#3231 = CARTESIAN_POINT ( 'NONE',  ( -53.41500000000000625, 26.92000000000000171, -16.60769515458679280 ) ) ;
#3232 = AXIS2_PLACEMENT_3D ( 'NONE', #866, #1397, #1900 ) ;
#3233 = EDGE_CURVE ( 'NONE', #1184, #2675, #2296, .T. ) ;
#3234 = ORIENTED_EDGE ( 'NONE', *, *, #3521, .T. ) ;
#3235 = AXIS2_PLACEMENT_3D ( 'NONE', #1359, #3278, #2724 ) ;
#3236 = PLANE ( 'NONE',  #1170 ) ;
#3237 = LINE ( 'NONE', #2715, #770 ) ;
#3238 = EDGE_CURVE ( 'NONE', #1841, #1499, #340, .T. ) ;
#3239 = AXIS2_PLACEMENT_3D ( 'NONE', #896, #382, #969 ) ;
#3240 = CARTESIAN_POINT ( 'NONE',  ( -45.95061343523000374, -28.88061343523699875, -145.4999999199490617 ) ) ;
#3241 = VECTOR ( 'NONE', #3376, 1000.000000000000000 ) ;
#3242 = CARTESIAN_POINT ( 'NONE',  ( -54.42499999999999005, -28.88000000000002743, 24.49999999999999289 ) ) ;
#3243 = EDGE_LOOP ( 'NONE', ( #1200, #418, #590, #112, #2275, #2228, #2130, #575, #416, #373, #1442, #1572, #1844, #3401, #2206, #2022, #1031, #319, #3170, #2442, #3349, #2243, #3474, #2740, #735 ) ) ;
#3244 = AXIS2_PLACEMENT_3D ( 'NONE', #2554, #2825, #1188 ) ;
#3245 = DIRECTION ( 'NONE',  ( -1.000000000000000000, 0.000000000000000000, 0.000000000000000000 ) ) ;
#3246 = VECTOR ( 'NONE', #2765, 1000.000000000000000 ) ;
#3247 = CARTESIAN_POINT ( 'NONE',  ( -38.67525253169414867, 24.39800000000000324, -145.5000045777133835 ) ) ;
#3248 = DIRECTION ( 'NONE',  ( 0.000000000000000000, 0.000000000000000000, -1.000000000000000000 ) ) ;
#3249 = VERTEX_POINT ( 'NONE', #3106 ) ;
#3250 = VERTEX_POINT ( 'NONE', #2838 ) ;
#3251 = DIRECTION ( 'NONE',  ( -1.000000000000000000, 0.000000000000000000, 0.000000000000000000 ) ) ;
#3252 = CARTESIAN_POINT ( 'NONE',  ( 1.185793409167090084, -31.88000000000002032, -144.4999996577343495 ) ) ;
#3253 = VERTEX_POINT ( 'NONE', #360 ) ;
#3254 = FACE_OUTER_BOUND ( 'NONE', #3565, .T. ) ;
#3255 = EDGE_CURVE ( 'NONE', #1155, #1826, #1709, .T. ) ;
#3256 = LINE ( 'NONE', #787, #1692 ) ;
#3257 = LINE ( 'NONE', #3502, #1630 ) ;
#3258 = EDGE_CURVE ( 'NONE', #2174, #1769, #1421, .T. ) ;
#3259 = CARTESIAN_POINT ( 'NONE',  ( -42.62499999999999289, 20.86246609406728325, -147.4999999999999716 ) ) ;
#3260 = ORIENTED_EDGE ( 'NONE', *, *, #1059, .F. ) ;
#3261 = CARTESIAN_POINT ( 'NONE',  ( -53.41499999999999915, 21.91999999999993776, -145.5000024465209378 ) ) ;
#3262 = DIRECTION ( 'NONE',  ( 0.000000000000000000, 0.000000000000000000, -1.000000000000000000 ) ) ;
#3263 = DIRECTION ( 'NONE',  ( 0.000000000000000000, -1.000000000000000000, -1.241304812863546742E-16 ) ) ;
#3264 = VERTEX_POINT ( 'NONE', #2552 ) ;
#3265 = ORIENTED_EDGE ( 'NONE', *, *, #696, .T. ) ;
#3266 = LINE ( 'NONE', #848, #307 ) ;
#3267 = CARTESIAN_POINT ( 'NONE',  ( -53.16499999999999204, -28.88000000000000966, 24.49999999999999289 ) ) ;
#3268 = ORIENTED_EDGE ( 'NONE', *, *, #1656, .T. ) ;
#3269 = DIRECTION ( 'NONE',  ( 1.000000000000000000, 3.401418580346680819E-16, -0.000000000000000000 ) ) ;
#3270 = DIRECTION ( 'NONE',  ( 1.786290745155049769E-16, 8.742277700000010565E-08, 0.9999999999999962252 ) ) ;
#3271 = EDGE_CURVE ( 'NONE', #2400, #932, #2788, .T. ) ;
#3272 = DIRECTION ( 'NONE',  ( 0.000000000000000000, 0.000000000000000000, -1.000000000000000000 ) ) ;
#3273 = AXIS2_PLACEMENT_3D ( 'NONE', #3206, #681, #1012 ) ;
#3274 = EDGE_CURVE ( 'NONE', #1089, #377, #2586, .T. ) ;
#3275 = ORIENTED_EDGE ( 'NONE', *, *, #498, .F. ) ;
#3276 = CARTESIAN_POINT ( 'NONE',  ( -39.47283204934798562, -30.47999994186070083, -144.4999997801262452 ) ) ;
#3277 = CARTESIAN_POINT ( 'NONE',  ( -42.62499999999999289, 8.848416523044642545, -145.5000032183256167 ) ) ;
#3278 = DIRECTION ( 'NONE',  ( -1.786290745155050262E-16, -8.742277700000010565E-08, -0.9999999999999963363 ) ) ;
#3279 = ADVANCED_FACE ( 'NONE', ( #876 ), #641, .T. ) ;
#3280 = ORIENTED_EDGE ( 'NONE', *, *, #2247, .F. ) ;
#3281 = ORIENTED_EDGE ( 'NONE', *, *, #1516, .F. ) ;
#3282 = LINE ( 'NONE', #1075, #2330 ) ;
#3283 = DIRECTION ( 'NONE',  ( -1.000000000000000000, 0.000000000000000000, -0.000000000000000000 ) ) ;
#3284 = ORIENTED_EDGE ( 'NONE', *, *, #3082, .T. ) ;
#3285 = AXIS2_PLACEMENT_3D ( 'NONE', #3151, #3513, #679 ) ;
#3286 = CARTESIAN_POINT ( 'NONE',  ( -53.41499999999999915, -3.979999999999997318, -5.000000000000006217 ) ) ;
#3287 = CIRCLE ( 'NONE', #1451, 2.999999999999999112 ) ;
#3288 = DIRECTION ( 'NONE',  ( 1.252507924893001316E-16, -1.000000000000000000, 0.000000000000000000 ) ) ;
#3289 = AXIS2_PLACEMENT_3D ( 'NONE', #3438, #2672, #1822 ) ;
#3290 = CARTESIAN_POINT ( 'NONE',  ( 54.07500000000000284, 3.247658427167244621, -89.33679033377740097 ) ) ;
#3291 = CIRCLE ( 'NONE', #2483, 1.000000000000001110 ) ;
#3292 = CARTESIAN_POINT ( 'NONE',  ( -61.42499999999999716, -6.054283494992921158E-15, 27.00000000000002487 ) ) ;
#3293 = ORIENTED_EDGE ( 'NONE', *, *, #2637, .F. ) ;
#3294 = AXIS2_PLACEMENT_3D ( 'NONE', #852, #841, #2459 ) ;
#3295 = EDGE_CURVE ( 'NONE', #917, #1880, #3126, .T. ) ;
#3296 = DIRECTION ( 'NONE',  ( 0.000000000000000000, 0.9999999999999961142, -8.742277700000009241E-08 ) ) ;
#3297 = DIRECTION ( 'NONE',  ( 0.000000000000000000, 0.000000000000000000, -1.000000000000000000 ) ) ;
#3298 = AXIS2_PLACEMENT_3D ( 'NONE', #914, #3054, #1148 ) ;
#3299 = ORIENTED_EDGE ( 'NONE', *, *, #3510, .T. ) ;
#3300 = VECTOR ( 'NONE', #2269, 1000.000000000000227 ) ;
#3301 = ORIENTED_EDGE ( 'NONE', *, *, #1909, .F. ) ;
#3302 = EDGE_CURVE ( 'NONE', #2201, #1040, #766, .T. ) ;
#3303 = PLANE ( 'NONE',  #2786 ) ;
#3304 = AXIS2_PLACEMENT_3D ( 'NONE', #3128, #398, #93 ) ;
#3305 = ORIENTED_EDGE ( 'NONE', *, *, #2379, .T. ) ;
#3306 = LINE ( 'NONE', #3286, #2896 ) ;
#3307 = FACE_OUTER_BOUND ( 'NONE', #1028, .T. ) ;
#3308 = PLANE ( 'NONE',  #3061 ) ;
#3309 = DIRECTION ( 'NONE',  ( 0.000000000000000000, 0.000000000000000000, 1.000000000000000000 ) ) ;
#3310 = ORIENTED_EDGE ( 'NONE', *, *, #2310, .T. ) ;
#3311 = DIRECTION ( 'NONE',  ( 1.000000000000000000, 0.000000000000000000, 0.000000000000000000 ) ) ;
#3312 = ORIENTED_EDGE ( 'NONE', *, *, #1839, .F. ) ;
#3313 = EDGE_CURVE ( 'NONE', #2161, #1003, #2378, .T. ) ;
#3314 = ORIENTED_EDGE ( 'NONE', *, *, #3427, .F. ) ;
#3315 = FACE_OUTER_BOUND ( 'NONE', #1775, .T. ) ;
#3316 = CARTESIAN_POINT ( 'NONE',  ( -47.55000002927648239, -7.221268931545525405, -145.5000018134690833 ) ) ;
#3317 = ORIENTED_EDGE ( 'NONE', *, *, #1352, .T. ) ;
#3318 = EDGE_CURVE ( 'NONE', #948, #1823, #2844, .T. ) ;
#3319 = DIRECTION ( 'NONE',  ( -3.401418580346681312E-16, 1.000000000000000000, -0.000000000000000000 ) ) ;
#3320 = CARTESIAN_POINT ( 'NONE',  ( -55.91500000000000625, 26.52000000000000313, 30.00000000000000000 ) ) ;
#3321 = EDGE_CURVE ( 'NONE', #1752, #932, #1726, .T. ) ;
#3322 = CARTESIAN_POINT ( 'NONE',  ( -47.55000002927647529, -28.37999999999999545, -145.4999999637140604 ) ) ;
#3323 = CARTESIAN_POINT ( 'NONE',  ( -53.41499999999999915, -5.658199262354549397, -5.000000000000004441 ) ) ;
#3324 = CARTESIAN_POINT ( 'NONE',  ( -53.42499999999999716, 0.02000000000000178718, -155.7462112512352803 ) ) ;
#3325 = ORIENTED_EDGE ( 'NONE', *, *, #1295, .F. ) ;
#3326 = AXIS2_PLACEMENT_3D ( 'NONE', #1212, #3421, #1770 ) ;
#3327 = DIRECTION ( 'NONE',  ( 1.000000000000000000, -0.000000000000000000, -0.000000000000000000 ) ) ;
#3328 = EDGE_LOOP ( 'NONE', ( #2984, #1462, #2703, #1135, #3371, #1679, #2364, #2700, #1034, #178, #225, #834, #1991, #3553, #2458, #3069, #960, #328, #1125, #3065, #728, #302, #2620, #200, #2550, #2416, #765, #2991, #1582, #1490, #1178, #54, #3312, #1985, #427, #2418, #63, #2678 ) ) ;
#3329 = ORIENTED_EDGE ( 'NONE', *, *, #2010, .F. ) ;
#3330 = CIRCLE ( 'NONE', #3166, 3.247682533989646014 ) ;
#3331 = FACE_OUTER_BOUND ( 'NONE', #1520, .T. ) ;
#3332 = LINE ( 'NONE', #1703, #697 ) ;
#3333 = ORIENTED_EDGE ( 'NONE', *, *, #183, .T. ) ;
#3334 = LINE ( 'NONE', #1401, #2149 ) ;
#3335 = LINE ( 'NONE', #1435, #3246 ) ;
#3336 = EDGE_CURVE ( 'NONE', #120, #2493, #2533, .T. ) ;
#3337 = VERTEX_POINT ( 'NONE', #114 ) ;
#3338 = FACE_OUTER_BOUND ( 'NONE', #1365, .T. ) ;
#3339 = CARTESIAN_POINT ( 'NONE',  ( 47.07499999999999574, 20.02000000000000313, 30.00000000000000000 ) ) ;
#3340 = LINE ( 'NONE', #59, #3410 ) ;
#3341 = ADVANCED_FACE ( 'NONE', ( #367 ), #1438, .F. ) ;
#3342 = DIRECTION ( 'NONE',  ( 0.000000000000000000, 0.000000000000000000, -1.000000000000000000 ) ) ;
#3343 = VECTOR ( 'NONE', #2924, 1000.000000000000000 ) ;
#3344 = ORIENTED_EDGE ( 'NONE', *, *, #75, .F. ) ;
#3345 = VECTOR ( 'NONE', #2434, 1000.000000000000000 ) ;
#3346 = CARTESIAN_POINT ( 'NONE',  ( -42.33210678118653902, 21.15535931288073712, -147.4999999999999716 ) ) ;
#3347 = ORIENTED_EDGE ( 'NONE', *, *, #2972, .F. ) ;
#3348 = VECTOR ( 'NONE', #3481, 1000.000000000000000 ) ;
#3349 = ORIENTED_EDGE ( 'NONE', *, *, #2520, .T. ) ;
#3350 = VECTOR ( 'NONE', #1739, 1000.000000000000000 ) ;
#3351 = LINE ( 'NONE', #3402, #925 ) ;
#3352 = DIRECTION ( 'NONE',  ( 0.000000000000000000, 0.000000000000000000, 1.000000000000000000 ) ) ;
#3353 = ORIENTED_EDGE ( 'NONE', *, *, #276, .F. ) ;
#3354 = CARTESIAN_POINT ( 'NONE',  ( -49.19999992523469245, 23.11980665664884782, -149.0999999999999659 ) ) ;
#3355 = LINE ( 'NONE', #2281, #3020 ) ;
#3356 = VECTOR ( 'NONE', #1038, 1000.000000000000000 ) ;
#3357 = ORIENTED_EDGE ( 'NONE', *, *, #1713, .T. ) ;
#3358 = EDGE_CURVE ( 'NONE', #2613, #156, #2860, .T. ) ;
#3359 = DIRECTION ( 'NONE',  ( 0.000000000000000000, 0.000000000000000000, 1.000000000000000000 ) ) ;
#3360 = DIRECTION ( 'NONE',  ( 0.000000000000000000, 0.1736481776669348553, -0.9848077530122072432 ) ) ;
#3361 = DIRECTION ( 'NONE',  ( 0.000000000000000000, 0.000000000000000000, -1.000000000000000000 ) ) ;
#3362 = LINE ( 'NONE', #1204, #3449 ) ;
#3363 = ORIENTED_EDGE ( 'NONE', *, *, #2184, .T. ) ;
#3364 = EDGE_CURVE ( 'NONE', #3509, #2803, #1458, .T. ) ;
#3365 = ADVANCED_FACE ( 'NONE', ( #3110 ), #97, .F. ) ;
#3366 = DIRECTION ( 'NONE',  ( 0.000000000000000000, 0.000000000000000000, -1.000000000000000000 ) ) ;
#3367 = ORIENTED_EDGE ( 'NONE', *, *, #2502, .F. ) ;
#3368 = ORIENTED_EDGE ( 'NONE', *, *, #1303, .T. ) ;
#3369 = FACE_OUTER_BOUND ( 'NONE', #1715, .T. ) ;
#3370 = LINE ( 'NONE', #3141, #2599 ) ;
#3371 = ORIENTED_EDGE ( 'NONE', *, *, #3495, .T. ) ;
#3372 = CARTESIAN_POINT ( 'NONE',  ( 50.08500000000000796, 21.92000000000004789, -16.60769515458676437 ) ) ;
#3373 = DIRECTION ( 'NONE',  ( -0.000000000000000000, -0.000000000000000000, 1.000000000000000000 ) ) ;
#3374 = ORIENTED_EDGE ( 'NONE', *, *, #1416, .T. ) ;
#3375 = DIRECTION ( 'NONE',  ( 0.000000000000000000, 0.000000000000000000, -1.000000000000000000 ) ) ;
#3376 = DIRECTION ( 'NONE',  ( 0.000000000000000000, -7.667331762557043524E-19, -1.000000000000000000 ) ) ;
#3377 = CARTESIAN_POINT ( 'NONE',  ( 53.07500000000000284, 2.247658427167249062, -147.4999999999999716 ) ) ;
#3378 = DIRECTION ( 'NONE',  ( -4.336808689942013792E-16, 1.000000000000000000, 0.000000000000000000 ) ) ;
#3379 = EDGE_CURVE ( 'NONE', #1994, #851, #1858, .T. ) ;
#3380 = VERTEX_POINT ( 'NONE', #3323 ) ;
#3381 = DIRECTION ( 'NONE',  ( 0.000000000000000000, 0.000000000000000000, -1.000000000000000000 ) ) ;
#3382 = EDGE_CURVE ( 'NONE', #3224, #2077, #1689, .T. ) ;
#3383 = EDGE_LOOP ( 'NONE', ( #2868, #2253, #232, #1944, #173, #1483, #1685 ) ) ;
#3384 = ORIENTED_EDGE ( 'NONE', *, *, #1843, .T. ) ;
#3385 = CYLINDRICAL_SURFACE ( 'NONE', #2524, 13.99999999999999822 ) ;
#3386 = CARTESIAN_POINT ( 'NONE',  ( -50.42499999999999716, -5.979999999999997762, -5.000000000000004441 ) ) ;
#3387 = ADVANCED_FACE ( 'NONE', ( #586 ), #2951, .F. ) ;
#3388 = VERTEX_POINT ( 'NONE', #693 ) ;
#3389 = VECTOR ( 'NONE', #1605, 999.9999999999998863 ) ;
#3390 = CARTESIAN_POINT ( 'NONE',  ( 0.000000000000000000, -5.979999999999969340, -5.000000000000004441 ) ) ;
#3391 = CARTESIAN_POINT ( 'NONE',  ( 51.07500000000000284, 0.02000000000002694067, -155.7462112512352803 ) ) ;
#3392 = ORIENTED_EDGE ( 'NONE', *, *, #470, .T. ) ;
#3393 = CARTESIAN_POINT ( 'NONE',  ( -47.42500000000000426, -22.37999999999999545, 30.00000000000000000 ) ) ;
#3394 = DIRECTION ( 'NONE',  ( 4.371138800000000469E-08, -0.9999999999999952260, 8.742277700000001300E-08 ) ) ;
#3395 = CARTESIAN_POINT ( 'NONE',  ( -53.41499999999999204, -28.88000000000000966, 18.00000000000000000 ) ) ;
#3396 = DIRECTION ( 'NONE',  ( -0.000000000000000000, -0.000000000000000000, 1.000000000000000000 ) ) ;
#3397 = AXIS2_PLACEMENT_3D ( 'NONE', #2117, #1857, #1838 ) ;
#3398 = CARTESIAN_POINT ( 'NONE',  ( -53.41499999999999915, 27.02000000000000313, 18.00000000000000000 ) ) ;
#3399 = ORIENTED_EDGE ( 'NONE', *, *, #2199, .T. ) ;
#3400 = EDGE_CURVE ( 'NONE', #284, #3207, #3465, .T. ) ;
#3401 = ORIENTED_EDGE ( 'NONE', *, *, #3274, .F. ) ;
#3402 = CARTESIAN_POINT ( 'NONE',  ( 51.07500000000000284, 0.02000000000002694067, -147.4999999999999716 ) ) ;
#3403 = DIRECTION ( 'NONE',  ( 9.856383386231860060E-17, -1.000000000000000000, 0.000000000000000000 ) ) ;
#3404 = VECTOR ( 'NONE', #378, 1000.000000000000000 ) ;
#3405 = ORIENTED_EDGE ( 'NONE', *, *, #562, .T. ) ;
#3406 = EDGE_CURVE ( 'NONE', #965, #2122, #2355, .T. ) ;
#3407 = VECTOR ( 'NONE', #1293, 1000.000000000000000 ) ;
#3408 = LINE ( 'NONE', #2600, #69 ) ;
#3409 = LINE ( 'NONE', #1474, #481 ) ;
#3410 = VECTOR ( 'NONE', #2412, 1000.000000000000000 ) ;
#3411 = ORIENTED_EDGE ( 'NONE', *, *, #3321, .T. ) ;
#3412 = LINE ( 'NONE', #2897, #4 ) ;
#3413 = CYLINDRICAL_SURFACE ( 'NONE', #942, 1.000000000000000888 ) ;
#3414 = VECTOR ( 'NONE', #3089, 1000.000000000000000 ) ;
#3415 = DIRECTION ( 'NONE',  ( -3.143578716115349361E-16, 1.000000000000000000, -0.000000000000000000 ) ) ;
#3416 = CARTESIAN_POINT ( 'NONE',  ( 0.000000000000000000, 27.02000000000000313, 0.000000000000000000 ) ) ;
#3417 = VECTOR ( 'NONE', #817, 1000.000000000000000 ) ;
#3418 = CARTESIAN_POINT ( 'NONE',  ( 47.07500000000000995, -22.37999999999999545, 30.00000000000000000 ) ) ;
#3419 = ORIENTED_EDGE ( 'NONE', *, *, #2856, .F. ) ;
#3420 = ORIENTED_EDGE ( 'NONE', *, *, #2835, .F. ) ;
#3421 = DIRECTION ( 'NONE',  ( -0.000000000000000000, 0.000000000000000000, -1.000000000000000000 ) ) ;
#3422 = LINE ( 'NONE', #685, #1162 ) ;
#3423 = EDGE_CURVE ( 'NONE', #3108, #2062, #3202, .T. ) ;
#3424 = ORIENTED_EDGE ( 'NONE', *, *, #2463, .F. ) ;
#3425 = DIRECTION ( 'NONE',  ( 0.000000000000000000, 0.000000000000000000, -1.000000000000000000 ) ) ;
#3426 = DIRECTION ( 'NONE',  ( -1.000000000000000000, -0.000000000000000000, -0.000000000000000000 ) ) ;
#3427 = EDGE_CURVE ( 'NONE', #1119, #2437, #439, .T. ) ;
#3428 = EDGE_LOOP ( 'NONE', ( #3473, #3498, #725, #797 ) ) ;
#3429 = FACE_OUTER_BOUND ( 'NONE', #1836, .T. ) ;
#3430 = CARTESIAN_POINT ( 'NONE',  ( 53.07500000000000284, 0.000000000000000000, -147.4999999999999716 ) ) ;
#3431 = FACE_OUTER_BOUND ( 'NONE', #3435, .T. ) ;
#3432 = DIRECTION ( 'NONE',  ( 0.000000000000000000, -0.000000000000000000, -1.000000000000000000 ) ) ;
#3433 = EDGE_CURVE ( 'NONE', #1361, #892, #166, .T. ) ;
#3434 = DIRECTION ( 'NONE',  ( -0.000000000000000000, -0.000000000000000000, -1.000000000000000000 ) ) ;
#3435 = EDGE_LOOP ( 'NONE', ( #30, #1607, #1344, #964 ) ) ;
#3436 = EDGE_LOOP ( 'NONE', ( #3344, #2410, #920, #1439 ) ) ;
#3437 = CYLINDRICAL_SURFACE ( 'NONE', #2992, 1.000000000000000888 ) ;
#3438 = CARTESIAN_POINT ( 'NONE',  ( -53.16499999999999915, -1.317582385131260586E-14, 0.000000000000000000 ) ) ;
#3439 = ORIENTED_EDGE ( 'NONE', *, *, #1824, .F. ) ;
#3440 = ORIENTED_EDGE ( 'NONE', *, *, #3196, .T. ) ;
#3441 = VECTOR ( 'NONE', #940, 1000.000000000000000 ) ;
#3442 = PLANE ( 'NONE',  #303 ) ;
#3443 = ORIENTED_EDGE ( 'NONE', *, *, #1631, .F. ) ;
#3444 = CIRCLE ( 'NONE', #815, 4.999999999999993783 ) ;
#3445 = DIRECTION ( 'NONE',  ( 0.000000000000000000, 0.000000000000000000, -1.000000000000000000 ) ) ;
#3446 = CARTESIAN_POINT ( 'NONE',  ( 50.28500000000000369, 24.39800000000000324, -145.5000045777134119 ) ) ;
#3447 = EDGE_CURVE ( 'NONE', #1681, #1769, #2605, .T. ) ;
#3448 = CARTESIAN_POINT ( 'NONE',  ( 53.07500000000000995, 12.01511394010296563, -89.33679033377740097 ) ) ;
#3449 = VECTOR ( 'NONE', #2769, 1000.000000000000000 ) ;
#3450 = FACE_OUTER_BOUND ( 'NONE', #285, .T. ) ;
#3451 = EDGE_CURVE ( 'NONE', #1379, #2958, #2778, .T. ) ;
#3452 = DIRECTION ( 'NONE',  ( 0.000000000000000000, 0.000000000000000000, 1.000000000000000000 ) ) ;
#3453 = ORIENTED_EDGE ( 'NONE', *, *, #130, .F. ) ;
#3454 = ORIENTED_EDGE ( 'NONE', *, *, #237, .T. ) ;
#3455 = CARTESIAN_POINT ( 'NONE',  ( 76.11008193257394794, 0.02000000000000265454, -27.68512727847023669 ) ) ;
#3456 = DIRECTION ( 'NONE',  ( 1.000000000000000000, 4.336808689942013792E-16, -4.622231866529452260E-33 ) ) ;
#3457 = ORIENTED_EDGE ( 'NONE', *, *, #1528, .F. ) ;
#3458 = VECTOR ( 'NONE', #3456, 1000.000000000000000 ) ;
#3459 = ORIENTED_EDGE ( 'NONE', *, *, #428, .F. ) ;
#3460 = VECTOR ( 'NONE', #557, 1000.000000000000114 ) ;
#3461 = FACE_OUTER_BOUND ( 'NONE', #2609, .T. ) ;
#3462 = ORIENTED_EDGE ( 'NONE', *, *, #1839, .T. ) ;
#3463 = CIRCLE ( 'NONE', #1686, 1.250000000000001110 ) ;
#3464 = DIRECTION ( 'NONE',  ( -1.000000000000000000, 0.000000000000000000, -0.000000000000000000 ) ) ;
#3465 = LINE ( 'NONE', #3446, #2153 ) ;
#3466 = CARTESIAN_POINT ( 'NONE',  ( 47.07499999999999574, -33.37999999999999545, 27.00000000000000000 ) ) ;
#3467 = EDGE_CURVE ( 'NONE', #2560, #1332, #1288, .T. ) ;
#3468 = VECTOR ( 'NONE', #2425, 1000.000000000000114 ) ;
#3469 = CARTESIAN_POINT ( 'NONE',  ( 2.354011020886196725E-12, -31.88000000000010914, -89.33679033377740097 ) ) ;
#3470 = PLANE ( 'NONE',  #161 ) ;
#3471 = AXIS2_PLACEMENT_3D ( 'NONE', #1599, #436, #1881 ) ;
#3472 = EDGE_CURVE ( 'NONE', #380, #2871, #423, .T. ) ;
#3473 = ORIENTED_EDGE ( 'NONE', *, *, #1909, .T. ) ;
#3474 = ORIENTED_EDGE ( 'NONE', *, *, #3258, .F. ) ;
#3475 = CARTESIAN_POINT ( 'NONE',  ( -45.95028632831597548, -30.48000002928346319, -24.23067382164290251 ) ) ;
#3476 = CARTESIAN_POINT ( 'NONE',  ( 53.07499999999999574, -16.12759006990701849, -144.5000006078828676 ) ) ;
#3477 = ORIENTED_EDGE ( 'NONE', *, *, #2926, .F. ) ;
#3478 = VERTEX_POINT ( 'NONE', #2680 ) ;
#3479 = FACE_OUTER_BOUND ( 'NONE', #270, .T. ) ;
#3480 = EDGE_LOOP ( 'NONE', ( #2651, #601 ) ) ;
#3481 = DIRECTION ( 'NONE',  ( 0.000000000000000000, 4.306785439531937023E-16, 1.000000000000000000 ) ) ;
#3482 = CARTESIAN_POINT ( 'NONE',  ( 50.28500000000000369, 22.02000000000000313, -5.094744111674491371 ) ) ;
#3483 = CARTESIAN_POINT ( 'NONE',  ( -53.41499999999999915, -5.979999999999997762, -5.000000000000004441 ) ) ;
#3484 = CARTESIAN_POINT ( 'NONE',  ( 56.30000000766949597, 23.12000000000258382, -147.4999999999999716 ) ) ;
#3485 = EDGE_CURVE ( 'NONE', #308, #2235, #185, .T. ) ;
#3486 = CARTESIAN_POINT ( 'NONE',  ( 1.892900190353555168, -31.58710678118657711, -144.4999996833398939 ) ) ;
#3487 = ORIENTED_EDGE ( 'NONE', *, *, #1676, .T. ) ;
#3488 = ORIENTED_EDGE ( 'NONE', *, *, #2710, .F. ) ;
#3489 = ORIENTED_EDGE ( 'NONE', *, *, #696, .F. ) ;
#3490 = EDGE_CURVE ( 'NONE', #2113, #1119, #299, .T. ) ;
#3491 = DIRECTION ( 'NONE',  ( 1.000000000000000000, 0.000000000000000000, 0.000000000000000000 ) ) ;
#3492 = CARTESIAN_POINT ( 'NONE',  ( 54.07500000000000284, -4.822521190983211270E-06, -144.5000024447720648 ) ) ;
#3493 = EDGE_LOOP ( 'NONE', ( #2808, #1733, #1393, #2530 ) ) ;
#3494 = ORIENTED_EDGE ( 'NONE', *, *, #943, .T. ) ;
#3495 = EDGE_CURVE ( 'NONE', #2755, #156, #2390, .T. ) ;
#3496 = CARTESIAN_POINT ( 'NONE',  ( -47.42500000000000426, 31.02000000000000313, 27.00000000000000000 ) ) ;
#3497 = DIRECTION ( 'NONE',  ( -0.000000000000000000, -1.000000000000000000, -0.000000000000000000 ) ) ;
#3498 = ORIENTED_EDGE ( 'NONE', *, *, #949, .T. ) ;
#3499 = LINE ( 'NONE', #438, #2545 ) ;
#3500 = LINE ( 'NONE', #749, #594 ) ;
#3501 = AXIS2_PLACEMENT_3D ( 'NONE', #1248, #2688, #1805 ) ;
#3502 = CARTESIAN_POINT ( 'NONE',  ( 53.07500000000000284, 27.69350269189643754, -5.267949192431115257 ) ) ;
#3503 = VECTOR ( 'NONE', #538, 1000.000000000000000 ) ;
#3504 = FACE_OUTER_BOUND ( 'NONE', #2911, .T. ) ;
#3505 = ORIENTED_EDGE ( 'NONE', *, *, #1717, .T. ) ;
#3506 = DIRECTION ( 'NONE',  ( -0.000000000000000000, -0.000000000000000000, -1.000000000000000000 ) ) ;
#3507 = CARTESIAN_POINT ( 'NONE',  ( 50.28500000000000369, 27.02000000000000313, -5.094744111674486930 ) ) ;
#3508 = PLANE ( 'NONE',  #3289 ) ;
#3509 = VERTEX_POINT ( 'NONE', #1024 ) ;
#3510 = EDGE_CURVE ( 'NONE', #2112, #2613, #989, .T. ) ;
#3511 = ORIENTED_EDGE ( 'NONE', *, *, #835, .F. ) ;
#3512 = FACE_OUTER_BOUND ( 'NONE', #2832, .T. ) ;
#3513 = DIRECTION ( 'NONE',  ( 0.000000000000000000, 1.000000000000000000, -0.000000000000000000 ) ) ;
#3514 = VECTOR ( 'NONE', #1610, 1000.000000000000000 ) ;
#3515 = ORIENTED_EDGE ( 'NONE', *, *, #2310, .F. ) ;
#3516 = ADVANCED_FACE ( 'NONE', ( #2088 ), #2124, .F. ) ;
#3517 = AXIS2_PLACEMENT_3D ( 'NONE', #1690, #1098, #1147 ) ;
#3518 = LINE ( 'NONE', #1271, #1460 ) ;
#3519 = DIRECTION ( 'NONE',  ( 0.000000000000000000, -0.9999999999999961142, 8.742277669770713608E-08 ) ) ;
#3520 = VECTOR ( 'NONE', #1721, 999.9999999999998863 ) ;
#3521 = EDGE_CURVE ( 'NONE', #1513, #3525, #1221, .T. ) ;
#3522 = CARTESIAN_POINT ( 'NONE',  ( 53.07500000000000284, -5.979999999999969340, -5.000000000000004441 ) ) ;
#3523 = VECTOR ( 'NONE', #2070, 1000.000000000000000 ) ;
#3524 = CYLINDRICAL_SURFACE ( 'NONE', #2415, 1.250000000000001110 ) ;
#3525 = VERTEX_POINT ( 'NONE', #2322 ) ;
#3526 = ORIENTED_EDGE ( 'NONE', *, *, #2799, .F. ) ;
#3527 = AXIS2_PLACEMENT_3D ( 'NONE', #2626, #3149, #1258 ) ;
#3528 = DIRECTION ( 'NONE',  ( -1.000000000000000000, -3.143578716115349361E-16, 0.000000000000000000 ) ) ;
#3529 = AXIS2_PLACEMENT_3D ( 'NONE', #2653, #2083, #2676 ) ;
#3530 = CARTESIAN_POINT ( 'NONE',  ( -45.95231832797000493, 23.12231832797399633, -149.0999999999999659 ) ) ;
#3531 = CARTESIAN_POINT ( 'NONE',  ( 50.08500000000000796, 26.35012701892217279, -7.594744111674526899 ) ) ;
#3532 = EDGE_LOOP ( 'NONE', ( #1629, #193, #739, #1754 ) ) ;
#3533 = ORIENTED_EDGE ( 'NONE', *, *, #3406, .T. ) ;
#3534 = DIRECTION ( 'NONE',  ( -0.000000000000000000, 1.000000000000000000, -0.000000000000000000 ) ) ;
#3535 = CARTESIAN_POINT ( 'NONE',  ( 53.04999999999999005, -32.12999999999999545, -147.4999999999999716 ) ) ;
#3536 = ADVANCED_FACE ( 'NONE', ( #3148 ), #3413, .F. ) ;
#3537 = VERTEX_POINT ( 'NONE', #1814 ) ;
#3538 = FACE_OUTER_BOUND ( 'NONE', #3493, .T. ) ;
#3539 = SHAPE_DEFINITION_REPRESENTATION ( #2864, #910 ) ;
#3540 = CARTESIAN_POINT ( 'NONE',  ( -45.95061343523000374, -28.88061343523699875, -145.4999999199490617 ) ) ;
#3541 = EDGE_CURVE ( 'NONE', #3549, #2810, #2, .T. ) ;
#3542 = LINE ( 'NONE', #2478, #1744 ) ;
#3543 = EDGE_CURVE ( 'NONE', #1555, #1507, #1117, .T. ) ;
#3544 = CARTESIAN_POINT ( 'NONE',  ( 59.54283101375675358, 16.31999999999997542, -144.0999999999999375 ) ) ;
#3545 = ORIENTED_EDGE ( 'NONE', *, *, #3162, .F. ) ;
#3546 = EDGE_LOOP ( 'NONE', ( #298, #3374, #3301, #2781 ) ) ;
#3547 = DIRECTION ( 'NONE',  ( -0.000000000000000000, -0.000000000000000000, -1.000000000000000000 ) ) ;
#3548 = CARTESIAN_POINT ( 'NONE',  ( -110.3451216021567802, 27.01999999999998892, 24.50000000000000000 ) ) ;
#3549 = VERTEX_POINT ( 'NONE', #1349 ) ;
#3550 = ORIENTED_EDGE ( 'NONE', *, *, #992, .T. ) ;
#3551 = CARTESIAN_POINT ( 'NONE',  ( -53.41499999999999915, -7.979999999999997762, -145.5000017471387252 ) ) ;
#3552 = PRESENTATION_STYLE_ASSIGNMENT (( #838 ) ) ;
#3553 = ORIENTED_EDGE ( 'NONE', *, *, #1097, .T. ) ;
#3554 = CARTESIAN_POINT ( 'NONE',  ( -47.55000002927644687, -28.88027360813032729, 0.001999344353159626664 ) ) ;
#3555 = CARTESIAN_POINT ( 'NONE',  ( -50.42499999999999716, -5.979999999999997762, -7.000000000000004441 ) ) ;
#3556 = DIRECTION ( 'NONE',  ( -1.000000000000000000, 0.000000000000000000, 0.000000000000000000 ) ) ;
#3557 = EDGE_CURVE ( 'NONE', #2053, #164, #651, .T. ) ;
#3558 = DIRECTION ( 'NONE',  ( -0.000000000000000000, 1.000000000000000000, -0.000000000000000000 ) ) ;
#3559 = AXIS2_PLACEMENT_3D ( 'NONE', #1032, #2131, #2888 ) ;
#3560 = DIRECTION ( 'NONE',  ( -0.000000000000000000, -0.000000000000000000, -1.000000000000000000 ) ) ;
#3561 = ORIENTED_EDGE ( 'NONE', *, *, #1145, .F. ) ;
#3562 = EDGE_CURVE ( 'NONE', #3549, #3120, #2970, .T. ) ;
#3563 = PLANE ( 'NONE',  #3220 ) ;
#3564 = CYLINDRICAL_SURFACE ( 'NONE', #2718, 1.250000000000007994 ) ;
#3565 = EDGE_LOOP ( 'NONE', ( #814, #1305, #2892, #2154 ) ) ;
#3566 = ORIENTED_EDGE ( 'NONE', *, *, #831, .T. ) ;
#3567 = DIRECTION ( 'NONE',  ( -1.000000000000000000, 0.000000000000000000, 0.000000000000000000 ) ) ;
#3568 = DIRECTION ( 'NONE',  ( -1.000000000000000000, 0.000000000000000000, 0.000000000000000000 ) ) ;
#3569 = VERTEX_POINT ( 'NONE', #2215 ) ;
#3570 = CIRCLE ( 'NONE', #2944, 3.251094394703411883 ) ;
ENDSEC;
END-ISO-10303-21;
