ISO-10303-21;
HEADER;
FILE_DESCRIPTION (( 'STEP AP214' ),
    '1' );
FILE_NAME ('É¢ÈÈ¸Ç°å.STEP',
    '2026-03-07T14:36:57',
    ( '' ),
    ( '' ),
    'SwSTEP 2.0',
    'SolidWorks 2025',
    '' );
FILE_SCHEMA (( 'AUTOMOTIVE_DESIGN' ));
ENDSEC;

DATA;
#1 = FACE_OUTER_BOUND ( 'NONE', #2665, .T. ) ;
#2 = ORIENTED_EDGE ( 'NONE', *, *, #2471, .F. ) ;
#3 = VECTOR ( 'NONE', #533, 1000.000000000000000 ) ;
#4 = ORIENTED_EDGE ( 'NONE', *, *, #53, .F. ) ;
#5 = ADVANCED_FACE ( 'NONE', ( #2083 ), #3910, .F. ) ;
#6 = EDGE_CURVE ( 'NONE', #2778, #1822, #256, .T. ) ;
#7 = PRODUCT_DEFINITION_FORMATION_WITH_SPECIFIED_SOURCE ( 'ä»', '', #2845, .NOT_KNOWN. ) ;
#8 = EDGE_LOOP ( 'NONE', ( #99, #3154, #1293, #3375 ) ) ;
#9 = DIRECTION ( 'NONE',  ( 1.000000000000000000, 0.000000000000000000, 0.000000000000000000 ) ) ;
#10 = ORIENTED_EDGE ( 'NONE', *, *, #742, .T. ) ;
#11 = FACE_BOUND ( 'NONE', #1429, .T. ) ;
#12 = EDGE_CURVE ( 'NONE', #246, #353, #1171, .T. ) ;
#13 = LINE ( 'NONE', #1242, #3108 ) ;
#14 = CARTESIAN_POINT ( 'NONE',  ( 12.27500000000000391, 28.10000000000000142, -0.7012473179190117367 ) ) ;
#15 = LINE ( 'NONE', #3645, #3299 ) ;
#16 = VECTOR ( 'NONE', #593, 1000.000000000000000 ) ;
#17 = CARTESIAN_POINT ( 'NONE',  ( 27.19999999999998863, -33.12820323027550984, 2.000000000000000000 ) ) ;
#18 = VERTEX_POINT ( 'NONE', #3649 ) ;
#19 = FACE_OUTER_BOUND ( 'NONE', #3112, .T. ) ;
#20 = DIRECTION ( 'NONE',  ( 0.000000000000000000, 0.000000000000000000, 1.000000000000000000 ) ) ;
#21 = ORIENTED_EDGE ( 'NONE', *, *, #2084, .T. ) ;
#22 = ORIENTED_EDGE ( 'NONE', *, *, #915, .T. ) ;
#23 = DIRECTION ( 'NONE',  ( 1.000000000000000000, 0.000000000000000000, 0.000000000000000000 ) ) ;
#24 = VECTOR ( 'NONE', #723, 1000.000000000000000 ) ;
#25 = EDGE_LOOP ( 'NONE', ( #10, #785, #1985, #2992 ) ) ;
#26 = EDGE_CURVE ( 'NONE', #787, #443, #3482, .T. ) ;
#27 = ADVANCED_FACE ( 'NONE', ( #3932 ), #1208, .F. ) ;
#28 = DIRECTION ( 'NONE',  ( 0.000000000000000000, 0.000000000000000000, 1.000000000000000000 ) ) ;
#29 = EDGE_LOOP ( 'NONE', ( #176, #3321, #743, #2764 ) ) ;
#30 = FACE_OUTER_BOUND ( 'NONE', #1878, .T. ) ;
#31 = VECTOR ( 'NONE', #3904, 1000.000000000000000 ) ;
#32 = EDGE_CURVE ( 'NONE', #969, #515, #908, .T. ) ;
#33 = CARTESIAN_POINT ( 'NONE',  ( -9.800000000000002487, 32.20000000000000284, -0.7012473179189987471 ) ) ;
#34 = CARTESIAN_POINT ( 'NONE',  ( -4.824999999999999289, 0.000000000000000000, 0.000000000000000000 ) ) ;
#35 = CYLINDRICAL_SURFACE ( 'NONE', #1015, 1.424999999999999156 ) ;
#36 = LINE ( 'NONE', #3562, #2239 ) ;
#37 = DIRECTION ( 'NONE',  ( -1.000000000000000000, 0.000000000000000000, 0.000000000000000000 ) ) ;
#38 = ORIENTED_EDGE ( 'NONE', *, *, #2084, .F. ) ;
#39 = CARTESIAN_POINT ( 'NONE',  ( 17.97500000000000142, 0.000000000000000000, 0.000000000000000000 ) ) ;
#40 = ORIENTED_EDGE ( 'NONE', *, *, #3535, .F. ) ;
#41 = ORIENTED_EDGE ( 'NONE', *, *, #403, .F. ) ;
#42 = CARTESIAN_POINT ( 'NONE',  ( -9.800000000000002487, -32.20000000000000284, 2.000000000000000000 ) ) ;
#43 = EDGE_LOOP ( 'NONE', ( #2187, #22, #2301, #3667 ) ) ;
#44 = DIRECTION ( 'NONE',  ( 0.000000000000000000, 0.000000000000000000, -1.000000000000000000 ) ) ;
#45 = ORIENTED_EDGE ( 'NONE', *, *, #32, .T. ) ;
#46 = FACE_BOUND ( 'NONE', #1333, .T. ) ;
#47 = EDGE_CURVE ( 'NONE', #932, #3008, #1843, .T. ) ;
#48 = CIRCLE ( 'NONE', #3046, 1.424999999999999156 ) ;
#49 = DIRECTION ( 'NONE',  ( -0.000000000000000000, -0.000000000000000000, 1.000000000000000000 ) ) ;
#50 = VECTOR ( 'NONE', #2826, 1000.000000000000000 ) ;
#51 = LINE ( 'NONE', #2732, #1395 ) ;
#52 = VECTOR ( 'NONE', #872, 1000.000000000000000 ) ;
#53 = EDGE_CURVE ( 'NONE', #3149, #1032, #2284, .T. ) ;
#54 = DIRECTION ( 'NONE',  ( 1.000000000000000000, 0.000000000000000000, 0.000000000000000000 ) ) ;
#55 = ORIENTED_EDGE ( 'NONE', *, *, #2206, .F. ) ;
#56 = CARTESIAN_POINT ( 'NONE',  ( 25.19999999999998508, -33.20000000000000284, -0.7012473179189987471 ) ) ;
#57 = CARTESIAN_POINT ( 'NONE',  ( -9.800000000000002487, 33.20000000000000284, -94.64761499650464316 ) ) ;
#58 = CARTESIAN_POINT ( 'NONE',  ( -1.975000000000000977, 28.10000000000000142, 0.000000000000000000 ) ) ;
#59 = VERTEX_POINT ( 'NONE', #549 ) ;
#60 = VERTEX_POINT ( 'NONE', #1776 ) ;
#61 = CARTESIAN_POINT ( 'NONE',  ( 30.20000000000000284, 0.000000000000000000, -0.000000000000000000 ) ) ;
#62 = VECTOR ( 'NONE', #776, 1000.000000000000000 ) ;
#63 = ORIENTED_EDGE ( 'NONE', *, *, #811, .T. ) ;
#64 = CARTESIAN_POINT ( 'NONE',  ( -12.03355894091131795, 30.19999999999999929, 0.000000000000000000 ) ) ;
#65 = ORIENTED_EDGE ( 'NONE', *, *, #1037, .F. ) ;
#66 = CARTESIAN_POINT ( 'NONE',  ( 0.8750000000000007772, 6.100000000000001421, -0.7012473179190117367 ) ) ;
#67 = CARTESIAN_POINT ( 'NONE',  ( 25.19999999999997797, 34.20000000000000284, -94.64761499650464316 ) ) ;
#68 = LINE ( 'NONE', #2233, #423 ) ;
#69 = FACE_OUTER_BOUND ( 'NONE', #1651, .T. ) ;
#70 = DIRECTION ( 'NONE',  ( -1.000000000000000000, 0.000000000000000000, -0.000000000000000000 ) ) ;
#71 = ORIENTED_EDGE ( 'NONE', *, *, #3142, .T. ) ;
#72 = FACE_OUTER_BOUND ( 'NONE', #1386, .T. ) ;
#73 = EDGE_CURVE ( 'NONE', #3191, #1472, #2651, .T. ) ;
#74 = CARTESIAN_POINT ( 'NONE',  ( 26.19999999999952678, 3.635980405647317998E-13, -94.64761499650464316 ) ) ;
#75 = ORIENTED_EDGE ( 'NONE', *, *, #2279, .T. ) ;
#76 = EDGE_CURVE ( 'NONE', #503, #353, #3677, .T. ) ;
#77 = ORIENTED_EDGE ( 'NONE', *, *, #565, .F. ) ;
#78 = CARTESIAN_POINT ( 'NONE',  ( 6.575000000000001066, -28.10000000000000142, -0.7012473179190117367 ) ) ;
#79 = EDGE_LOOP ( 'NONE', ( #3748, #1586, #183, #2218 ) ) ;
#80 = DIRECTION ( 'NONE',  ( -0.000000000000000000, -0.000000000000000000, 1.000000000000000000 ) ) ;
#81 = ORIENTED_EDGE ( 'NONE', *, *, #1361, .T. ) ;
#82 = CARTESIAN_POINT ( 'NONE',  ( 3.724999999999999201, 28.10000000000000142, 2.000000000000000000 ) ) ;
#83 = VECTOR ( 'NONE', #1647, 1000.000000000000000 ) ;
#84 = CARTESIAN_POINT ( 'NONE',  ( -26.43284812093935443, 4.355206527532974323E-14, -0.7012473179189987471 ) ) ;
#85 = VECTOR ( 'NONE', #1962, 1000.000000000000000 ) ;
#86 = CARTESIAN_POINT ( 'NONE',  ( -9.099999999999999645, 6.100000000000001421, 2.000000000000000000 ) ) ;
#87 = CARTESIAN_POINT ( 'NONE',  ( 25.19999999999998508, -33.20000000000000284, -94.64761499650464316 ) ) ;
#88 = CARTESIAN_POINT ( 'NONE',  ( 9.424999999999998934, 28.10000000000000142, 0.000000000000000000 ) ) ;
#89 = ORIENTED_EDGE ( 'NONE', *, *, #2905, .F. ) ;
#90 = DIRECTION ( 'NONE',  ( 1.000000000000000000, 0.000000000000000000, 0.000000000000000000 ) ) ;
#91 = ADVANCED_FACE ( 'NONE', ( #3581 ), #838, .F. ) ;
#92 = VECTOR ( 'NONE', #2912, 1000.000000000000000 ) ;
#93 = CARTESIAN_POINT ( 'NONE',  ( 25.09999999999999787, 6.100000000000001421, 0.000000000000000000 ) ) ;
#94 = EDGE_LOOP ( 'NONE', ( #2646, #1864, #3346, #2557, #2149, #1874, #3651, #3773, #1206, #1029, #348, #1804, #1983, #1593, #3183, #3213, #3006, #3035, #988, #2070, #1412, #806, #327, #1392, #3366, #3203, #1681, #2168, #436, #2368, #720 ) ) ;
#95 = ORIENTED_EDGE ( 'NONE', *, *, #1191, .F. ) ;
#96 = EDGE_CURVE ( 'NONE', #2107, #722, #2057, .T. ) ;
#97 = ORIENTED_EDGE ( 'NONE', *, *, #3324, .F. ) ;
#98 = DIRECTION ( 'NONE',  ( 1.000000000000000000, 0.000000000000000000, 0.000000000000000000 ) ) ;
#99 = ORIENTED_EDGE ( 'NONE', *, *, #308, .T. ) ;
#100 = DIRECTION ( 'NONE',  ( -1.000000000000000000, 0.000000000000000000, 0.000000000000000000 ) ) ;
#101 = CIRCLE ( 'NONE', #1327, 1.424999999999999156 ) ;
#102 = EDGE_CURVE ( 'NONE', #1612, #3115, #2792, .T. ) ;
#103 = PLANE ( 'NONE',  #3811 ) ;
#104 = CARTESIAN_POINT ( 'NONE',  ( -24.77500000000000213, -28.10000000000000142, 2.000000000000000000 ) ) ;
#105 = FACE_OUTER_BOUND ( 'NONE', #1070, .T. ) ;
#106 = AXIS2_PLACEMENT_3D ( 'NONE', #86, #3157, #3458 ) ;
#107 = CARTESIAN_POINT ( 'NONE',  ( 6.575000000000001066, -28.10000000000000142, 2.000000000000000000 ) ) ;
#108 = ORIENTED_EDGE ( 'NONE', *, *, #433, .T. ) ;
#109 = DIRECTION ( 'NONE',  ( 0.000000000000000000, -1.000000000000000000, 0.000000000000000000 ) ) ;
#110 = AXIS2_PLACEMENT_3D ( 'NONE', #851, #3193, #770 ) ;
#111 = CARTESIAN_POINT ( 'NONE',  ( 8.000000000000000000, -28.10000000000000142, -0.7012473179190117367 ) ) ;
#112 = DIRECTION ( 'NONE',  ( -0.000000000000000000, 0.000000000000000000, 1.000000000000000000 ) ) ;
#113 = EDGE_LOOP ( 'NONE', ( #1826, #3915, #672, #555 ) ) ;
#114 = ORIENTED_EDGE ( 'NONE', *, *, #366, .T. ) ;
#115 = ADVANCED_FACE ( 'NONE', ( #1079 ), #1716, .F. ) ;
#116 = VECTOR ( 'NONE', #2555, 1000.000000000000000 ) ;
#117 = ORIENTED_EDGE ( 'NONE', *, *, #2543, .F. ) ;
#118 = DIRECTION ( 'NONE',  ( -0.000000000000000000, -0.000000000000000000, 1.000000000000000000 ) ) ;
#119 = EDGE_LOOP ( 'NONE', ( #1132, #38, #450, #1789 ) ) ;
#120 = EDGE_CURVE ( 'NONE', #1588, #3429, #227, .T. ) ;
#121 = CARTESIAN_POINT ( 'NONE',  ( -16.22500000000000142, 28.10000000000000142, 2.000000000000000000 ) ) ;
#122 = ADVANCED_FACE ( 'NONE', ( #1102 ), #2631, .F. ) ;
#123 = DIRECTION ( 'NONE',  ( -0.000000000000000000, -0.000000000000000000, 1.000000000000000000 ) ) ;
#124 = LINE ( 'NONE', #2527, #620 ) ;
#125 = CARTESIAN_POINT ( 'NONE',  ( -1.975000000000000977, 6.100000000000001421, 0.000000000000000000 ) ) ;
#126 = ADVANCED_FACE ( 'NONE', ( #2935 ), #1441, .T. ) ;
#127 = CARTESIAN_POINT ( 'NONE',  ( 6.575000000000001066, 28.10000000000000142, 0.000000000000000000 ) ) ;
#128 = ORIENTED_EDGE ( 'NONE', *, *, #2811, .F. ) ;
#129 = DIRECTION ( 'NONE',  ( -1.000000000000000000, 0.000000000000000000, 0.000000000000000000 ) ) ;
#130 = LINE ( 'NONE', #1384, #1643 ) ;
#131 = ORIENTED_EDGE ( 'NONE', *, *, #1642, .F. ) ;
#132 = ORIENTED_EDGE ( 'NONE', *, *, #1115, .T. ) ;
#133 = LINE ( 'NONE', #2918, #1757 ) ;
#134 = ORIENTED_EDGE ( 'NONE', *, *, #1841, .F. ) ;
#135 = CARTESIAN_POINT ( 'NONE',  ( -16.22500000000000142, -28.10000000000000142, 2.000000000000000000 ) ) ;
#136 = ORIENTED_EDGE ( 'NONE', *, *, #1799, .T. ) ;
#137 = FACE_OUTER_BOUND ( 'NONE', #846, .T. ) ;
#138 = LINE ( 'NONE', #1967, #1200 ) ;
#139 = EDGE_CURVE ( 'NONE', #1869, #155, #669, .T. ) ;
#140 = EDGE_CURVE ( 'NONE', #1507, #3576, #3604, .T. ) ;
#141 = CARTESIAN_POINT ( 'NONE',  ( -21.92500000000000071, 28.10000000000000142, -0.7012473179190117367 ) ) ;
#142 = CARTESIAN_POINT ( 'NONE',  ( 15.12500000000000355, -6.100000000000001421, 2.000000000000000000 ) ) ;
#143 = CARTESIAN_POINT ( 'NONE',  ( 19.40000000000000213, 28.10000000000000142, 2.000000000000000000 ) ) ;
#144 = EDGE_CURVE ( 'NONE', #2877, #2169, #2977, .T. ) ;
#145 = AXIS2_PLACEMENT_3D ( 'NONE', #2343, #1667, #156 ) ;
#146 = CARTESIAN_POINT ( 'NONE',  ( -27.62500000000000000, 28.10000000000000142, -0.7012473179190117367 ) ) ;
#147 = ORIENTED_EDGE ( 'NONE', *, *, #1134, .T. ) ;
#148 = CARTESIAN_POINT ( 'NONE',  ( -26.43284812093935443, 4.580185411368991917E-14, 2.000000000000000000 ) ) ;
#149 = VECTOR ( 'NONE', #1405, 1000.000000000000000 ) ;
#150 = CYLINDRICAL_SURFACE ( 'NONE', #1900, 1.424999999999999156 ) ;
#151 = CARTESIAN_POINT ( 'NONE',  ( 23.67499999999999716, -6.100000000000001421, 2.000000000000000000 ) ) ;
#152 = DIRECTION ( 'NONE',  ( -1.000000000000000000, 0.000000000000000000, -0.000000000000000000 ) ) ;
#153 = ORIENTED_EDGE ( 'NONE', *, *, #2010, .F. ) ;
#154 = ORIENTED_EDGE ( 'NONE', *, *, #2253, .T. ) ;
#155 = VERTEX_POINT ( 'NONE', #188 ) ;
#156 = DIRECTION ( 'NONE',  ( 1.000000000000000000, 0.000000000000000000, 0.000000000000000000 ) ) ;
#157 = ORIENTED_EDGE ( 'NONE', *, *, #2519, .F. ) ;
#158 = CIRCLE ( 'NONE', #877, 5.999999999999998224 ) ;
#159 = ORIENTED_EDGE ( 'NONE', *, *, #3249, .F. ) ;
#160 = CARTESIAN_POINT ( 'NONE',  ( 25.19999999999997797, 34.20000000000000284, -0.7012473179190011896 ) ) ;
#161 = DIRECTION ( 'NONE',  ( -0.000000000000000000, 0.000000000000000000, 1.000000000000000000 ) ) ;
#162 = CARTESIAN_POINT ( 'NONE',  ( 30.20000000000000284, -26.19999999999999929, -94.64761499650464316 ) ) ;
#163 = ADVANCED_FACE ( 'NONE', ( #2334 ), #1422, .F. ) ;
#164 = DIRECTION ( 'NONE',  ( -1.000000000000000000, 0.000000000000000000, 0.000000000000000000 ) ) ;
#165 = DIRECTION ( 'NONE',  ( 1.000000000000000000, 0.000000000000000000, 0.000000000000000000 ) ) ;
#166 = ORIENTED_EDGE ( 'NONE', *, *, #3164, .F. ) ;
#167 = LINE ( 'NONE', #715, #2707 ) ;
#168 = CARTESIAN_POINT ( 'NONE',  ( -3.400000000000000355, 28.10000000000000142, 2.000000000000000000 ) ) ;
#169 = AXIS2_PLACEMENT_3D ( 'NONE', #1376, #3843, #526 ) ;
#170 = AXIS2_PLACEMENT_3D ( 'NONE', #608, #2251, #3416 ) ;
#171 = EDGE_CURVE ( 'NONE', #3578, #3210, #2372, .T. ) ;
#172 = VECTOR ( 'NONE', #1802, 1000.000000000000000 ) ;
#173 = DIRECTION ( 'NONE',  ( 0.000000000000000000, 1.000000000000000000, 0.000000000000000000 ) ) ;
#174 = VECTOR ( 'NONE', #1355, 1000.000000000000000 ) ;
#175 = DIRECTION ( 'NONE',  ( 0.000000000000000000, 1.000000000000000000, -0.000000000000000000 ) ) ;
#176 = ORIENTED_EDGE ( 'NONE', *, *, #3661, .T. ) ;
#177 = AXIS2_PLACEMENT_3D ( 'NONE', #141, #2505, #1358 ) ;
#178 = ORIENTED_EDGE ( 'NONE', *, *, #1307, .F. ) ;
#179 = VECTOR ( 'NONE', #2367, 1000.000000000000000 ) ;
#180 = ORIENTED_EDGE ( 'NONE', *, *, #3588, .F. ) ;
#181 = CARTESIAN_POINT ( 'NONE',  ( -21.92500000000000071, 6.100000000000001421, -0.7012473179190117367 ) ) ;
#182 = ORIENTED_EDGE ( 'NONE', *, *, #2303, .F. ) ;
#183 = ORIENTED_EDGE ( 'NONE', *, *, #1665, .F. ) ;
#184 = LINE ( 'NONE', #2330, #3880 ) ;
#185 = DIRECTION ( 'NONE',  ( 1.000000000000000000, 0.000000000000000000, -1.084202172485505420E-16 ) ) ;
#186 = CARTESIAN_POINT ( 'NONE',  ( -1.975000000000000977, -28.10000000000000142, -0.7012473179190117367 ) ) ;
#187 = VECTOR ( 'NONE', #691, 1000.000000000000000 ) ;
#188 = CARTESIAN_POINT ( 'NONE',  ( -13.37500000000000178, 6.100000000000001421, 2.000000000000000000 ) ) ;
#189 = VECTOR ( 'NONE', #1199, 1000.000000000000000 ) ;
#190 = CARTESIAN_POINT ( 'NONE',  ( -1.975000000000000977, -6.100000000000001421, 0.000000000000000000 ) ) ;
#191 = CARTESIAN_POINT ( 'NONE',  ( 2.299999999999999822, 28.10000000000000142, 0.000000000000000000 ) ) ;
#192 = FACE_OUTER_BOUND ( 'NONE', #604, .T. ) ;
#193 = EDGE_CURVE ( 'NONE', #2282, #2877, #610, .T. ) ;
#194 = ADVANCED_FACE ( 'NONE', ( #1399 ), #2608, .F. ) ;
#195 = DIRECTION ( 'NONE',  ( -0.000000000000000000, -1.000000000000000000, -0.000000000000000000 ) ) ;
#196 = ORIENTED_EDGE ( 'NONE', *, *, #3862, .T. ) ;
#197 = VERTEX_POINT ( 'NONE', #688 ) ;
#198 = EDGE_CURVE ( 'NONE', #3208, #542, #364, .T. ) ;
#199 = ORIENTED_EDGE ( 'NONE', *, *, #1255, .T. ) ;
#200 = FACE_OUTER_BOUND ( 'NONE', #933, .T. ) ;
#201 = EDGE_LOOP ( 'NONE', ( #3279, #2756, #3852, #315 ) ) ;
#202 = CARTESIAN_POINT ( 'NONE',  ( -14.80000000000000071, 28.10000000000000142, 2.000000000000000000 ) ) ;
#203 = VERTEX_POINT ( 'NONE', #1636 ) ;
#204 = FACE_OUTER_BOUND ( 'NONE', #870, .T. ) ;
#205 = CARTESIAN_POINT ( 'NONE',  ( -10.52500000000000036, -6.100000000000001421, 2.000000000000000000 ) ) ;
#206 = PLANE ( 'NONE',  #3614 ) ;
#207 = CARTESIAN_POINT ( 'NONE',  ( 13.70000000000000462, -6.100000000000001421, -0.7012473179190117367 ) ) ;
#208 = FACE_OUTER_BOUND ( 'NONE', #3691, .T. ) ;
#209 = PLANE ( 'NONE',  #1056 ) ;
#210 = DIRECTION ( 'NONE',  ( 0.000000000000000000, 0.000000000000000000, -1.000000000000000000 ) ) ;
#211 = CIRCLE ( 'NONE', #1505, 1.424999999999999156 ) ;
#212 = LINE ( 'NONE', #2617, #944 ) ;
#213 = ORIENTED_EDGE ( 'NONE', *, *, #1382, .F. ) ;
#214 = AXIS2_PLACEMENT_3D ( 'NONE', #1312, #1295, #3708 ) ;
#215 = VECTOR ( 'NONE', #3226, 1000.000000000000000 ) ;
#216 = ORIENTED_EDGE ( 'NONE', *, *, #3069, .T. ) ;
#217 = EDGE_CURVE ( 'NONE', #1706, #443, #1040, .T. ) ;
#218 = EDGE_LOOP ( 'NONE', ( #2556, #2576, #2342, #3125 ) ) ;
#219 = CARTESIAN_POINT ( 'NONE',  ( -24.77500000000000213, 6.100000000000001421, -0.7012473179190117367 ) ) ;
#220 = ORIENTED_EDGE ( 'NONE', *, *, #360, .T. ) ;
#221 = PLANE ( 'NONE',  #2600 ) ;
#222 = EDGE_CURVE ( 'NONE', #2294, #1507, #286, .T. ) ;
#223 = EDGE_LOOP ( 'NONE', ( #1043, #3702, #3495, #3040 ) ) ;
#224 = CARTESIAN_POINT ( 'NONE',  ( 26.19999999999998863, -33.19999999999998863, 2.000000000000001776 ) ) ;
#225 = CARTESIAN_POINT ( 'NONE',  ( -30.19999999999999929, -2.249788838360192895E-15, -0.7012473179189987471 ) ) ;
#226 = DIRECTION ( 'NONE',  ( -9.714451465470119729E-17, 2.394758726656991011E-17, -1.000000000000000000 ) ) ;
#227 = LINE ( 'NONE', #508, #1145 ) ;
#228 = CARTESIAN_POINT ( 'NONE',  ( 15.12500000000000355, -28.10000000000000142, 0.000000000000000000 ) ) ;
#229 = CARTESIAN_POINT ( 'NONE',  ( -4.824999999999999289, -28.10000000000000142, 0.000000000000000000 ) ) ;
#230 = DIRECTION ( 'NONE',  ( -0.000000000000000000, 0.000000000000000000, 1.000000000000000000 ) ) ;
#231 = CARTESIAN_POINT ( 'NONE',  ( -14.80000000000000071, 6.100000000000001421, 0.000000000000000000 ) ) ;
#232 = EDGE_LOOP ( 'NONE', ( #2321, #2599, #2510, #117 ) ) ;
#233 = ORIENTED_EDGE ( 'NONE', *, *, #1088, .F. ) ;
#234 = AXIS2_PLACEMENT_3D ( 'NONE', #3520, #3501, #3823 ) ;
#235 = AXIS2_PLACEMENT_3D ( 'NONE', #2771, #922, #2469 ) ;
#236 = AXIS2_PLACEMENT_3D ( 'NONE', #2058, #3267, #3342 ) ;
#237 = ORIENTED_EDGE ( 'NONE', *, *, #766, .T. ) ;
#238 = EDGE_CURVE ( 'NONE', #1314, #978, #2489, .T. ) ;
#239 = CARTESIAN_POINT ( 'NONE',  ( 12.27500000000000391, 28.10000000000000142, 2.000000000000000000 ) ) ;
#240 = ORIENTED_EDGE ( 'NONE', *, *, #1460, .F. ) ;
#241 = VECTOR ( 'NONE', #2152, 1000.000000000000000 ) ;
#242 = ORIENTED_EDGE ( 'NONE', *, *, #742, .F. ) ;
#243 = ADVANCED_FACE ( 'NONE', ( #382 ), #1950, .F. ) ;
#244 = EDGE_CURVE ( 'NONE', #3496, #412, #1637, .T. ) ;
#245 = DIRECTION ( 'NONE',  ( 0.000000000000000000, -1.000000000000000000, 0.000000000000000000 ) ) ;
#246 = VERTEX_POINT ( 'NONE', #125 ) ;
#247 = DIRECTION ( 'NONE',  ( 0.000000000000000000, 1.000000000000000000, -0.000000000000000000 ) ) ;
#248 = LINE ( 'NONE', #900, #3633 ) ;
#249 = DIRECTION ( 'NONE',  ( 0.000000000000000000, 1.000000000000000000, 0.000000000000000000 ) ) ;
#250 = ADVANCED_FACE ( 'NONE', ( #69 ), #2788, .F. ) ;
#251 = CARTESIAN_POINT ( 'NONE',  ( 25.09999999999999787, 28.10000000000000142, -0.7012473179190117367 ) ) ;
#252 = CARTESIAN_POINT ( 'NONE',  ( 25.09999999999999787, 6.100000000000001421, 2.000000000000000000 ) ) ;
#253 = CARTESIAN_POINT ( 'NONE',  ( -21.92500000000000071, 0.000000000000000000, 0.000000000000000000 ) ) ;
#254 = DIRECTION ( 'NONE',  ( -0.000000000000000000, -0.000000000000000000, 1.000000000000000000 ) ) ;
#255 = ORIENTED_EDGE ( 'NONE', *, *, #2615, .F. ) ;
#256 = LINE ( 'NONE', #1491, #2473 ) ;
#257 = ORIENTED_EDGE ( 'NONE', *, *, #2498, .F. ) ;
#258 = CARTESIAN_POINT ( 'NONE',  ( -12.03355894091131795, 30.19999999999999929, 2.000000000000000000 ) ) ;
#259 = ORIENTED_EDGE ( 'NONE', *, *, #3215, .F. ) ;
#260 = EDGE_LOOP ( 'NONE', ( #2516, #2684, #1660, #2659 ) ) ;
#261 = CARTESIAN_POINT ( 'NONE',  ( -27.62500000000000000, 0.000000000000000000, 0.000000000000000000 ) ) ;
#262 = EDGE_LOOP ( 'NONE', ( #1964, #580, #1448, #182 ) ) ;
#263 = FACE_BOUND ( 'NONE', #2485, .T. ) ;
#264 = CARTESIAN_POINT ( 'NONE',  ( 20.82499999999999929, -28.10000000000000142, -0.7012473179190117367 ) ) ;
#265 = DIRECTION ( 'NONE',  ( 1.000000000000000000, 0.000000000000000000, -9.035018104045873159E-17 ) ) ;
#266 = EDGE_CURVE ( 'NONE', #2267, #2618, #1302, .T. ) ;
#267 = CYLINDRICAL_SURFACE ( 'NONE', #1147, 1.424999999999999156 ) ;
#268 = LINE ( 'NONE', #1501, #2264 ) ;
#269 = DIRECTION ( 'NONE',  ( 1.000000000000000000, 0.000000000000000000, 0.000000000000000000 ) ) ;
#270 = EDGE_CURVE ( 'NONE', #3552, #3129, #2528, .T. ) ;
#271 = DIRECTION ( 'NONE',  ( -0.000000000000000000, 0.000000000000000000, 1.000000000000000000 ) ) ;
#272 = EDGE_LOOP ( 'NONE', ( #3831, #1112, #1918, #259 ) ) ;
#273 = DIRECTION ( 'NONE',  ( 0.000000000000000000, 0.000000000000000000, 1.000000000000000000 ) ) ;
#274 = AXIS2_PLACEMENT_3D ( 'NONE', #3433, #3410, #44 ) ;
#275 = ORIENTED_EDGE ( 'NONE', *, *, #2668, .T. ) ;
#276 = CARTESIAN_POINT ( 'NONE',  ( 26.19999999999998153, 33.19999999999998153, -94.64761499650464316 ) ) ;
#277 = ORIENTED_EDGE ( 'NONE', *, *, #3637, .F. ) ;
#278 = ORIENTED_EDGE ( 'NONE', *, *, #3828, .F. ) ;
#279 = LINE ( 'NONE', #1515, #426 ) ;
#280 = ORIENTED_EDGE ( 'NONE', *, *, #3437, .F. ) ;
#281 = FACE_BOUND ( 'NONE', #1925, .T. ) ;
#282 = AXIS2_PLACEMENT_3D ( 'NONE', #285, #940, #3362 ) ;
#283 = CARTESIAN_POINT ( 'NONE',  ( -26.20000000000000284, 28.10000000000000142, -0.7012473179190117367 ) ) ;
#284 = DIRECTION ( 'NONE',  ( 1.000000000000000000, 0.000000000000000000, 0.000000000000000000 ) ) ;
#285 = CARTESIAN_POINT ( 'NONE',  ( 13.70000000000000462, -6.100000000000001421, 0.000000000000000000 ) ) ;
#286 = CIRCLE ( 'NONE', #2844, 5.999999999999998224 ) ;
#287 = EDGE_CURVE ( 'NONE', #2501, #3919, #3222, .T. ) ;
#288 = FACE_OUTER_BOUND ( 'NONE', #855, .T. ) ;
#289 = ORIENTED_EDGE ( 'NONE', *, *, #3470, .F. ) ;
#290 = ADVANCED_FACE ( 'NONE', ( #105 ), #3181, .F. ) ;
#291 = ORIENTED_EDGE ( 'NONE', *, *, #3051, .T. ) ;
#292 =( NAMED_UNIT ( * ) PLANE_ANGLE_UNIT ( ) SI_UNIT ( $, .RADIAN. ) );
#293 = EDGE_LOOP ( 'NONE', ( #3406, #3392, #1269, #299 ) ) ;
#294 = EDGE_LOOP ( 'NONE', ( #3571, #2910, #2474, #3613 ) ) ;
#295 = VECTOR ( 'NONE', #2787, 1000.000000000000000 ) ;
#296 = EDGE_LOOP ( 'NONE', ( #3817, #2339, #3089, #280 ) ) ;
#297 = VECTOR ( 'NONE', #3712, 1000.000000000000000 ) ;
#298 = CARTESIAN_POINT ( 'NONE',  ( 17.97500000000000142, 28.10000000000000142, -0.7012473179190117367 ) ) ;
#299 = ORIENTED_EDGE ( 'NONE', *, *, #2354, .F. ) ;
#300 = CARTESIAN_POINT ( 'NONE',  ( 20.82499999999999929, 0.000000000000000000, 0.000000000000000000 ) ) ;
#301 = LINE ( 'NONE', #3626, #755 ) ;
#302 = CARTESIAN_POINT ( 'NONE',  ( 6.575000000000001066, 28.10000000000000142, 2.000000000000000000 ) ) ;
#303 = CARTESIAN_POINT ( 'NONE',  ( 0.8750000000000007772, -28.10000000000000142, 0.000000000000000000 ) ) ;
#304 = AXIS2_PLACEMENT_3D ( 'NONE', #3746, #2855, #2217 ) ;
#305 = DIRECTION ( 'NONE',  ( 1.000000000000000000, 0.000000000000000000, 0.000000000000000000 ) ) ;
#306 = ORIENTED_EDGE ( 'NONE', *, *, #1007, .T. ) ;
#307 = CARTESIAN_POINT ( 'NONE',  ( 26.52499999999999503, 28.10000000000000142, -0.7012473179190117367 ) ) ;
#308 = EDGE_CURVE ( 'NONE', #1403, #2537, #1972, .T. ) ;
#309 = EDGE_CURVE ( 'NONE', #2065, #3895, #996, .T. ) ;
#310 = FACE_OUTER_BOUND ( 'NONE', #3511, .T. ) ;
#311 = CARTESIAN_POINT ( 'NONE',  ( -16.22500000000000142, -6.100000000000001421, 2.000000000000000000 ) ) ;
#312 = ORIENTED_EDGE ( 'NONE', *, *, #1932, .T. ) ;
#313 = ORIENTED_EDGE ( 'NONE', *, *, #2768, .T. ) ;
#314 = ADVANCED_FACE ( 'NONE', ( #1736 ), #3243, .F. ) ;
#315 = ORIENTED_EDGE ( 'NONE', *, *, #707, .T. ) ;
#316 = CARTESIAN_POINT ( 'NONE',  ( -16.22500000000000142, 0.000000000000000000, 0.000000000000000000 ) ) ;
#317 = DIRECTION ( 'NONE',  ( -1.000000000000000000, 0.000000000000000000, 0.000000000000000000 ) ) ;
#318 = VERTEX_POINT ( 'NONE', #857 ) ;
#319 = CARTESIAN_POINT ( 'NONE',  ( -7.675000000000001599, -28.10000000000000142, 2.000000000000000000 ) ) ;
#320 = DIRECTION ( 'NONE',  ( 1.000000000000000000, 0.000000000000000000, 0.000000000000000000 ) ) ;
#321 = CARTESIAN_POINT ( 'NONE',  ( 12.27500000000000391, 0.000000000000000000, 0.000000000000000000 ) ) ;
#322 = CARTESIAN_POINT ( 'NONE',  ( 8.000000000000000000, 6.100000000000001421, -0.7012473179190117367 ) ) ;
#323 = LINE ( 'NONE', #2791, #374 ) ;
#324 = EDGE_LOOP ( 'NONE', ( #1367, #3434, #2183, #1568 ) ) ;
#325 = FACE_OUTER_BOUND ( 'NONE', #1474, .T. ) ;
#326 = LINE ( 'NONE', #39, #3145 ) ;
#327 = ORIENTED_EDGE ( 'NONE', *, *, #2253, .F. ) ;
#328 = ORIENTED_EDGE ( 'NONE', *, *, #456, .F. ) ;
#329 = DIRECTION ( 'NONE',  ( 0.000000000000000000, -0.000000000000000000, 1.000000000000000000 ) ) ;
#330 = ADVANCED_FACE ( 'NONE', ( #2952 ), #206, .F. ) ;
#331 = VECTOR ( 'NONE', #911, 1000.000000000000000 ) ;
#332 = ORIENTED_EDGE ( 'NONE', *, *, #3059, .F. ) ;
#333 = CARTESIAN_POINT ( 'NONE',  ( -14.80000000000000071, -28.10000000000000142, 2.000000000000000000 ) ) ;
#334 = ORIENTED_EDGE ( 'NONE', *, *, #3007, .F. ) ;
#335 = FACE_BOUND ( 'NONE', #3509, .T. ) ;
#336 = EDGE_CURVE ( 'NONE', #1514, #2831, #1712, .T. ) ;
#337 = AXIS2_PLACEMENT_3D ( 'NONE', #1661, #2889, #1697 ) ;
#338 = CARTESIAN_POINT ( 'NONE',  ( -13.37500000000000178, -28.10000000000000142, -0.7012473179190117367 ) ) ;
#339 = DIRECTION ( 'NONE',  ( 0.000000000000000000, -1.000000000000000000, 0.000000000000000000 ) ) ;
#340 = CARTESIAN_POINT ( 'NONE',  ( -30.19999999999999929, 0.000000000000000000, -0.000000000000000000 ) ) ;
#341 = ADVANCED_FACE ( 'NONE', ( #2056 ), #1421, .F. ) ;
#342 = DIRECTION ( 'NONE',  ( -0.000000000000000000, 0.000000000000000000, 1.000000000000000000 ) ) ;
#343 = ORIENTED_EDGE ( 'NONE', *, *, #2859, .F. ) ;
#344 = DIRECTION ( 'NONE',  ( 1.000000000000000000, 0.000000000000000000, -1.084202172485503448E-16 ) ) ;
#345 = PRESENTATION_LAYER_ASSIGNMENT (  '', '', ( #2723 ) ) ;
#346 = DIRECTION ( 'NONE',  ( -1.000000000000000000, 0.000000000000000000, 9.714451465470119729E-17 ) ) ;
#347 = EDGE_LOOP ( 'NONE', ( #560, #791, #1537, #1270 ) ) ;
#348 = ORIENTED_EDGE ( 'NONE', *, *, #2427, .F. ) ;
#349 = LINE ( 'NONE', #653, #398 ) ;
#350 = ORIENTED_EDGE ( 'NONE', *, *, #1332, .F. ) ;
#351 = VECTOR ( 'NONE', #329, 1000.000000000000000 ) ;
#352 = DIRECTION ( 'NONE',  ( -1.000000000000000000, 0.000000000000000000, 0.000000000000000000 ) ) ;
#353 = VERTEX_POINT ( 'NONE', #1439 ) ;
#354 = DIRECTION ( 'NONE',  ( -0.000000000000000000, -0.000000000000000000, 1.000000000000000000 ) ) ;
#355 = VECTOR ( 'NONE', #247, 1000.000000000000000 ) ;
#356 = AXIS2_PLACEMENT_3D ( 'NONE', #2455, #903, #2141 ) ;
#357 = DIRECTION ( 'NONE',  ( 0.9999998890478885016, 0.0004710670979180473492, 0.000000000000000000 ) ) ;
#358 = EDGE_CURVE ( 'NONE', #3453, #3421, #2214, .T. ) ;
#359 = VECTOR ( 'NONE', #525, 1000.000000000000000 ) ;
#360 = EDGE_CURVE ( 'NONE', #2622, #3830, #3264, .T. ) ;
#361 = CARTESIAN_POINT ( 'NONE',  ( 9.424999999999998934, 0.000000000000000000, 0.000000000000000000 ) ) ;
#362 = VECTOR ( 'NONE', #1017, 1000.000000000000000 ) ;
#363 = CARTESIAN_POINT ( 'NONE',  ( 6.575000000000001066, 6.100000000000001421, 2.000000000000000000 ) ) ;
#364 = LINE ( 'NONE', #752, #3925 ) ;
#365 = VECTOR ( 'NONE', #2530, 1000.000000000000000 ) ;
#366 = EDGE_CURVE ( 'NONE', #3618, #1008, #3887, .T. ) ;
#367 = DIRECTION ( 'NONE',  ( 0.000000000000000000, 1.000000000000000000, -0.000000000000000000 ) ) ;
#368 = VERTEX_POINT ( 'NONE', #3538 ) ;
#369 = CARTESIAN_POINT ( 'NONE',  ( 25.09999999999999787, -28.10000000000000142, 2.000000000000000000 ) ) ;
#370 = CARTESIAN_POINT ( 'NONE',  ( 26.52499999999999503, -28.10000000000000142, 2.000000000000000000 ) ) ;
#371 = EDGE_LOOP ( 'NONE', ( #2082, #3493, #2006, #1452, #3337 ) ) ;
#372 = EDGE_LOOP ( 'NONE', ( #1028, #1809, #1490, #2724 ) ) ;
#373 = PLANE ( 'NONE',  #3464 ) ;
#374 = VECTOR ( 'NONE', #3954, 1000.000000000000000 ) ;
#375 = VECTOR ( 'NONE', #2044, 1000.000000000000000 ) ;
#376 = ORIENTED_EDGE ( 'NONE', *, *, #611, .T. ) ;
#377 = CARTESIAN_POINT ( 'NONE',  ( -9.099999999999999645, -6.100000000000001421, 2.000000000000000000 ) ) ;
#378 = VERTEX_POINT ( 'NONE', #1674 ) ;
#379 = CARTESIAN_POINT ( 'NONE',  ( -30.19999999999999929, 0.000000000000000000, -94.64761499650464316 ) ) ;
#380 = FACE_OUTER_BOUND ( 'NONE', #260, .T. ) ;
#381 = CARTESIAN_POINT ( 'NONE',  ( 25.09999999999999787, -6.100000000000001421, -0.7012473179190117367 ) ) ;
#382 = FACE_OUTER_BOUND ( 'NONE', #2022, .T. ) ;
#383 = EDGE_CURVE ( 'NONE', #765, #1495, #2649, .T. ) ;
#384 = EDGE_CURVE ( 'NONE', #1610, #3782, #1896, .T. ) ;
#385 = DIRECTION ( 'NONE',  ( 9.714451465470116031E-17, -2.394758726656990703E-17, 1.000000000000000000 ) ) ;
#386 = VERTEX_POINT ( 'NONE', #3861 ) ;
#387 = CARTESIAN_POINT ( 'NONE',  ( -7.675000000000001599, 28.10000000000000142, 2.000000000000000000 ) ) ;
#388 = VECTOR ( 'NONE', #3701, 1000.000000000000000 ) ;
#389 = EDGE_CURVE ( 'NONE', #3330, #3401, #2410, .T. ) ;
#390 = CARTESIAN_POINT ( 'NONE',  ( -32.20000000000000284, 26.19999999999996021, 2.000000000000000000 ) ) ;
#391 = CARTESIAN_POINT ( 'NONE',  ( 8.000000000000000000, -6.100000000000001421, -0.7012473179190117367 ) ) ;
#392 = ORIENTED_EDGE ( 'NONE', *, *, #462, .F. ) ;
#393 = ORIENTED_EDGE ( 'NONE', *, *, #1482, .T. ) ;
#394 = ORIENTED_EDGE ( 'NONE', *, *, #2564, .F. ) ;
#395 = CARTESIAN_POINT ( 'NONE',  ( 26.19999999999952678, 3.613482517263714471E-13, -0.7012473179189987471 ) ) ;
#396 = VERTEX_POINT ( 'NONE', #2351 ) ;
#397 = LINE ( 'NONE', #3733, #2222 ) ;
#398 = VECTOR ( 'NONE', #3012, 1000.000000000000000 ) ;
#399 = CARTESIAN_POINT ( 'NONE',  ( -4.824999999999999289, 28.10000000000000142, -0.7012473179190117367 ) ) ;
#400 = VECTOR ( 'NONE', #1325, 1000.000000000000000 ) ;
#401 = DIRECTION ( 'NONE',  ( 0.000000000000000000, -1.000000000000000000, 0.000000000000000000 ) ) ;
#402 = CARTESIAN_POINT ( 'NONE',  ( -26.19999999999999929, -26.19999999999999929, -0.7012473179189987471 ) ) ;
#403 = EDGE_CURVE ( 'NONE', #1532, #3690, #1755, .T. ) ;
#404 = FACE_OUTER_BOUND ( 'NONE', #3295, .T. ) ;
#405 = VERTEX_POINT ( 'NONE', #3821 ) ;
#406 = CARTESIAN_POINT ( 'NONE',  ( 30.20000000000000284, 26.19999999999997087, 0.000000000000000000 ) ) ;
#407 = LINE ( 'NONE', #3147, #509 ) ;
#408 = EDGE_CURVE ( 'NONE', #1619, #3552, #2370, .T. ) ;
#409 = EDGE_CURVE ( 'NONE', #1958, #2973, #2728, .T. ) ;
#410 = DIRECTION ( 'NONE',  ( -0.000000000000000000, -0.000000000000000000, 1.000000000000000000 ) ) ;
#411 = VERTEX_POINT ( 'NONE', #3519 ) ;
#412 = VERTEX_POINT ( 'NONE', #3499 ) ;
#413 = DIRECTION ( 'NONE',  ( -0.000000000000000000, -0.000000000000000000, 1.000000000000000000 ) ) ;
#414 = ORIENTED_EDGE ( 'NONE', *, *, #1191, .T. ) ;
#415 = CARTESIAN_POINT ( 'NONE',  ( 15.12500000000000355, -28.10000000000000142, 2.000000000000000000 ) ) ;
#416 = EDGE_LOOP ( 'NONE', ( #1288, #1629, #3176, #2948 ) ) ;
#417 = FACE_BOUND ( 'NONE', #2580, .T. ) ;
#418 = CIRCLE ( 'NONE', #615, 1.424999999999999156 ) ;
#419 = FACE_OUTER_BOUND ( 'NONE', #29, .T. ) ;
#420 = CARTESIAN_POINT ( 'NONE',  ( -21.92500000000000071, 6.100000000000001421, 0.000000000000000000 ) ) ;
#421 = CARTESIAN_POINT ( 'NONE',  ( -26.20000000000000284, 6.100000000000001421, -0.7012473179190117367 ) ) ;
#422 = VECTOR ( 'NONE', #3313, 1000.000000000000000 ) ;
#423 = VECTOR ( 'NONE', #2827, 1000.000000000000000 ) ;
#424 = VECTOR ( 'NONE', #1598, 1000.000000000000000 ) ;
#425 = DIRECTION ( 'NONE',  ( -0.000000000000000000, 0.000000000000000000, 1.000000000000000000 ) ) ;
#426 = VECTOR ( 'NONE', #3336, 1000.000000000000000 ) ;
#427 = VERTEX_POINT ( 'NONE', #2291 ) ;
#428 = CARTESIAN_POINT ( 'NONE',  ( 20.82499999999999929, -28.10000000000000142, 2.000000000000000000 ) ) ;
#429 = CARTESIAN_POINT ( 'NONE',  ( -10.52500000000000036, 28.10000000000000142, 2.000000000000000000 ) ) ;
#430 = ORIENTED_EDGE ( 'NONE', *, *, #2381, .F. ) ;
#431 = ORIENTED_EDGE ( 'NONE', *, *, #102, .F. ) ;
#432 = PRODUCT_DEFINITION ( 'æœ', '', #7, #446 ) ;
#433 = EDGE_CURVE ( 'NONE', #1763, #3300, #774, .T. ) ;
#434 = ORIENTED_EDGE ( 'NONE', *, *, #3688, .T. ) ;
#435 = FACE_OUTER_BOUND ( 'NONE', #2700, .T. ) ;
#436 = ORIENTED_EDGE ( 'NONE', *, *, #986, .F. ) ;
#437 = FACE_BOUND ( 'NONE', #1110, .T. ) ;
#438 = ADVANCED_FACE ( 'NONE', ( #1692 ), #794, .F. ) ;
#439 = DIRECTION ( 'NONE',  ( 0.000000000000000000, 0.000000000000000000, -1.000000000000000000 ) ) ;
#440 = DIRECTION ( 'NONE',  ( 0.000000000000000000, 0.000000000000000000, -1.000000000000000000 ) ) ;
#441 = CARTESIAN_POINT ( 'NONE',  ( -7.800000000000002487, -33.20000000000000284, -0.7012473179189987471 ) ) ;
#442 = DIRECTION ( 'NONE',  ( 0.000000000000000000, 0.000000000000000000, -1.000000000000000000 ) ) ;
#443 = VERTEX_POINT ( 'NONE', #3390 ) ;
#444 = CARTESIAN_POINT ( 'NONE',  ( 12.27500000000000391, 6.100000000000001421, 0.000000000000000000 ) ) ;
#445 = FACE_OUTER_BOUND ( 'NONE', #809, .T. ) ;
#446 = PRODUCT_DEFINITION_CONTEXT ( 'detailed design', #2477, 'design' ) ;
#447 = CARTESIAN_POINT ( 'NONE',  ( 3.724999999999999201, -28.10000000000000142, -0.7012473179190117367 ) ) ;
#448 = ORIENTED_EDGE ( 'NONE', *, *, #2434, .T. ) ;
#449 = ORIENTED_EDGE ( 'NONE', *, *, #3385, .T. ) ;
#450 = ORIENTED_EDGE ( 'NONE', *, *, #2538, .F. ) ;
#451 = EDGE_CURVE ( 'NONE', #1418, #2145, #570, .T. ) ;
#452 = CARTESIAN_POINT ( 'NONE',  ( -26.43284812093930114, 30.19321696788128762, 2.000000000000000000 ) ) ;
#453 = ORIENTED_EDGE ( 'NONE', *, *, #2495, .F. ) ;
#454 = FACE_BOUND ( 'NONE', #8, .T. ) ;
#455 = ORIENTED_EDGE ( 'NONE', *, *, #1693, .T. ) ;
#456 = EDGE_CURVE ( 'NONE', #1008, #2618, #985, .T. ) ;
#457 = CARTESIAN_POINT ( 'NONE',  ( 26.20000000000000284, -26.19999999999999929, 0.000000000000000000 ) ) ;
#458 = CARTESIAN_POINT ( 'NONE',  ( 26.19999999999998153, 33.12820323027553115, -0.7012473179189987471 ) ) ;
#459 = DIRECTION ( 'NONE',  ( -0.000000000000000000, -0.000000000000000000, 1.000000000000000000 ) ) ;
#460 = DIRECTION ( 'NONE',  ( 0.000000000000000000, 0.000000000000000000, 1.000000000000000000 ) ) ;
#461 = AXIS2_PLACEMENT_3D ( 'NONE', #1511, #3634, #2130 ) ;
#462 = EDGE_CURVE ( 'NONE', #2818, #868, #881, .T. ) ;
#463 = DIRECTION ( 'NONE',  ( -0.000000000000000000, 0.000000000000000000, 1.000000000000000000 ) ) ;
#464 = ORIENTED_EDGE ( 'NONE', *, *, #1069, .F. ) ;
#465 = DIRECTION ( 'NONE',  ( 1.000000000000000000, 0.000000000000000000, -1.084202172485503448E-16 ) ) ;
#466 = CARTESIAN_POINT ( 'NONE',  ( 2.299999999999999822, -6.100000000000001421, 0.000000000000000000 ) ) ;
#467 = AXIS2_PLACEMENT_3D ( 'NONE', #2357, #1761, #2314 ) ;
#468 = LINE ( 'NONE', #1700, #1519 ) ;
#469 = ORIENTED_EDGE ( 'NONE', *, *, #2498, .T. ) ;
#470 = ORIENTED_EDGE ( 'NONE', *, *, #1382, .T. ) ;
#471 = VECTOR ( 'NONE', #552, 1000.000000000000000 ) ;
#472 = ORIENTED_EDGE ( 'NONE', *, *, #3120, .T. ) ;
#473 = VECTOR ( 'NONE', #2828, 1000.000000000000000 ) ;
#474 = CARTESIAN_POINT ( 'NONE',  ( 26.52499999999999503, -6.100000000000001421, 2.000000000000000000 ) ) ;
#475 = ORIENTED_EDGE ( 'NONE', *, *, #1936, .T. ) ;
#476 =( NAMED_UNIT ( * ) SI_UNIT ( $, .STERADIAN. ) SOLID_ANGLE_UNIT ( ) );
#477 = COLOUR_RGB ( '',1.000000000000000000, 1.000000000000000000, 1.000000000000000000 ) ;
#478 = ORIENTED_EDGE ( 'NONE', *, *, #2538, .T. ) ;
#479 = DIRECTION ( 'NONE',  ( -0.000000000000000000, -0.000000000000000000, -1.000000000000000000 ) ) ;
#480 = CARTESIAN_POINT ( 'NONE',  ( -20.50000000000000000, 28.10000000000000142, 2.000000000000000000 ) ) ;
#481 = CARTESIAN_POINT ( 'NONE',  ( -27.62500000000000000, -28.10000000000000142, -0.7012473179190117367 ) ) ;
#482 = EDGE_CURVE ( 'NONE', #747, #2818, #1609, .T. ) ;
#483 = ADVANCED_FACE ( 'NONE', ( #2688 ), #1570, .T. ) ;
#484 = DIRECTION ( 'NONE',  ( -0.000000000000000000, -0.000000000000000000, -1.000000000000000000 ) ) ;
#485 = DIRECTION ( 'NONE',  ( -0.000000000000000000, 0.000000000000000000, 1.000000000000000000 ) ) ;
#486 = DIRECTION ( 'NONE',  ( 1.000000000000000000, 0.000000000000000000, 0.000000000000000000 ) ) ;
#487 = CARTESIAN_POINT ( 'NONE',  ( -19.07500000000000284, 28.10000000000000142, -0.7012473179190117367 ) ) ;
#488 = AXIS2_PLACEMENT_3D ( 'NONE', #2607, #1076, #1139 ) ;
#489 = AXIS2_PLACEMENT_3D ( 'NONE', #3557, #2310, #185 ) ;
#490 = ADVANCED_FACE ( 'NONE', ( #2518 ), #875, .T. ) ;
#491 = VECTOR ( 'NONE', #2754, 1000.000000000000000 ) ;
#492 = DIRECTION ( 'NONE',  ( 0.000000000000000000, 0.000000000000000000, 1.000000000000000000 ) ) ;
#493 = VECTOR ( 'NONE', #2750, 1000.000000000000000 ) ;
#494 = CARTESIAN_POINT ( 'NONE',  ( 13.70000000000000462, -28.10000000000000142, 2.000000000000000000 ) ) ;
#495 = ORIENTED_EDGE ( 'NONE', *, *, #1062, .F. ) ;
#496 = AXIS2_PLACEMENT_3D ( 'NONE', #3663, #2175, #938 ) ;
#497 = ORIENTED_EDGE ( 'NONE', *, *, #2569, .F. ) ;
#498 = VERTEX_POINT ( 'NONE', #2779 ) ;
#499 = DIRECTION ( 'NONE',  ( -0.000000000000000000, 0.000000000000000000, 1.000000000000000000 ) ) ;
#500 = AXIS2_PLACEMENT_3D ( 'NONE', #697, #1662, #1623 ) ;
#501 = VERTEX_POINT ( 'NONE', #673 ) ;
#502 = SHAPE_DEFINITION_REPRESENTATION ( #2243, #852 ) ;
#503 = VERTEX_POINT ( 'NONE', #2482 ) ;
#504 = CARTESIAN_POINT ( 'NONE',  ( -26.43284812093935443, 4.580185411368991917E-14, 2.000000000000000000 ) ) ;
#505 = CARTESIAN_POINT ( 'NONE',  ( 26.20000000000000284, 26.19999999999999929, -0.7012473179189987471 ) ) ;
#506 = CARTESIAN_POINT ( 'NONE',  ( 17.97500000000000142, -6.100000000000001421, -0.7012473179190117367 ) ) ;
#507 = AXIS2_PLACEMENT_3D ( 'NONE', #3202, #2936, #3845 ) ;
#508 = CARTESIAN_POINT ( 'NONE',  ( -32.20000000000000284, -2.249788838360192895E-15, -0.7012473179189987471 ) ) ;
#509 = VECTOR ( 'NONE', #3745, 1000.000000000000000 ) ;
#510 = DIRECTION ( 'NONE',  ( 1.000000000000000000, 0.000000000000000000, 0.000000000000000000 ) ) ;
#511 = DIRECTION ( 'NONE',  ( 1.000000000000000000, 0.000000000000000000, 0.000000000000000000 ) ) ;
#512 = DIRECTION ( 'NONE',  ( 0.000000000000000000, 0.000000000000000000, 1.000000000000000000 ) ) ;
#513 = EDGE_CURVE ( 'NONE', #2726, #503, #3091, .T. ) ;
#514 = CARTESIAN_POINT ( 'NONE',  ( -7.675000000000001599, -28.10000000000000142, -0.7012473179190117367 ) ) ;
#515 = VERTEX_POINT ( 'NONE', #3725 ) ;
#516 = EDGE_CURVE ( 'NONE', #1899, #2981, #1880, .T. ) ;
#517 = ORIENTED_EDGE ( 'NONE', *, *, #3883, .T. ) ;
#518 = ORIENTED_EDGE ( 'NONE', *, *, #3609, .F. ) ;
#519 = CARTESIAN_POINT ( 'NONE',  ( 6.575000000000001066, 6.100000000000001421, 0.000000000000000000 ) ) ;
#520 = ORIENTED_EDGE ( 'NONE', *, *, #2118, .T. ) ;
#521 = AXIS2_PLACEMENT_3D ( 'NONE', #231, #863, #1186 ) ;
#522 = DIRECTION ( 'NONE',  ( -0.000000000000000000, -0.000000000000000000, 1.000000000000000000 ) ) ;
#523 = VERTEX_POINT ( 'NONE', #3407 ) ;
#524 = DIRECTION ( 'NONE',  ( 1.000000000000000000, 0.000000000000000000, 0.000000000000000000 ) ) ;
#525 = DIRECTION ( 'NONE',  ( 0.000000000000000000, -1.000000000000000000, 0.000000000000000000 ) ) ;
#526 = DIRECTION ( 'NONE',  ( 1.000000000000000000, 0.000000000000000000, 0.000000000000000000 ) ) ;
#527 = DIRECTION ( 'NONE',  ( -1.000000000000000000, 0.000000000000000000, 0.000000000000000000 ) ) ;
#528 = DIRECTION ( 'NONE',  ( -0.000000000000000000, -0.000000000000000000, 1.000000000000000000 ) ) ;
#529 = CARTESIAN_POINT ( 'NONE',  ( 27.19999999999998863, -33.12820323027550984, -0.7012473179190065187 ) ) ;
#530 = LINE ( 'NONE', #841, #805 ) ;
#531 = CARTESIAN_POINT ( 'NONE',  ( 9.424999999999998934, -28.10000000000000142, 2.000000000000000000 ) ) ;
#532 = EDGE_CURVE ( 'NONE', #2831, #990, #3850, .T. ) ;
#533 = DIRECTION ( 'NONE',  ( 0.000000000000000000, 1.000000000000000000, 0.000000000000000000 ) ) ;
#534 = DIRECTION ( 'NONE',  ( 0.000000000000000000, -1.000000000000000000, 0.000000000000000000 ) ) ;
#535 = ORIENTED_EDGE ( 'NONE', *, *, #2519, .T. ) ;
#536 = AXIS2_PLACEMENT_3D ( 'NONE', #1954, #3504, #465 ) ;
#537 = ORIENTED_EDGE ( 'NONE', *, *, #2248, .T. ) ;
#538 = EDGE_CURVE ( 'NONE', #3421, #619, #3599, .T. ) ;
#539 = EDGE_CURVE ( 'NONE', #59, #3453, #349, .T. ) ;
#540 = ORIENTED_EDGE ( 'NONE', *, *, #2964, .T. ) ;
#541 = DIRECTION ( 'NONE',  ( 2.081668171172166304E-14, 1.000000000000000000, 2.394758726656788865E-17 ) ) ;
#542 = VERTEX_POINT ( 'NONE', #2184 ) ;
#543 = ADVANCED_FACE ( 'NONE', ( #1902 ), #639, .F. ) ;
#544 = ORIENTED_EDGE ( 'NONE', *, *, #761, .T. ) ;
#545 = CARTESIAN_POINT ( 'NONE',  ( -30.19999999999999929, 26.19999999999997087, -94.64761499650464316 ) ) ;
#546 = VERTEX_POINT ( 'NONE', #1552 ) ;
#547 = LINE ( 'NONE', #1773, #1273 ) ;
#548 = DIRECTION ( 'NONE',  ( -0.000000000000000000, 0.000000000000000000, 1.000000000000000000 ) ) ;
#549 = CARTESIAN_POINT ( 'NONE',  ( 20.82499999999999929, 28.10000000000000142, 0.000000000000000000 ) ) ;
#550 = DIRECTION ( 'NONE',  ( 1.000000000000000000, 0.000000000000000000, 0.000000000000000000 ) ) ;
#551 = CARTESIAN_POINT ( 'NONE',  ( 26.19999999999997442, -30.19999999999999929, -94.64761499650464316 ) ) ;
#552 = DIRECTION ( 'NONE',  ( -0.000000000000000000, -0.000000000000000000, 1.000000000000000000 ) ) ;
#553 = LINE ( 'NONE', #601, #3732 ) ;
#554 = CARTESIAN_POINT ( 'NONE',  ( -13.37500000000000178, -6.100000000000001421, 2.000000000000000000 ) ) ;
#555 = ORIENTED_EDGE ( 'NONE', *, *, #1915, .F. ) ;
#556 = ORIENTED_EDGE ( 'NONE', *, *, #1378, .F. ) ;
#557 = AXIS2_PLACEMENT_3D ( 'NONE', #2908, #1758, #3864 ) ;
#558 = AXIS2_PLACEMENT_3D ( 'NONE', #480, #2903, #2687 ) ;
#559 = AXIS2_PLACEMENT_3D ( 'NONE', #1262, #2121, #573 ) ;
#560 = ORIENTED_EDGE ( 'NONE', *, *, #513, .T. ) ;
#561 = DIRECTION ( 'NONE',  ( -9.714451465470119729E-17, 2.394758726656991011E-17, -1.000000000000000000 ) ) ;
#562 = ORIENTED_EDGE ( 'NONE', *, *, #482, .T. ) ;
#563 = CIRCLE ( 'NONE', #1149, 1.424999999999999156 ) ;
#564 = EDGE_CURVE ( 'NONE', #1428, #3618, #1248, .T. ) ;
#565 = EDGE_CURVE ( 'NONE', #3690, #3072, #1254, .T. ) ;
#566 = ORIENTED_EDGE ( 'NONE', *, *, #1284, .F. ) ;
#567 = CYLINDRICAL_SURFACE ( 'NONE', #2602, 1.424999999999999156 ) ;
#568 = ORIENTED_EDGE ( 'NONE', *, *, #2467, .F. ) ;
#569 = DIRECTION ( 'NONE',  ( 1.000000000000000000, -0.000000000000000000, 0.000000000000000000 ) ) ;
#570 = LINE ( 'NONE', #42, #351 ) ;
#571 = ADVANCED_FACE ( 'NONE', ( #1865 ), #373, .F. ) ;
#572 = DIRECTION ( 'NONE',  ( 1.000000000000000000, 0.000000000000000000, 0.000000000000000000 ) ) ;
#573 = DIRECTION ( 'NONE',  ( 1.000000000000000000, 0.000000000000000000, -9.035018104045866996E-17 ) ) ;
#574 = DIRECTION ( 'NONE',  ( -0.000000000000000000, -0.000000000000000000, 1.000000000000000000 ) ) ;
#575 = CARTESIAN_POINT ( 'NONE',  ( 25.19999999999998508, -34.20000000000000284, 2.000000000000001776 ) ) ;
#576 = AXIS2_PLACEMENT_3D ( 'NONE', #251, #1423, #550 ) ;
#577 = DIRECTION ( 'NONE',  ( 1.000000000000000000, 0.000000000000000000, 0.000000000000000000 ) ) ;
#578 = ORIENTED_EDGE ( 'NONE', *, *, #2964, .F. ) ;
#579 = DIRECTION ( 'NONE',  ( 0.000000000000000000, 0.000000000000000000, -1.000000000000000000 ) ) ;
#580 = ORIENTED_EDGE ( 'NONE', *, *, #963, .T. ) ;
#581 = PLANE ( 'NONE',  #3340 ) ;
#582 = VERTEX_POINT ( 'NONE', #2001 ) ;
#583 = EDGE_CURVE ( 'NONE', #1428, #3533, #133, .T. ) ;
#584 = VERTEX_POINT ( 'NONE', #3832 ) ;
#585 = DIRECTION ( 'NONE',  ( 0.000000000000000000, 1.000000000000000000, 0.000000000000000000 ) ) ;
#586 = EDGE_LOOP ( 'NONE', ( #89, #1512, #1066, #1791 ) ) ;
#587 = PLANE ( 'NONE',  #1715 ) ;
#588 = DIRECTION ( 'NONE',  ( -0.000000000000000000, -0.000000000000000000, 1.000000000000000000 ) ) ;
#589 = EDGE_CURVE ( 'NONE', #827, #386, #744, .T. ) ;
#590 = DIRECTION ( 'NONE',  ( -0.000000000000000000, -0.000000000000000000, 1.000000000000000000 ) ) ;
#591 = CARTESIAN_POINT ( 'NONE',  ( 8.000000000000000000, -28.10000000000000142, 0.000000000000000000 ) ) ;
#592 = DIRECTION ( 'NONE',  ( 1.000000000000000000, 0.000000000000000000, 0.000000000000000000 ) ) ;
#593 = DIRECTION ( 'NONE',  ( -0.000000000000000000, 1.000000000000000000, -0.000000000000000000 ) ) ;
#594 = ORIENTED_EDGE ( 'NONE', *, *, #2643, .F. ) ;
#595 = VERTEX_POINT ( 'NONE', #1068 ) ;
#596 = VECTOR ( 'NONE', #2281, 1000.000000000000000 ) ;
#597 = AXIS2_PLACEMENT_3D ( 'NONE', #3512, #1113, #499 ) ;
#598 = DIRECTION ( 'NONE',  ( -0.000000000000000000, -0.000000000000000000, 1.000000000000000000 ) ) ;
#599 = ORIENTED_EDGE ( 'NONE', *, *, #2585, .T. ) ;
#600 = ORIENTED_EDGE ( 'NONE', *, *, #3585, .T. ) ;
#601 = CARTESIAN_POINT ( 'NONE',  ( -10.52500000000000036, 28.10000000000000142, -0.7012473179190117367 ) ) ;
#602 = ORIENTED_EDGE ( 'NONE', *, *, #1960, .F. ) ;
#603 = CARTESIAN_POINT ( 'NONE',  ( 19.40000000000000213, 6.100000000000001421, -0.7012473179190117367 ) ) ;
#604 = EDGE_LOOP ( 'NONE', ( #1901, #3060, #2241, #1666 ) ) ;
#605 = LINE ( 'NONE', #319, #3941 ) ;
#606 = FACE_OUTER_BOUND ( 'NONE', #3606, .T. ) ;
#607 = CARTESIAN_POINT ( 'NONE',  ( -21.92500000000000071, 6.100000000000001421, 2.000000000000000000 ) ) ;
#608 = CARTESIAN_POINT ( 'NONE',  ( -14.80000000000000071, 28.10000000000000142, 0.000000000000000000 ) ) ;
#609 = CARTESIAN_POINT ( 'NONE',  ( 3.724999999999999201, 6.100000000000001421, 0.000000000000000000 ) ) ;
#610 = CIRCLE ( 'NONE', #3539, 1.424999999999999156 ) ;
#611 = EDGE_CURVE ( 'NONE', #3687, #1999, #2221, .T. ) ;
#612 = EDGE_CURVE ( 'NONE', #2294, #1726, #700, .T. ) ;
#613 = LINE ( 'NONE', #3400, #16 ) ;
#614 = ORIENTED_EDGE ( 'NONE', *, *, #3700, .F. ) ;
#615 = AXIS2_PLACEMENT_3D ( 'NONE', #1762, #3586, #2045 ) ;
#616 = VERTEX_POINT ( 'NONE', #1627 ) ;
#617 = ADVANCED_FACE ( 'NONE', ( #3451 ), #1547, .T. ) ;
#618 = EDGE_LOOP ( 'NONE', ( #2000, #2540, #306, #2641 ) ) ;
#619 = VERTEX_POINT ( 'NONE', #1891 ) ;
#620 = VECTOR ( 'NONE', #709, 1000.000000000000000 ) ;
#621 = AXIS2_PLACEMENT_3D ( 'NONE', #2289, #3517, #524 ) ;
#622 = ORIENTED_EDGE ( 'NONE', *, *, #2784, .F. ) ;
#623 = VECTOR ( 'NONE', #3842, 1000.000000000000000 ) ;
#624 = PLANE ( 'NONE',  #1783 ) ;
#625 = ORIENTED_EDGE ( 'NONE', *, *, #3249, .T. ) ;
#626 = LINE ( 'NONE', #300, #493 ) ;
#627 = DIRECTION ( 'NONE',  ( -0.000000000000000000, -0.000000000000000000, 1.000000000000000000 ) ) ;
#628 = LINE ( 'NONE', #14, #1466 ) ;
#629 = LINE ( 'NONE', #2395, #3103 ) ;
#630 = AXIS2_PLACEMENT_3D ( 'NONE', #930, #3331, #3705 ) ;
#631 = ADVANCED_FACE ( 'NONE', ( #3101 ), #3762, .F. ) ;
#632 = CARTESIAN_POINT ( 'NONE',  ( -21.92500000000000071, -28.10000000000000142, 0.000000000000000000 ) ) ;
#633 = VERTEX_POINT ( 'NONE', #2002 ) ;
#634 = EDGE_CURVE ( 'NONE', #1330, #2047, #326, .T. ) ;
#635 = SURFACE_STYLE_USAGE ( .BOTH. , #919 ) ;
#636 = CARTESIAN_POINT ( 'NONE',  ( -19.07500000000000284, 6.100000000000001421, 2.000000000000000000 ) ) ;
#637 = VERTEX_POINT ( 'NONE', #311 ) ;
#638 = ORIENTED_EDGE ( 'NONE', *, *, #1425, .F. ) ;
#639 = PLANE ( 'NONE',  #1818 ) ;
#640 = EDGE_LOOP ( 'NONE', ( #2046, #1047, #2894, #2842 ) ) ;
#641 = DIRECTION ( 'NONE',  ( -1.000000000000000000, 0.000000000000000000, 0.000000000000000000 ) ) ;
#642 = EDGE_LOOP ( 'NONE', ( #3648, #2552, #495, #430 ) ) ;
#643 = FACE_BOUND ( 'NONE', #3318, .T. ) ;
#644 = DIRECTION ( 'NONE',  ( 9.714451465470119729E-17, -2.394758726656991011E-17, 1.000000000000000000 ) ) ;
#645 = CARTESIAN_POINT ( 'NONE',  ( 0.8750000000000007772, -6.100000000000001421, 0.000000000000000000 ) ) ;
#646 = CARTESIAN_POINT ( 'NONE',  ( -3.400000000000000355, -28.10000000000000142, 0.000000000000000000 ) ) ;
#647 = LINE ( 'NONE', #2179, #3436 ) ;
#648 = EDGE_LOOP ( 'NONE', ( #804, #2480, #3188, #767 ) ) ;
#649 = DIRECTION ( 'NONE',  ( 0.000000000000000000, -1.000000000000000000, 0.000000000000000000 ) ) ;
#650 = CARTESIAN_POINT ( 'NONE',  ( -19.07500000000000284, -28.10000000000000142, 2.000000000000000000 ) ) ;
#651 = ORIENTED_EDGE ( 'NONE', *, *, #3704, .F. ) ;
#652 = ORIENTED_EDGE ( 'NONE', *, *, #3688, .F. ) ;
#653 = CARTESIAN_POINT ( 'NONE',  ( 20.82499999999999929, 28.10000000000000142, -0.7012473179190117367 ) ) ;
#654 = EDGE_CURVE ( 'NONE', #3168, #197, #3387, .T. ) ;
#655 = ADVANCED_FACE ( 'NONE', ( #2719 ), #1549, .T. ) ;
#656 = AXIS2_PLACEMENT_3D ( 'NONE', #3212, #2947, #1433 ) ;
#657 = ORIENTED_EDGE ( 'NONE', *, *, #1509, .T. ) ;
#658 = LINE ( 'NONE', #2227, #987 ) ;
#659 = ORIENTED_EDGE ( 'NONE', *, *, #964, .F. ) ;
#660 = FACE_BOUND ( 'NONE', #984, .T. ) ;
#661 = VECTOR ( 'NONE', #574, 1000.000000000000000 ) ;
#662 = EDGE_CURVE ( 'NONE', #378, #3836, #2479, .T. ) ;
#663 = FACE_OUTER_BOUND ( 'NONE', #771, .T. ) ;
#664 = DIRECTION ( 'NONE',  ( -1.000000000000000000, 0.000000000000000000, 0.000000000000000000 ) ) ;
#665 = VECTOR ( 'NONE', #2957, 1000.000000000000000 ) ;
#666 = CARTESIAN_POINT ( 'NONE',  ( -27.62500000000000000, -6.100000000000001421, 0.000000000000000000 ) ) ;
#667 = ORIENTED_EDGE ( 'NONE', *, *, #3215, .T. ) ;
#668 = CARTESIAN_POINT ( 'NONE',  ( 0.8750000000000007772, 28.10000000000000142, -0.7012473179190117367 ) ) ;
#669 = CIRCLE ( 'NONE', #1385, 1.424999999999999156 ) ;
#670 = AXIS2_PLACEMENT_3D ( 'NONE', #3794, #3947, #1488 ) ;
#671 = VERTEX_POINT ( 'NONE', #636 ) ;
#672 = ORIENTED_EDGE ( 'NONE', *, *, #654, .F. ) ;
#673 = CARTESIAN_POINT ( 'NONE',  ( 15.12500000000000355, -6.100000000000001421, 0.000000000000000000 ) ) ;
#674 = ORIENTED_EDGE ( 'NONE', *, *, #2178, .T. ) ;
#675 = ADVANCED_FACE ( 'NONE', ( #1862 ), #2491, .F. ) ;
#676 = EDGE_CURVE ( 'NONE', #2278, #3329, #3534, .T. ) ;
#677 = VECTOR ( 'NONE', #1161, 1000.000000000000000 ) ;
#678 = DIRECTION ( 'NONE',  ( 0.000000000000000000, 0.000000000000000000, 1.000000000000000000 ) ) ;
#679 = ORIENTED_EDGE ( 'NONE', *, *, #3438, .T. ) ;
#680 = DIRECTION ( 'NONE',  ( 0.000000000000000000, 1.000000000000000000, -0.000000000000000000 ) ) ;
#681 = VECTOR ( 'NONE', #1319, 1000.000000000000000 ) ;
#682 = VECTOR ( 'NONE', #173, 1000.000000000000000 ) ;
#683 = CIRCLE ( 'NONE', #2734, 1.424999999999999156 ) ;
#684 = EDGE_CURVE ( 'NONE', #2048, #3191, #1827, .T. ) ;
#685 = PLANE ( 'NONE',  #177 ) ;
#686 = CIRCLE ( 'NONE', #559, 6.000000000000001776 ) ;
#687 = DIRECTION ( 'NONE',  ( 1.000000000000000000, 0.000000000000000000, 0.000000000000000000 ) ) ;
#688 = CARTESIAN_POINT ( 'NONE',  ( -21.92500000000000071, -6.100000000000001421, 2.000000000000000000 ) ) ;
#689 = VECTOR ( 'NONE', #245, 1000.000000000000000 ) ;
#690 = AXIS2_PLACEMENT_3D ( 'NONE', #1777, #1484, #2078 ) ;
#691 = DIRECTION ( 'NONE',  ( -0.000000000000000000, -1.000000000000000000, -0.000000000000000000 ) ) ;
#692 = VECTOR ( 'NONE', #3148, 1000.000000000000000 ) ;
#693 = ORIENTED_EDGE ( 'NONE', *, *, #2861, .F. ) ;
#694 = CARTESIAN_POINT ( 'NONE',  ( 26.52499999999999503, 0.000000000000000000, 0.000000000000000000 ) ) ;
#695 = DIRECTION ( 'NONE',  ( -1.000000000000000000, 0.000000000000000000, 0.000000000000000000 ) ) ;
#696 = DIRECTION ( 'NONE',  ( 0.000000000000000000, -1.000000000000000000, 0.000000000000000000 ) ) ;
#697 = CARTESIAN_POINT ( 'NONE',  ( -14.80000000000000071, -28.10000000000000142, 0.000000000000000000 ) ) ;
#698 = ORIENTED_EDGE ( 'NONE', *, *, #1219, .T. ) ;
#699 = ORIENTED_EDGE ( 'NONE', *, *, #1601, .F. ) ;
#700 = LINE ( 'NONE', #3813, #2456 ) ;
#701 = AXIS2_PLACEMENT_3D ( 'NONE', #2551, #2570, #1952 ) ;
#702 = VECTOR ( 'NONE', #781, 1000.000000000000000 ) ;
#703 = ORIENTED_EDGE ( 'NONE', *, *, #3685, .F. ) ;
#704 = CARTESIAN_POINT ( 'NONE',  ( 23.67499999999999716, -6.100000000000001421, 0.000000000000000000 ) ) ;
#705 = ORIENTED_EDGE ( 'NONE', *, *, #3828, .T. ) ;
#706 = CARTESIAN_POINT ( 'NONE',  ( 2.299999999999999822, -28.10000000000000142, 2.000000000000000000 ) ) ;
#707 = EDGE_CURVE ( 'NONE', #2968, #2656, #530, .T. ) ;
#708 = CARTESIAN_POINT ( 'NONE',  ( 27.19999999999998863, -33.12820323027550984, 2.000000000000000000 ) ) ;
#709 = DIRECTION ( 'NONE',  ( -1.000000000000000000, 0.000000000000000000, 0.000000000000000000 ) ) ;
#710 = DIRECTION ( 'NONE',  ( -0.000000000000000000, -0.000000000000000000, 1.000000000000000000 ) ) ;
#711 = EDGE_CURVE ( 'NONE', #3132, #3570, #1698, .T. ) ;
#712 = ADVANCED_FACE ( 'NONE', ( #3505 ), #3803, .F. ) ;
#713 = FACE_OUTER_BOUND ( 'NONE', #2444, .T. ) ;
#714 = EDGE_LOOP ( 'NONE', ( #652, #3670, #638, #2864 ) ) ;
#715 = CARTESIAN_POINT ( 'NONE',  ( -16.22500000000000142, 0.000000000000000000, 0.000000000000000000 ) ) ;
#716 = AXIS2_PLACEMENT_3D ( 'NONE', #961, #3034, #1245 ) ;
#717 = EDGE_CURVE ( 'NONE', #2782, #1159, #3566, .T. ) ;
#718 = DIRECTION ( 'NONE',  ( 1.000000000000000000, 0.000000000000000000, 0.000000000000000000 ) ) ;
#719 = DIRECTION ( 'NONE',  ( 1.000000000000000000, 0.000000000000000000, 0.000000000000000000 ) ) ;
#720 = ORIENTED_EDGE ( 'NONE', *, *, #847, .F. ) ;
#721 = VERTEX_POINT ( 'NONE', #2375 ) ;
#722 = VERTEX_POINT ( 'NONE', #3248 ) ;
#723 = DIRECTION ( 'NONE',  ( 1.387778780781444098E-14, -1.000000000000000000, -2.394758726657125672E-17 ) ) ;
#724 = VERTEX_POINT ( 'NONE', #3584 ) ;
#725 = DIRECTION ( 'NONE',  ( 0.000000000000000000, 0.000000000000000000, -1.000000000000000000 ) ) ;
#726 = CIRCLE ( 'NONE', #145, 1.424999999999999156 ) ;
#727 = VECTOR ( 'NONE', #2389, 1000.000000000000000 ) ;
#728 = CARTESIAN_POINT ( 'NONE',  ( 17.97500000000000142, -28.10000000000000142, 0.000000000000000000 ) ) ;
#729 = CIRCLE ( 'NONE', #2971, 1.424999999999999156 ) ;
#730 = DIRECTION ( 'NONE',  ( -1.000000000000000000, 0.000000000000000000, 0.000000000000000000 ) ) ;
#731 = DIRECTION ( 'NONE',  ( -0.000000000000000000, -0.000000000000000000, 1.000000000000000000 ) ) ;
#732 = CARTESIAN_POINT ( 'NONE',  ( 0.000000000000000000, -32.20000000000000284, 2.000000000000000000 ) ) ;
#733 = LINE ( 'NONE', #3461, #2428 ) ;
#734 = EDGE_LOOP ( 'NONE', ( #1133, #2401, #3706, #3394 ) ) ;
#735 = ADVANCED_FACE ( 'NONE', ( #3227 ), #2080, .F. ) ;
#736 = DIRECTION ( 'NONE',  ( 1.000000000000000000, 0.000000000000000000, 0.000000000000000000 ) ) ;
#737 = FILL_AREA_STYLE_COLOUR ( '', #477 ) ;
#738 = EDGE_CURVE ( 'NONE', #3652, #1535, #2205, .T. ) ;
#739 = DIRECTION ( 'NONE',  ( -0.000000000000000000, 0.000000000000000000, 1.000000000000000000 ) ) ;
#740 = LINE ( 'NONE', #763, #2043 ) ;
#741 = ORIENTED_EDGE ( 'NONE', *, *, #2972, .T. ) ;
#742 = EDGE_CURVE ( 'NONE', #60, #412, #779, .T. ) ;
#743 = ORIENTED_EDGE ( 'NONE', *, *, #1130, .F. ) ;
#744 = LINE ( 'NONE', #3171, #83 ) ;
#745 = ORIENTED_EDGE ( 'NONE', *, *, #3477, .F. ) ;
#746 = FACE_OUTER_BOUND ( 'NONE', #2777, .T. ) ;
#747 = VERTEX_POINT ( 'NONE', #1779 ) ;
#748 = FACE_BOUND ( 'NONE', #3591, .T. ) ;
#749 = DIRECTION ( 'NONE',  ( -0.000000000000000000, -0.000000000000000000, 1.000000000000000000 ) ) ;
#750 = DIRECTION ( 'NONE',  ( -0.000000000000000000, -0.000000000000000000, -1.000000000000000000 ) ) ;
#751 = LINE ( 'NONE', #3777, #2729 ) ;
#752 = CARTESIAN_POINT ( 'NONE',  ( -16.22500000000000142, -28.10000000000000142, -0.7012473179190117367 ) ) ;
#753 = VECTOR ( 'NONE', #2954, 1000.000000000000000 ) ;
#754 = VECTOR ( 'NONE', #836, 1000.000000000000000 ) ;
#755 = VECTOR ( 'NONE', #3950, 1000.000000000000000 ) ;
#756 = FACE_OUTER_BOUND ( 'NONE', #2819, .T. ) ;
#757 = VECTOR ( 'NONE', #585, 1000.000000000000000 ) ;
#758 = EDGE_LOOP ( 'NONE', ( #2009, #2983, #2962, #257 ) ) ;
#759 = DIRECTION ( 'NONE',  ( -1.000000000000000000, 1.732762731588011790E-15, 0.000000000000000000 ) ) ;
#760 = DIRECTION ( 'NONE',  ( -0.000000000000000000, -0.000000000000000000, 1.000000000000000000 ) ) ;
#761 = EDGE_CURVE ( 'NONE', #3210, #3352, #2715, .T. ) ;
#762 = DIRECTION ( 'NONE',  ( 0.000000000000000000, -1.000000000000000000, -2.394758726656990703E-17 ) ) ;
#763 = CARTESIAN_POINT ( 'NONE',  ( 9.424999999999998934, 28.10000000000000142, 2.000000000000000000 ) ) ;
#764 = ORIENTED_EDGE ( 'NONE', *, *, #2258, .F. ) ;
#765 = VERTEX_POINT ( 'NONE', #1740 ) ;
#766 = EDGE_CURVE ( 'NONE', #2340, #3723, #1445, .T. ) ;
#767 = ORIENTED_EDGE ( 'NONE', *, *, #1188, .F. ) ;
#768 = CARTESIAN_POINT ( 'NONE',  ( -9.800000000000002487, 32.20000000000000284, 2.000000000000000000 ) ) ;
#769 = ORIENTED_EDGE ( 'NONE', *, *, #360, .F. ) ;
#770 = DIRECTION ( 'NONE',  ( 1.000000000000000000, 0.000000000000000000, 0.000000000000000000 ) ) ;
#771 = EDGE_LOOP ( 'NONE', ( #3211, #2062, #3550, #1294 ) ) ;
#772 = CYLINDRICAL_SURFACE ( 'NONE', #1717, 1.424999999999999156 ) ;
#773 = DIRECTION ( 'NONE',  ( 1.000000000000000000, -0.000000000000000000, 0.000000000000000000 ) ) ;
#774 = LINE ( 'NONE', #3199, #3233 ) ;
#775 = DIRECTION ( 'NONE',  ( -0.000000000000000000, -0.000000000000000000, 1.000000000000000000 ) ) ;
#776 = DIRECTION ( 'NONE',  ( 0.000000000000000000, 1.000000000000000000, 0.000000000000000000 ) ) ;
#777 = ORIENTED_EDGE ( 'NONE', *, *, #2563, .T. ) ;
#778 = DIRECTION ( 'NONE',  ( 0.9999998890478885016, 0.0004710670979180473492, 0.000000000000000000 ) ) ;
#779 = LINE ( 'NONE', #1996, #471 ) ;
#780 = LINE ( 'NONE', #2874, #1587 ) ;
#781 = DIRECTION ( 'NONE',  ( -0.000000000000000000, -0.000000000000000000, 1.000000000000000000 ) ) ;
#782 = CARTESIAN_POINT ( 'NONE',  ( 12.27500000000000391, -28.10000000000000142, 0.000000000000000000 ) ) ;
#783 = ORIENTED_EDGE ( 'NONE', *, *, #3637, .T. ) ;
#784 = ORIENTED_EDGE ( 'NONE', *, *, #2036, .T. ) ;
#785 = ORIENTED_EDGE ( 'NONE', *, *, #2589, .T. ) ;
#786 = DIRECTION ( 'NONE',  ( -0.000000000000000000, 0.000000000000000000, -1.000000000000000000 ) ) ;
#787 = VERTEX_POINT ( 'NONE', #1486 ) ;
#788 = ADVANCED_FACE ( 'NONE', ( #1406 ), #2612, .F. ) ;
#789 = FACE_BOUND ( 'NONE', #3062, .T. ) ;
#790 = EDGE_CURVE ( 'NONE', #501, #60, #3721, .T. ) ;
#791 = ORIENTED_EDGE ( 'NONE', *, *, #76, .T. ) ;
#792 = LINE ( 'NONE', #545, #3424 ) ;
#793 = LINE ( 'NONE', #856, #754 ) ;
#794 = PLANE ( 'NONE',  #3298 ) ;
#795 = EDGE_CURVE ( 'NONE', #515, #3037, #629, .T. ) ;
#796 = CARTESIAN_POINT ( 'NONE',  ( -0.01422889507609436180, 30.20566191155180746, 2.000000000000000000 ) ) ;
#797 = AXIS2_PLACEMENT_3D ( 'NONE', #2701, #2815, #2721 ) ;
#798 = CARTESIAN_POINT ( 'NONE',  ( -24.77500000000000213, -6.100000000000001421, -0.7012473179190117367 ) ) ;
#799 = DIRECTION ( 'NONE',  ( 0.000000000000000000, 0.000000000000000000, -1.000000000000000000 ) ) ;
#800 = DIRECTION ( 'NONE',  ( -0.000000000000000000, -0.000000000000000000, -1.000000000000000000 ) ) ;
#801 = LINE ( 'NONE', #3483, #3 ) ;
#802 = CARTESIAN_POINT ( 'NONE',  ( 0.8750000000000007772, 28.10000000000000142, 2.000000000000000000 ) ) ;
#803 = EDGE_LOOP ( 'NONE', ( #3849, #2146, #2499, #1311 ) ) ;
#804 = ORIENTED_EDGE ( 'NONE', *, *, #964, .T. ) ;
#805 = VECTOR ( 'NONE', #800, 1000.000000000000000 ) ;
#806 = ORIENTED_EDGE ( 'NONE', *, *, #2036, .F. ) ;
#807 = VECTOR ( 'NONE', #249, 1000.000000000000000 ) ;
#808 = DIRECTION ( 'NONE',  ( 1.000000000000000000, 0.000000000000000000, 0.000000000000000000 ) ) ;
#809 = EDGE_LOOP ( 'NONE', ( #2116, #1153, #1639, #3724 ) ) ;
#810 = DIRECTION ( 'NONE',  ( 1.000000000000000000, 0.000000000000000000, 0.000000000000000000 ) ) ;
#811 = EDGE_CURVE ( 'NONE', #721, #3429, #1856, .T. ) ;
#812 = ORIENTED_EDGE ( 'NONE', *, *, #612, .F. ) ;
#813 = AXIS2_PLACEMENT_3D ( 'NONE', #3829, #3892, #2360 ) ;
#814 = CARTESIAN_POINT ( 'NONE',  ( -30.19999999999999929, 26.19999999999997087, -0.000000000000000000 ) ) ;
#815 = CARTESIAN_POINT ( 'NONE',  ( 6.575000000000001066, 0.000000000000000000, 0.000000000000000000 ) ) ;
#816 = DIRECTION ( 'NONE',  ( 1.000000000000000000, 0.000000000000000000, -1.084202172485504434E-16 ) ) ;
#817 = ADVANCED_FACE ( 'NONE', ( #3066 ), #3952, .F. ) ;
#818 = DIRECTION ( 'NONE',  ( 0.000000000000000000, -1.000000000000000000, -2.394758726656990703E-17 ) ) ;
#819 = CARTESIAN_POINT ( 'NONE',  ( -16.22500000000000142, 6.100000000000001421, 2.000000000000000000 ) ) ;
#820 = PLANE ( 'NONE',  #3280 ) ;
#821 = DIRECTION ( 'NONE',  ( -2.081668171172166304E-14, -1.000000000000000000, 0.000000000000000000 ) ) ;
#822 = AXIS2_PLACEMENT_3D ( 'NONE', #3180, #773, #440 ) ;
#823 = DIRECTION ( 'NONE',  ( -0.000000000000000000, -0.000000000000000000, 1.000000000000000000 ) ) ;
#824 = CARTESIAN_POINT ( 'NONE',  ( -16.22500000000000142, 6.100000000000001421, 0.000000000000000000 ) ) ;
#825 = AXIS2_PLACEMENT_3D ( 'NONE', #3676, #918, #3338 ) ;
#826 = DIRECTION ( 'NONE',  ( -0.000000000000000000, -0.000000000000000000, 1.000000000000000000 ) ) ;
#827 = VERTEX_POINT ( 'NONE', #3083 ) ;
#828 = ORIENTED_EDGE ( 'NONE', *, *, #26, .T. ) ;
#829 = ORIENTED_EDGE ( 'NONE', *, *, #2668, .F. ) ;
#830 = DIRECTION ( 'NONE',  ( -0.000000000000000000, -0.000000000000000000, 1.000000000000000000 ) ) ;
#831 = AXIS2_PLACEMENT_3D ( 'NONE', #3767, #3487, #3186 ) ;
#832 = ORIENTED_EDGE ( 'NONE', *, *, #451, .F. ) ;
#833 = FACE_BOUND ( 'NONE', #2072, .T. ) ;
#834 = ORIENTED_EDGE ( 'NONE', *, *, #1487, .T. ) ;
#835 = DIRECTION ( 'NONE',  ( 0.000000000000000000, 0.000000000000000000, 1.000000000000000000 ) ) ;
#836 = DIRECTION ( 'NONE',  ( 0.000000000000000000, -1.000000000000000000, 0.000000000000000000 ) ) ;
#837 = ADVANCED_FACE ( 'NONE', ( #1228 ), #923, .F. ) ;
#838 = CYLINDRICAL_SURFACE ( 'NONE', #3358, 1.424999999999999156 ) ;
#839 = CARTESIAN_POINT ( 'NONE',  ( -16.22500000000000142, -28.10000000000000142, -0.7012473179190117367 ) ) ;
#840 = CARTESIAN_POINT ( 'NONE',  ( 3.724999999999999201, -6.100000000000001421, 2.000000000000000000 ) ) ;
#841 = CARTESIAN_POINT ( 'NONE',  ( -12.03355894091131795, 30.19999999999999929, 2.000000000000000000 ) ) ;
#842 = EDGE_CURVE ( 'NONE', #3258, #765, #3805, .T. ) ;
#843 = ADVANCED_FACE ( 'NONE', ( #1183 ), #35, .F. ) ;
#844 = CARTESIAN_POINT ( 'NONE',  ( 26.19999999999998863, -33.19999999999998863, -94.64761499650464316 ) ) ;
#845 = EDGE_LOOP ( 'NONE', ( #1823, #3711, #157, #947 ) ) ;
#846 = EDGE_LOOP ( 'NONE', ( #983, #600, #3673, #1152 ) ) ;
#847 = EDGE_CURVE ( 'NONE', #2384, #827, #2711, .T. ) ;
#848 = VERTEX_POINT ( 'NONE', #1244 ) ;
#849 = CARTESIAN_POINT ( 'NONE',  ( 25.19999999999998508, -34.20000000000000284, -94.64761499650464316 ) ) ;
#850 = VERTEX_POINT ( 'NONE', #3682 ) ;
#851 = CARTESIAN_POINT ( 'NONE',  ( 25.09999999999999787, -28.10000000000000142, 0.000000000000000000 ) ) ;
#852 = ADVANCED_BREP_SHAPE_REPRESENTATION ( '\X2\656370ed76d6677f\X0\', ( #1225, #3572 ), #1924 ) ;
#853 = ORIENTED_EDGE ( 'NONE', *, *, #2816, .F. ) ;
#854 = CARTESIAN_POINT ( 'NONE',  ( -12.03355894091131795, 30.19999999999999929, -0.7012473179190029660 ) ) ;
#855 = EDGE_LOOP ( 'NONE', ( #1214, #1510, #2900, #2153 ) ) ;
#856 = CARTESIAN_POINT ( 'NONE',  ( -21.92500000000000071, 0.000000000000000000, 0.000000000000000000 ) ) ;
#857 = CARTESIAN_POINT ( 'NONE',  ( -4.824999999999999289, -6.100000000000001421, 2.000000000000000000 ) ) ;
#858 = DIRECTION ( 'NONE',  ( 0.000000000000000000, -0.000000000000000000, -1.000000000000000000 ) ) ;
#859 = CARTESIAN_POINT ( 'NONE',  ( -20.50000000000000000, -6.100000000000001421, 0.000000000000000000 ) ) ;
#860 = DIRECTION ( 'NONE',  ( 0.000000000000000000, 0.000000000000000000, 1.000000000000000000 ) ) ;
#861 = AXIS2_PLACEMENT_3D ( 'NONE', #56, #561, #344 ) ;
#862 = EDGE_CURVE ( 'NONE', #931, #973, #15, .T. ) ;
#863 = DIRECTION ( 'NONE',  ( -0.000000000000000000, 0.000000000000000000, 1.000000000000000000 ) ) ;
#864 = ORIENTED_EDGE ( 'NONE', *, *, #1475, .T. ) ;
#865 = CIRCLE ( 'NONE', #536, 1.000000000000000888 ) ;
#866 = ORIENTED_EDGE ( 'NONE', *, *, #217, .F. ) ;
#867 = ADVANCED_FACE ( 'NONE', ( #2414 ), #959, .F. ) ;
#868 = VERTEX_POINT ( 'NONE', #609 ) ;
#869 = DIRECTION ( 'NONE',  ( -0.000000000000000000, 1.000000000000000000, -0.000000000000000000 ) ) ;
#870 = EDGE_LOOP ( 'NONE', ( #1953, #2108, #2180, #1831 ) ) ;
#871 = ORIENTED_EDGE ( 'NONE', *, *, #3324, .T. ) ;
#872 = DIRECTION ( 'NONE',  ( -0.000000000000000000, -1.000000000000000000, -0.000000000000000000 ) ) ;
#873 = EDGE_LOOP ( 'NONE', ( #81, #3513, #1938, #1252 ) ) ;
#874 = CARTESIAN_POINT ( 'NONE',  ( -3.400000000000000355, 28.10000000000000142, 0.000000000000000000 ) ) ;
#875 = CYLINDRICAL_SURFACE ( 'NONE', #214, 6.000000000000001776 ) ;
#876 = CARTESIAN_POINT ( 'NONE',  ( 3.724999999999999201, 28.10000000000000142, 2.000000000000000000 ) ) ;
#877 = AXIS2_PLACEMENT_3D ( 'NONE', #1481, #1798, #265 ) ;
#878 = CYLINDRICAL_SURFACE ( 'NONE', #1094, 1.424999999999999156 ) ;
#879 = CARTESIAN_POINT ( 'NONE',  ( -1.975000000000000977, -6.100000000000001421, 2.000000000000000000 ) ) ;
#880 = LINE ( 'NONE', #340, #491 ) ;
#881 = CIRCLE ( 'NONE', #3659, 1.424999999999999156 ) ;
#882 = DIRECTION ( 'NONE',  ( 0.000000000000000000, -1.000000000000000000, 0.000000000000000000 ) ) ;
#883 = ORIENTED_EDGE ( 'NONE', *, *, #193, .F. ) ;
#884 = AXIS2_PLACEMENT_3D ( 'NONE', #3065, #1872, #3100 ) ;
#885 = CARTESIAN_POINT ( 'NONE',  ( -1.975000000000000977, 6.100000000000001421, -0.7012473179190117367 ) ) ;
#886 = VECTOR ( 'NONE', #3806, 1000.000000000000000 ) ;
#887 = EDGE_CURVE ( 'NONE', #2347, #1980, #880, .T. ) ;
#888 = AXIS2_PLACEMENT_3D ( 'NONE', #379, #2843, #1317 ) ;
#889 = AXIS2_PLACEMENT_3D ( 'NONE', #2189, #1672, #1912 ) ;
#890 = ORIENTED_EDGE ( 'NONE', *, *, #1748, .F. ) ;
#891 = CARTESIAN_POINT ( 'NONE',  ( 12.27500000000000391, -28.10000000000000142, -0.7012473179190117367 ) ) ;
#892 = ORIENTED_EDGE ( 'NONE', *, *, #676, .F. ) ;
#893 = CIRCLE ( 'NONE', #1905, 1.424999999999999156 ) ;
#894 = VECTOR ( 'NONE', #1059, 1000.000000000000000 ) ;
#895 = ADVANCED_FACE ( 'NONE', ( #1837 ), #2101, .F. ) ;
#896 = VERTEX_POINT ( 'NONE', #303 ) ;
#897 = DIRECTION ( 'NONE',  ( -0.000000000000000000, -0.000000000000000000, 1.000000000000000000 ) ) ;
#898 = ORIENTED_EDGE ( 'NONE', *, *, #2585, .F. ) ;
#899 = FACE_BOUND ( 'NONE', #3795, .T. ) ;
#900 = CARTESIAN_POINT ( 'NONE',  ( 9.424999999999998934, 28.10000000000000142, -0.7012473179190117367 ) ) ;
#901 = CARTESIAN_POINT ( 'NONE',  ( -8.800000000000002487, 34.20000000000000284, -0.7012473179189978589 ) ) ;
#902 = CARTESIAN_POINT ( 'NONE',  ( 9.424999999999998934, -6.100000000000001421, 0.000000000000000000 ) ) ;
#903 = DIRECTION ( 'NONE',  ( -0.000000000000000000, -0.000000000000000000, 1.000000000000000000 ) ) ;
#904 = AXIS2_PLACEMENT_3D ( 'NONE', #1443, #1103, #3246 ) ;
#905 = CIRCLE ( 'NONE', #1543, 1.424999999999999156 ) ;
#906 = CARTESIAN_POINT ( 'NONE',  ( 32.20000000000000284, 26.19999999999997087, -0.7012473179189980810 ) ) ;
#907 = ORIENTED_EDGE ( 'NONE', *, *, #662, .F. ) ;
#908 = LINE ( 'NONE', #1231, #1963 ) ;
#909 = DIRECTION ( 'NONE',  ( 0.000000000000000000, 0.000000000000000000, -1.000000000000000000 ) ) ;
#910 = VERTEX_POINT ( 'NONE', #1541 ) ;
#911 = DIRECTION ( 'NONE',  ( -0.000000000000000000, -0.000000000000000000, 1.000000000000000000 ) ) ;
#912 = ORIENTED_EDGE ( 'NONE', *, *, #1987, .F. ) ;
#913 = VERTEX_POINT ( 'NONE', #575 ) ;
#914 = EDGE_CURVE ( 'NONE', #1495, #3174, #2123, .T. ) ;
#915 = EDGE_CURVE ( 'NONE', #3411, #1507, #780, .T. ) ;
#916 = DIRECTION ( 'NONE',  ( 1.000000000000000000, 0.000000000000000000, 0.000000000000000000 ) ) ;
#917 = ORIENTED_EDGE ( 'NONE', *, *, #2811, .T. ) ;
#918 = DIRECTION ( 'NONE',  ( -0.000000000000000000, 0.000000000000000000, 1.000000000000000000 ) ) ;
#919 = SURFACE_SIDE_STYLE ('',( #1614 ) ) ;
#920 = ADVANCED_FACE ( 'NONE', ( #1724 ), #150, .F. ) ;
#921 = DIRECTION ( 'NONE',  ( 0.000000000000000000, 0.000000000000000000, 1.000000000000000000 ) ) ;
#922 = DIRECTION ( 'NONE',  ( 0.000000000000000000, 0.000000000000000000, 1.000000000000000000 ) ) ;
#923 = PLANE ( 'NONE',  #1209 ) ;
#924 = FACE_OUTER_BOUND ( 'NONE', #3312, .T. ) ;
#925 = VERTEX_POINT ( 'NONE', #3786 ) ;
#926 = ORIENTED_EDGE ( 'NONE', *, *, #3194, .F. ) ;
#927 = CIRCLE ( 'NONE', #337, 1.424999999999999156 ) ;
#928 = AXIS2_PLACEMENT_3D ( 'NONE', #2820, #3692, #1179 ) ;
#929 = AXIS2_PLACEMENT_3D ( 'NONE', #2873, #2213, #90 ) ;
#930 = CARTESIAN_POINT ( 'NONE',  ( -26.19999999999999929, 26.19999999999999929, 2.000000000000000000 ) ) ;
#931 = VERTEX_POINT ( 'NONE', #2019 ) ;
#932 = VERTEX_POINT ( 'NONE', #3252 ) ;
#933 = EDGE_LOOP ( 'NONE', ( #783, #3075, #2431, #159 ) ) ;
#934 = DIRECTION ( 'NONE',  ( -0.000000000000000000, -0.000000000000000000, 1.000000000000000000 ) ) ;
#935 = ORIENTED_EDGE ( 'NONE', *, *, #1675, .T. ) ;
#936 = FACE_BOUND ( 'NONE', #2105, .T. ) ;
#937 = EDGE_CURVE ( 'NONE', #2047, #619, #1063, .T. ) ;
#938 = DIRECTION ( 'NONE',  ( 1.000000000000000000, 0.000000000000000000, 0.000000000000000000 ) ) ;
#939 = CARTESIAN_POINT ( 'NONE',  ( -20.50000000000000000, 28.10000000000000142, -0.7012473179190117367 ) ) ;
#940 = DIRECTION ( 'NONE',  ( -0.000000000000000000, 0.000000000000000000, 1.000000000000000000 ) ) ;
#941 = EDGE_CURVE ( 'NONE', #3709, #931, #3228, .T. ) ;
#942 = CARTESIAN_POINT ( 'NONE',  ( -3.400000000000000355, -6.100000000000001421, -0.7012473179190117367 ) ) ;
#943 = EDGE_LOOP ( 'NONE', ( #2604, #2522, #242, #1154 ) ) ;
#944 = VECTOR ( 'NONE', #254, 1000.000000000000000 ) ;
#945 =( NAMED_UNIT ( * ) SI_UNIT ( $, .STERADIAN. ) SOLID_ANGLE_UNIT ( ) );
#946 = CARTESIAN_POINT ( 'NONE',  ( -19.07500000000000284, 28.10000000000000142, -0.7012473179190117367 ) ) ;
#947 = ORIENTED_EDGE ( 'NONE', *, *, #1377, .F. ) ;
#948 = ORIENTED_EDGE ( 'NONE', *, *, #1799, .F. ) ;
#949 = CARTESIAN_POINT ( 'NONE',  ( 0.8750000000000007772, 0.000000000000000000, 0.000000000000000000 ) ) ;
#950 = AXIS2_PLACEMENT_3D ( 'NONE', #2421, #3630, #3347 ) ;
#951 = AXIS2_PLACEMENT_3D ( 'NONE', #1855, #1540, #664 ) ;
#952 = AXIS2_PLACEMENT_3D ( 'NONE', #1222, #3674, #916 ) ;
#953 = ORIENTED_EDGE ( 'NONE', *, *, #217, .T. ) ;
#954 = DIRECTION ( 'NONE',  ( 1.000000000000000000, 0.000000000000000000, 0.000000000000000000 ) ) ;
#955 = VERTEX_POINT ( 'NONE', #2958 ) ;
#956 = DIRECTION ( 'NONE',  ( -0.000000000000000000, -0.000000000000000000, 1.000000000000000000 ) ) ;
#957 = CARTESIAN_POINT ( 'NONE',  ( -13.37500000000000178, -28.10000000000000142, 2.000000000000000000 ) ) ;
#958 = DIRECTION ( 'NONE',  ( -0.000000000000000000, 0.000000000000000000, 1.000000000000000000 ) ) ;
#959 = CYLINDRICAL_SURFACE ( 'NONE', #356, 1.424999999999999156 ) ;
#960 = ADVANCED_FACE ( 'NONE', ( #192 ), #1383, .F. ) ;
#961 = CARTESIAN_POINT ( 'NONE',  ( -26.20000000000000284, -28.10000000000000142, -0.7012473179190117367 ) ) ;
#962 = EDGE_LOOP ( 'NONE', ( #3383, #2722, #1193, #278 ) ) ;
#963 = EDGE_CURVE ( 'NONE', #3330, #2558, #3869, .T. ) ;
#964 = EDGE_CURVE ( 'NONE', #2878, #2989, #1976, .T. ) ;
#965 = PLANE ( 'NONE',  #1534 ) ;
#966 = CARTESIAN_POINT ( 'NONE',  ( -21.92500000000000071, -6.100000000000001421, -0.7012473179190117367 ) ) ;
#967 = ORIENTED_EDGE ( 'NONE', *, *, #589, .T. ) ;
#968 = ADVANCED_FACE ( 'NONE', ( #445 ), #2590, .F. ) ;
#969 = VERTEX_POINT ( 'NONE', #3827 ) ;
#970 = CARTESIAN_POINT ( 'NONE',  ( 19.40000000000000213, -6.100000000000001421, 0.000000000000000000 ) ) ;
#971 = VERTEX_POINT ( 'NONE', #1106 ) ;
#972 = CARTESIAN_POINT ( 'NONE',  ( 0.8750000000000007772, -28.10000000000000142, -0.7012473179190117367 ) ) ;
#973 = VERTEX_POINT ( 'NONE', #2316 ) ;
#974 = FACE_OUTER_BOUND ( 'NONE', #2662, .T. ) ;
#975 = CARTESIAN_POINT ( 'NONE',  ( 12.27500000000000391, 6.100000000000001421, -0.7012473179190117367 ) ) ;
#976 = CARTESIAN_POINT ( 'NONE',  ( 17.97500000000000142, 28.10000000000000142, 2.000000000000000000 ) ) ;
#977 = CARTESIAN_POINT ( 'NONE',  ( -10.52500000000000036, 28.10000000000000142, 0.000000000000000000 ) ) ;
#978 = VERTEX_POINT ( 'NONE', #531 ) ;
#979 = PLANE ( 'NONE',  #3851 ) ;
#980 = EDGE_CURVE ( 'NONE', #3576, #3597, #36, .T. ) ;
#981 = ADVANCED_FACE ( 'NONE', ( #606 ), #3265, .T. ) ;
#982 = LINE ( 'NONE', #650, #2740 ) ;
#983 = ORIENTED_EDGE ( 'NONE', *, *, #3173, .F. ) ;
#984 = EDGE_LOOP ( 'NONE', ( #520, #1508, #2429, #2738 ) ) ;
#985 = LINE ( 'NONE', #1480, #2594 ) ;
#986 = EDGE_CURVE ( 'NONE', #724, #1532, #3229, .T. ) ;
#987 = VECTOR ( 'NONE', #3695, 1000.000000000000000 ) ;
#988 = ORIENTED_EDGE ( 'NONE', *, *, #1881, .F. ) ;
#989 = CARTESIAN_POINT ( 'NONE',  ( -13.37500000000000178, 6.100000000000001421, -0.7012473179190117367 ) ) ;
#990 = VERTEX_POINT ( 'NONE', #151 ) ;
#991 = PLANE ( 'NONE',  #3743 ) ;
#992 = DIRECTION ( 'NONE',  ( 0.000000000000000000, -1.000000000000000000, 0.000000000000000000 ) ) ;
#993 = CARTESIAN_POINT ( 'NONE',  ( 13.70000000000000462, -28.10000000000000142, 0.000000000000000000 ) ) ;
#994 = CARTESIAN_POINT ( 'NONE',  ( 17.97500000000000142, -28.10000000000000142, -0.7012473179190117367 ) ) ;
#995 = AXIS2_PLACEMENT_3D ( 'NONE', #2040, #512, #2315 ) ;
#996 = CIRCLE ( 'NONE', #1393, 1.000000000000000000 ) ;
#997 = FACE_OUTER_BOUND ( 'NONE', #94, .T. ) ;
#998 = ORIENTED_EDGE ( 'NONE', *, *, #1168, .T. ) ;
#999 = DIRECTION ( 'NONE',  ( 1.000000000000000000, 0.000000000000000000, 0.000000000000000000 ) ) ;
#1000 = CYLINDRICAL_SURFACE ( 'NONE', #1732, 1.000000000000000888 ) ;
#1001 = MECHANICAL_DESIGN_GEOMETRIC_PRESENTATION_REPRESENTATION (  '', ( #2723 ), #1389 ) ;
#1002 = VECTOR ( 'NONE', #1409, 1000.000000000000000 ) ;
#1003 = DIRECTION ( 'NONE',  ( 1.000000000000000000, 0.000000000000000000, 0.000000000000000000 ) ) ;
#1004 = ORIENTED_EDGE ( 'NONE', *, *, #684, .F. ) ;
#1005 = VERTEX_POINT ( 'NONE', #824 ) ;
#1006 = DIRECTION ( 'NONE',  ( -0.000000000000000000, -0.000000000000000000, 1.000000000000000000 ) ) ;
#1007 = EDGE_CURVE ( 'NONE', #1840, #1852, #801, .T. ) ;
#1008 = VERTEX_POINT ( 'NONE', #2317 ) ;
#1009 = AXIS2_PLACEMENT_3D ( 'NONE', #3798, #1991, #1101 ) ;
#1010 = CARTESIAN_POINT ( 'NONE',  ( 6.575000000000001066, -6.100000000000001421, 0.000000000000000000 ) ) ;
#1011 = ORIENTED_EDGE ( 'NONE', *, *, #2333, .F. ) ;
#1012 = CARTESIAN_POINT ( 'NONE',  ( -9.099999999999999645, 6.100000000000001421, 0.000000000000000000 ) ) ;
#1013 = VECTOR ( 'NONE', #1057, 1000.000000000000000 ) ;
#1014 = EDGE_CURVE ( 'NONE', #848, #1535, #3847, .T. ) ;
#1015 = AXIS2_PLACEMENT_3D ( 'NONE', #2437, #3924, #592 ) ;
#1016 = AXIS2_PLACEMENT_3D ( 'NONE', #1596, #2806, #2523 ) ;
#1017 = DIRECTION ( 'NONE',  ( -0.000000000000000000, -0.000000000000000000, 1.000000000000000000 ) ) ;
#1018 = CIRCLE ( 'NONE', #1531, 6.000000000000001776 ) ;
#1019 = FACE_OUTER_BOUND ( 'NONE', #2705, .T. ) ;
#1020 = DIRECTION ( 'NONE',  ( 9.714451465470119729E-17, -2.394758726656991011E-17, 1.000000000000000000 ) ) ;
#1021 = AXIS2_PLACEMENT_3D ( 'NONE', #2991, #3841, #835 ) ;
#1022 = DIRECTION ( 'NONE',  ( -0.000000000000000000, -0.000000000000000000, 1.000000000000000000 ) ) ;
#1023 = CIRCLE ( 'NONE', #2423, 1.424999999999999156 ) ;
#1024 = ORIENTED_EDGE ( 'NONE', *, *, #3560, .T. ) ;
#1025 = DIRECTION ( 'NONE',  ( -0.000000000000000000, 0.000000000000000000, 1.000000000000000000 ) ) ;
#1026 = CARTESIAN_POINT ( 'NONE',  ( -26.20000000000000284, -28.10000000000000142, 2.000000000000000000 ) ) ;
#1027 = LINE ( 'NONE', #2837, #116 ) ;
#1028 = ORIENTED_EDGE ( 'NONE', *, *, #2035, .T. ) ;
#1029 = ORIENTED_EDGE ( 'NONE', *, *, #1554, .F. ) ;
#1030 = AXIS2_PLACEMENT_3D ( 'NONE', #839, #3541, #2955 ) ;
#1031 = AXIS2_PLACEMENT_3D ( 'NONE', #111, #1347, #3766 ) ;
#1032 = VERTEX_POINT ( 'NONE', #3253 ) ;
#1033 = CYLINDRICAL_SURFACE ( 'NONE', #1820, 1.424999999999999156 ) ;
#1034 = ORIENTED_EDGE ( 'NONE', *, *, #2563, .F. ) ;
#1035 = CARTESIAN_POINT ( 'NONE',  ( -1.975000000000000977, 28.10000000000000142, -0.7012473179190117367 ) ) ;
#1036 = EDGE_CURVE ( 'NONE', #3895, #913, #3524, .T. ) ;
#1037 = EDGE_CURVE ( 'NONE', #411, #2968, #1446, .T. ) ;
#1038 = CARTESIAN_POINT ( 'NONE',  ( 12.27500000000000391, 6.100000000000001421, 2.000000000000000000 ) ) ;
#1039 = FACE_OUTER_BOUND ( 'NONE', #324, .T. ) ;
#1040 = LINE ( 'NONE', #1931, #2018 ) ;
#1041 = ADVANCED_FACE ( 'NONE', ( #2259 ), #1000, .F. ) ;
#1042 = DIRECTION ( 'NONE',  ( 0.000000000000000000, 0.000000000000000000, -1.000000000000000000 ) ) ;
#1043 = ORIENTED_EDGE ( 'NONE', *, *, #654, .T. ) ;
#1044 = DIRECTION ( 'NONE',  ( 0.000000000000000000, 0.000000000000000000, 1.000000000000000000 ) ) ;
#1045 = AXIS2_PLACEMENT_3D ( 'NONE', #3382, #1857, #1839 ) ;
#1046 = DIRECTION ( 'NONE',  ( -0.000000000000000000, -0.000000000000000000, 1.000000000000000000 ) ) ;
#1047 = ORIENTED_EDGE ( 'NONE', *, *, #3856, .T. ) ;
#1048 = ORIENTED_EDGE ( 'NONE', *, *, #2690, .T. ) ;
#1049 = VERTEX_POINT ( 'NONE', #390 ) ;
#1050 = DIRECTION ( 'NONE',  ( -0.000000000000000000, -0.000000000000000000, 1.000000000000000000 ) ) ;
#1051 = EDGE_LOOP ( 'NONE', ( #3589, #3940, #1494, #334 ) ) ;
#1052 = DIRECTION ( 'NONE',  ( -0.000000000000000000, 1.000000000000000000, -0.000000000000000000 ) ) ;
#1053 = VECTOR ( 'NONE', #1369, 1000.000000000000000 ) ;
#1054 = LINE ( 'NONE', #1435, #3931 ) ;
#1055 = LINE ( 'NONE', #975, #1467 ) ;
#1056 = AXIS2_PLACEMENT_3D ( 'NONE', #2394, #3565, #2059 ) ;
#1057 = DIRECTION ( 'NONE',  ( -0.000000000000000000, 1.000000000000000000, -0.000000000000000000 ) ) ;
#1058 = EDGE_CURVE ( 'NONE', #3621, #2619, #1326, .T. ) ;
#1059 = DIRECTION ( 'NONE',  ( 1.734723475976805319E-15, -1.000000000000000000, 0.000000000000000000 ) ) ;
#1060 = ORIENTED_EDGE ( 'NONE', *, *, #409, .F. ) ;
#1061 = FACE_OUTER_BOUND ( 'NONE', #2225, .T. ) ;
#1062 = EDGE_CURVE ( 'NONE', #2387, #616, #407, .T. ) ;
#1063 = LINE ( 'NONE', #3568, #886 ) ;
#1064 = CARTESIAN_POINT ( 'NONE',  ( 30.20000000000000284, -2.249788838360192895E-15, -0.7012473179189987471 ) ) ;
#1065 = LINE ( 'NONE', #1365, #692 ) ;
#1066 = ORIENTED_EDGE ( 'NONE', *, *, #532, .F. ) ;
#1067 = ORIENTED_EDGE ( 'NONE', *, *, #3294, .F. ) ;
#1068 = CARTESIAN_POINT ( 'NONE',  ( 25.19999999999997797, 34.20000000000000284, 2.000000000000001776 ) ) ;
#1069 = EDGE_CURVE ( 'NONE', #1822, #3552, #905, .T. ) ;
#1070 = EDGE_LOOP ( 'NONE', ( #1994, #1366, #2924, #1413 ) ) ;
#1071 = DIRECTION ( 'NONE',  ( -0.000000000000000000, -0.000000000000000000, -1.000000000000000000 ) ) ;
#1072 = ORIENTED_EDGE ( 'NONE', *, *, #2867, .T. ) ;
#1073 = CARTESIAN_POINT ( 'NONE',  ( 9.424999999999998934, 6.100000000000001421, 2.000000000000000000 ) ) ;
#1074 = DIRECTION ( 'NONE',  ( 1.000000000000000000, 0.000000000000000000, 0.000000000000000000 ) ) ;
#1075 = LINE ( 'NONE', #1616, #3615 ) ;
#1076 = DIRECTION ( 'NONE',  ( 9.714451465470119729E-17, -2.394758726656991011E-17, 1.000000000000000000 ) ) ;
#1077 = AXIS2_PLACEMENT_3D ( 'NONE', #2037, #3224, #2998 ) ;
#1078 = CIRCLE ( 'NONE', #3678, 1.424999999999999156 ) ;
#1079 = FACE_OUTER_BOUND ( 'NONE', #371, .T. ) ;
#1080 = AXIS2_PLACEMENT_3D ( 'NONE', #1520, #590, #2435 ) ;
#1081 = CARTESIAN_POINT ( 'NONE',  ( -27.62500000000000000, -28.10000000000000142, 2.000000000000000000 ) ) ;
#1082 = CIRCLE ( 'NONE', #2288, 4.000000000000000000 ) ;
#1083 = ORIENTED_EDGE ( 'NONE', *, *, #1504, .T. ) ;
#1084 = CARTESIAN_POINT ( 'NONE',  ( -24.77500000000000213, 6.100000000000001421, 2.000000000000000000 ) ) ;
#1085 = DIRECTION ( 'NONE',  ( 1.000000000000000000, 0.000000000000000000, 0.000000000000000000 ) ) ;
#1086 = CARTESIAN_POINT ( 'NONE',  ( -20.50000000000000000, -28.10000000000000142, -0.7012473179190117367 ) ) ;
#1087 = ADVANCED_FACE ( 'NONE', ( #1641 ), #2554, .F. ) ;
#1088 = EDGE_CURVE ( 'NONE', #18, #3709, #3123, .T. ) ;
#1089 = DIRECTION ( 'NONE',  ( -0.000000000000000000, -0.000000000000000000, -1.000000000000000000 ) ) ;
#1090 = ORIENTED_EDGE ( 'NONE', *, *, #1671, .T. ) ;
#1091 = VERTEX_POINT ( 'NONE', #1180 ) ;
#1092 = EDGE_CURVE ( 'NONE', #3731, #368, #2996, .T. ) ;
#1093 = ORIENTED_EDGE ( 'NONE', *, *, #3192, .T. ) ;
#1094 = AXIS2_PLACEMENT_3D ( 'NONE', #2978, #3582, #1695 ) ;
#1095 = DIRECTION ( 'NONE',  ( -0.000000000000000000, -0.000000000000000000, 1.000000000000000000 ) ) ;
#1096 = EDGE_LOOP ( 'NONE', ( #3071, #2578, #2574, #1884 ) ) ;
#1097 = CARTESIAN_POINT ( 'NONE',  ( 0.000000000000000000, 0.000000000000000000, 0.000000000000000000 ) ) ;
#1098 = ORIENTED_EDGE ( 'NONE', *, *, #1504, .F. ) ;
#1099 = CYLINDRICAL_SURFACE ( 'NONE', #621, 1.424999999999999156 ) ;
#1100 = DIRECTION ( 'NONE',  ( -0.000000000000000000, -0.000000000000000000, 1.000000000000000000 ) ) ;
#1101 = DIRECTION ( 'NONE',  ( 1.000000000000000000, 0.000000000000000000, 0.000000000000000000 ) ) ;
#1102 = FACE_OUTER_BOUND ( 'NONE', #2744, .T. ) ;
#1103 = DIRECTION ( 'NONE',  ( -0.000000000000000000, 0.000000000000000000, 1.000000000000000000 ) ) ;
#1104 = CARTESIAN_POINT ( 'NONE',  ( -26.19999999999999929, -26.19999999999999929, 2.000000000000000000 ) ) ;
#1105 = CARTESIAN_POINT ( 'NONE',  ( -9.099999999999999645, -28.10000000000000142, -0.7012473179190117367 ) ) ;
#1106 = CARTESIAN_POINT ( 'NONE',  ( 26.19999999999998153, 33.12820323027553115, -0.7012473179189979700 ) ) ;
#1107 = LINE ( 'NONE', #844, #3734 ) ;
#1108 = CIRCLE ( 'NONE', #2441, 1.424999999999999156 ) ;
#1109 = ORIENTED_EDGE ( 'NONE', *, *, #2041, .F. ) ;
#1110 = EDGE_LOOP ( 'NONE', ( #2382, #3488, #1298, #1752 ) ) ;
#1111 = EDGE_CURVE ( 'NONE', #1945, #501, #2708, .T. ) ;
#1112 = ORIENTED_EDGE ( 'NONE', *, *, #3341, .T. ) ;
#1113 = DIRECTION ( 'NONE',  ( -1.000000000000000000, 0.000000000000000000, -0.000000000000000000 ) ) ;
#1114 = ORIENTED_EDGE ( 'NONE', *, *, #2199, .T. ) ;
#1115 = EDGE_CURVE ( 'NONE', #1239, #3652, #3323, .T. ) ;
#1116 = ORIENTED_EDGE ( 'NONE', *, *, #2085, .T. ) ;
#1117 = LINE ( 'NONE', #2032, #2928 ) ;
#1118 = CARTESIAN_POINT ( 'NONE',  ( -26.20000000000000284, -6.100000000000001421, 0.000000000000000000 ) ) ;
#1119 = DIRECTION ( 'NONE',  ( -0.000000000000000000, -0.000000000000000000, 1.000000000000000000 ) ) ;
#1120 = AXIS2_PLACEMENT_3D ( 'NONE', #87, #2508, #2568 ) ;
#1121 = DIRECTION ( 'NONE',  ( 0.000000000000000000, 0.000000000000000000, 1.000000000000000000 ) ) ;
#1122 = AXIS2_PLACEMENT_3D ( 'NONE', #2425, #1215, #1583 ) ;
#1123 = PLANE ( 'NONE',  #1030 ) ;
#1124 = LINE ( 'NONE', #2079, #3660 ) ;
#1125 = CARTESIAN_POINT ( 'NONE',  ( -32.20000000000000284, 26.19999999999999929, -0.7012473179189981920 ) ) ;
#1126 = VERTEX_POINT ( 'NONE', #876 ) ;
#1127 = EDGE_LOOP ( 'NONE', ( #2761, #871, #2483, #2397 ) ) ;
#1128 = ORIENTED_EDGE ( 'NONE', *, *, #1260, .T. ) ;
#1129 = VECTOR ( 'NONE', #3738, 1000.000000000000000 ) ;
#1130 = EDGE_CURVE ( 'NONE', #1858, #925, #248, .T. ) ;
#1131 = CYLINDRICAL_SURFACE ( 'NONE', #3397, 1.424999999999999156 ) ;
#1132 = ORIENTED_EDGE ( 'NONE', *, *, #2994, .F. ) ;
#1133 = ORIENTED_EDGE ( 'NONE', *, *, #3609, .T. ) ;
#1134 = EDGE_CURVE ( 'NONE', #2726, #246, #2119, .T. ) ;
#1135 = CIRCLE ( 'NONE', #3353, 1.424999999999999156 ) ;
#1136 = EDGE_CURVE ( 'NONE', #3528, #1472, #158, .T. ) ;
#1137 = CARTESIAN_POINT ( 'NONE',  ( -24.77500000000000213, 6.100000000000001421, 0.000000000000000000 ) ) ;
#1138 = LINE ( 'NONE', #1691, #2215 ) ;
#1139 = DIRECTION ( 'NONE',  ( 1.000000000000000000, 0.000000000000000000, -1.084202172485504434E-16 ) ) ;
#1140 = DIRECTION ( 'NONE',  ( 1.000000000000000000, 1.734723475976805319E-15, -0.000000000000000000 ) ) ;
#1141 = ADVANCED_FACE ( 'NONE', ( #2689 ), #2096, .F. ) ;
#1142 = CARTESIAN_POINT ( 'NONE',  ( -13.37500000000000178, -28.10000000000000142, 2.000000000000000000 ) ) ;
#1143 = DIRECTION ( 'NONE',  ( -1.000000000000000000, 0.000000000000000000, 0.000000000000000000 ) ) ;
#1144 = CARTESIAN_POINT ( 'NONE',  ( 26.19999999999928875, -5.453970608470928024E-13, -94.64761499650464316 ) ) ;
#1145 = VECTOR ( 'NONE', #818, 1000.000000000000000 ) ;
#1146 = VECTOR ( 'NONE', #2033, 1000.000000000000000 ) ;
#1147 = AXIS2_PLACEMENT_3D ( 'NONE', #283, #49, #1280 ) ;
#1148 = CARTESIAN_POINT ( 'NONE',  ( -26.43284812093930469, 30.19321696788128762, -94.64761499650464316 ) ) ;
#1149 = AXIS2_PLACEMENT_3D ( 'NONE', #377, #3175, #98 ) ;
#1150 = AXIS2_PLACEMENT_3D ( 'NONE', #1517, #2432, #3622 ) ;
#1151 = LINE ( 'NONE', #1725, #2758 ) ;
#1152 = ORIENTED_EDGE ( 'NONE', *, *, #887, .T. ) ;
#1153 = ORIENTED_EDGE ( 'NONE', *, *, #53, .T. ) ;
#1154 = ORIENTED_EDGE ( 'NONE', *, *, #790, .F. ) ;
#1155 = LINE ( 'NONE', #849, #2770 ) ;
#1156 = ORIENTED_EDGE ( 'NONE', *, *, #451, .T. ) ;
#1157 = EDGE_LOOP ( 'NONE', ( #1233, #434, #40, #1177 ) ) ;
#1158 = DIRECTION ( 'NONE',  ( -0.000000000000000000, -0.000000000000000000, 1.000000000000000000 ) ) ;
#1159 = VERTEX_POINT ( 'NONE', #3195 ) ;
#1160 = DIRECTION ( 'NONE',  ( 0.000000000000000000, 1.000000000000000000, 2.394758726656990703E-17 ) ) ;
#1161 = DIRECTION ( 'NONE',  ( -0.000000000000000000, -0.000000000000000000, 1.000000000000000000 ) ) ;
#1162 = ADVANCED_FACE ( 'NONE', ( #2158 ), #1633, .F. ) ;
#1163 = EDGE_CURVE ( 'NONE', #1945, #3529, #2866, .T. ) ;
#1164 = DIRECTION ( 'NONE',  ( 0.000000000000000000, 0.000000000000000000, 1.000000000000000000 ) ) ;
#1165 = LINE ( 'NONE', #1401, #3119 ) ;
#1166 = DIRECTION ( 'NONE',  ( 1.000000000000000000, 0.000000000000000000, 0.000000000000000000 ) ) ;
#1167 = DIRECTION ( 'NONE',  ( 1.000000000000000000, 0.000000000000000000, 0.000000000000000000 ) ) ;
#1168 = EDGE_CURVE ( 'NONE', #1958, #3174, #138, .T. ) ;
#1169 = PLANE ( 'NONE',  #1745 ) ;
#1170 = EDGE_LOOP ( 'NONE', ( #1825, #3729, #1867, #3042 ) ) ;
#1171 = LINE ( 'NONE', #885, #422 ) ;
#1172 = ORIENTED_EDGE ( 'NONE', *, *, #583, .F. ) ;
#1173 = LINE ( 'NONE', #3935, #3209 ) ;
#1174 = ORIENTED_EDGE ( 'NONE', *, *, #3775, .F. ) ;
#1175 = ORIENTED_EDGE ( 'NONE', *, *, #3093, .F. ) ;
#1176 = LINE ( 'NONE', #2448, #3172 ) ;
#1177 = ORIENTED_EDGE ( 'NONE', *, *, #3883, .F. ) ;
#1178 = CARTESIAN_POINT ( 'NONE',  ( 23.67499999999999716, 6.100000000000001421, 0.000000000000000000 ) ) ;
#1179 = DIRECTION ( 'NONE',  ( 1.000000000000000000, 0.000000000000000000, 0.000000000000000000 ) ) ;
#1180 = CARTESIAN_POINT ( 'NONE',  ( 0.8750000000000007772, 28.10000000000000142, 2.000000000000000000 ) ) ;
#1181 = CARTESIAN_POINT ( 'NONE',  ( -30.19999999999999929, -26.19999999999997087, 0.000000000000000000 ) ) ;
#1182 = LINE ( 'NONE', #3309, #3399 ) ;
#1183 = FACE_OUTER_BOUND ( 'NONE', #2285, .T. ) ;
#1184 = EDGE_CURVE ( 'NONE', #3955, #1390, #3757, .T. ) ;
#1185 = VECTOR ( 'NONE', #2087, 1000.000000000000000 ) ;
#1186 = DIRECTION ( 'NONE',  ( 1.000000000000000000, 0.000000000000000000, 0.000000000000000000 ) ) ;
#1187 = ORIENTED_EDGE ( 'NONE', *, *, #3223, .T. ) ;
#1188 = EDGE_CURVE ( 'NONE', #2878, #3621, #1054, .T. ) ;
#1189 = VERTEX_POINT ( 'NONE', #3882 ) ;
#1190 = ORIENTED_EDGE ( 'NONE', *, *, #980, .F. ) ;
#1191 = EDGE_CURVE ( 'NONE', #386, #3072, #2404, .T. ) ;
#1192 = CARTESIAN_POINT ( 'NONE',  ( 12.27500000000000391, 0.000000000000000000, 0.000000000000000000 ) ) ;
#1193 = ORIENTED_EDGE ( 'NONE', *, *, #32, .F. ) ;
#1194 = AXIS2_PLACEMENT_3D ( 'NONE', #2358, #3867, #1085 ) ;
#1195 = ORIENTED_EDGE ( 'NONE', *, *, #2963, .T. ) ;
#1196 = LINE ( 'NONE', #261, #241 ) ;
#1197 = ORIENTED_EDGE ( 'NONE', *, *, #3484, .T. ) ;
#1198 = LINE ( 'NONE', #2136, #3619 ) ;
#1199 = DIRECTION ( 'NONE',  ( 0.000000000000000000, 1.000000000000000000, 0.000000000000000000 ) ) ;
#1200 = VECTOR ( 'NONE', #3755, 1000.000000000000000 ) ;
#1201 = CARTESIAN_POINT ( 'NONE',  ( -19.07500000000000284, 0.000000000000000000, 0.000000000000000000 ) ) ;
#1202 = DIRECTION ( 'NONE',  ( 1.000000000000000000, 0.000000000000000000, 0.000000000000000000 ) ) ;
#1203 = CARTESIAN_POINT ( 'NONE',  ( 17.97500000000000142, 28.10000000000000142, -0.7012473179190117367 ) ) ;
#1204 = VECTOR ( 'NONE', #2584, 1000.000000000000000 ) ;
#1205 = DIRECTION ( 'NONE',  ( 1.000000000000000000, 0.000000000000000000, 0.000000000000000000 ) ) ;
#1206 = ORIENTED_EDGE ( 'NONE', *, *, #3144, .T. ) ;
#1207 = CIRCLE ( 'NONE', #2854, 1.424999999999999156 ) ;
#1208 = CYLINDRICAL_SURFACE ( 'NONE', #950, 1.424999999999999156 ) ;
#1209 = AXIS2_PLACEMENT_3D ( 'NONE', #1203, #1522, #2695 ) ;
#1210 = EDGE_CURVE ( 'NONE', #1246, #2831, #3928, .T. ) ;
#1211 = AXIS2_PLACEMENT_3D ( 'NONE', #2408, #569, #2706 ) ;
#1212 = EDGE_CURVE ( 'NONE', #1645, #1370, #553, .T. ) ;
#1213 = VECTOR ( 'NONE', #3099, 1000.000000000000000 ) ;
#1214 = ORIENTED_EDGE ( 'NONE', *, *, #2254, .F. ) ;
#1215 = DIRECTION ( 'NONE',  ( -0.000000000000000000, -0.000000000000000000, 1.000000000000000000 ) ) ;
#1216 = ORIENTED_EDGE ( 'NONE', *, *, #2905, .T. ) ;
#1217 = AXIS2_PLACEMENT_3D ( 'NONE', #2134, #3620, #9 ) ;
#1218 = VECTOR ( 'NONE', #3521, 1000.000000000000000 ) ;
#1219 = EDGE_CURVE ( 'NONE', #1564, #3208, #2664, .T. ) ;
#1220 = VECTOR ( 'NONE', #346, 1000.000000000000000 ) ;
#1221 = EDGE_LOOP ( 'NONE', ( #3873, #1083, #3256, #2273 ) ) ;
#1222 = CARTESIAN_POINT ( 'NONE',  ( 8.000000000000000000, 6.100000000000001421, 0.000000000000000000 ) ) ;
#1223 = ORIENTED_EDGE ( 'NONE', *, *, #3270, .F. ) ;
#1224 = FACE_BOUND ( 'NONE', #3291, .T. ) ;
#1225 = MANIFOLD_SOLID_BREP ( '\X2\52079664\X0\-\X2\62c94f38\X0\1', #1272 ) ;
#1226 = LINE ( 'NONE', #33, #1400 ) ;
#1227 = DIRECTION ( 'NONE',  ( -0.000000000000000000, -0.000000000000000000, 1.000000000000000000 ) ) ;
#1228 = FACE_OUTER_BOUND ( 'NONE', #3898, .T. ) ;
#1229 = CARTESIAN_POINT ( 'NONE',  ( -13.37500000000000178, -28.10000000000000142, 0.000000000000000000 ) ) ;
#1230 = VERTEX_POINT ( 'NONE', #2166 ) ;
#1231 = CARTESIAN_POINT ( 'NONE',  ( -7.675000000000001599, 6.100000000000001421, -0.7012473179190117367 ) ) ;
#1232 = LINE ( 'NONE', #1861, #3559 ) ;
#1233 = ORIENTED_EDGE ( 'NONE', *, *, #662, .T. ) ;
#1234 = ORIENTED_EDGE ( 'NONE', *, *, #3079, .T. ) ;
#1235 = ADVANCED_FACE ( 'NONE', ( #325 ), #3650, .F. ) ;
#1236 = EDGE_LOOP ( 'NONE', ( #1116, #2366, #1349, #233 ) ) ;
#1237 = FACE_OUTER_BOUND ( 'NONE', #1746, .T. ) ;
#1238 = VECTOR ( 'NONE', #2161, 1000.000000000000000 ) ;
#1239 = VERTEX_POINT ( 'NONE', #58 ) ;
#1240 = LINE ( 'NONE', #2450, #2415 ) ;
#1241 = ADVANCED_FACE ( 'NONE', ( #1291 ), #1567, .T. ) ;
#1242 = CARTESIAN_POINT ( 'NONE',  ( 0.8750000000000007772, 0.000000000000000000, 0.000000000000000000 ) ) ;
#1243 = CARTESIAN_POINT ( 'NONE',  ( 15.12500000000000355, 28.10000000000000142, 2.000000000000000000 ) ) ;
#1244 = CARTESIAN_POINT ( 'NONE',  ( -4.824999999999999289, 28.10000000000000142, 0.000000000000000000 ) ) ;
#1245 = DIRECTION ( 'NONE',  ( 1.000000000000000000, 0.000000000000000000, 0.000000000000000000 ) ) ;
#1246 = VERTEX_POINT ( 'NONE', #370 ) ;
#1247 = VECTOR ( 'NONE', #3153, 1000.000000000000000 ) ;
#1248 = CIRCLE ( 'NONE', #2142, 1.424999999999999156 ) ;
#1249 = CIRCLE ( 'NONE', #467, 1.424999999999999156 ) ;
#1250 = CARTESIAN_POINT ( 'NONE',  ( -7.675000000000001599, 28.10000000000000142, 0.000000000000000000 ) ) ;
#1251 = CARTESIAN_POINT ( 'NONE',  ( 25.19999999999997797, 33.20000000000000284, -94.64761499650464316 ) ) ;
#1252 = ORIENTED_EDGE ( 'NONE', *, *, #3408, .F. ) ;
#1253 = VERTEX_POINT ( 'NONE', #1268 ) ;
#1254 = LINE ( 'NONE', #61, #2642 ) ;
#1255 = EDGE_CURVE ( 'NONE', #3058, #1049, #2024, .T. ) ;
#1256 = ORIENTED_EDGE ( 'NONE', *, *, #937, .T. ) ;
#1257 = CARTESIAN_POINT ( 'NONE',  ( -9.099999999999999645, 28.10000000000000142, 2.000000000000000000 ) ) ;
#1258 = ORIENTED_EDGE ( 'NONE', *, *, #2346, .T. ) ;
#1259 = CYLINDRICAL_SURFACE ( 'NONE', #3364, 4.000000000000000000 ) ;
#1260 = EDGE_CURVE ( 'NONE', #1032, #955, #982, .T. ) ;
#1261 = ADVANCED_FACE ( 'NONE', ( #1 ), #3070, .F. ) ;
#1262 = CARTESIAN_POINT ( 'NONE',  ( -26.19999999999999929, 26.19999999999999929, -0.7012473179189987471 ) ) ;
#1263 = FACE_OUTER_BOUND ( 'NONE', #1380, .T. ) ;
#1264 = CARTESIAN_POINT ( 'NONE',  ( 9.126374291708310679E-15, 30.19999999999999929, -0.7012473179189987471 ) ) ;
#1265 = ADVANCED_FACE ( 'NONE', ( #19 ), #965, .F. ) ;
#1266 = CYLINDRICAL_SURFACE ( 'NONE', #716, 1.424999999999999156 ) ;
#1267 = ORIENTED_EDGE ( 'NONE', *, *, #3491, .T. ) ;
#1268 = CARTESIAN_POINT ( 'NONE',  ( 26.52499999999999503, 6.100000000000001421, 0.000000000000000000 ) ) ;
#1269 = ORIENTED_EDGE ( 'NONE', *, *, #1168, .F. ) ;
#1270 = ORIENTED_EDGE ( 'NONE', *, *, #1134, .F. ) ;
#1271 = DIRECTION ( 'NONE',  ( 0.000000000000000000, -1.000000000000000000, 0.000000000000000000 ) ) ;
#1272 = CLOSED_SHELL ( 'NONE', ( #631, #1338, #115, #126, #3073, #490, #2835, #1597, #2400, #2545, #3127, #3728, #3926, #981, #1241, #712, #2160, #1955, #3250, #3801, #1792, #1523, #1572, #243, #3810, #1431, #1847, #1041, #1860, #655, #3271, #617, #1625, #483, #3363, #1622, #330, #843, #3735, #2137, #1793, #250, #1769, #3384, #675, #2637, #2231, #1887, #1162, #1261, #1765, #968, #2422, #27, #3465, #867, #1981, #2616, #438, #788, #3906, #2906, #2745, #2376, #3038, #1620, #3727, #1141, #2712, #2785, #2666, #1087, #571, #1357, #1265, #194, #2944, #91, #290, #2763, #3567, #3665, #543, #2447, #163, #3515, #122, #1866, #3178, #2298, #3758, #341, #2371, #2514, #837, #2138, #2914, #3367, #1331, #2274, #2276, #817, #2829, #314, #5, #1775, #895, #2716, #3911, #735, #2200, #960, #1404, #920, #1235 ) ) ;
#1273 = VECTOR ( 'NONE', #1100, 1000.000000000000000 ) ;
#1274 = VECTOR ( 'NONE', #123, 1000.000000000000000 ) ;
#1275 = CIRCLE ( 'NONE', #3490, 1.000000000000000888 ) ;
#1276 = ORIENTED_EDGE ( 'NONE', *, *, #1455, .F. ) ;
#1277 = DIRECTION ( 'NONE',  ( 1.000000000000000000, 0.000000000000000000, 0.000000000000000000 ) ) ;
#1278 = EDGE_LOOP ( 'NONE', ( #464, #2699, #1974, #1943 ) ) ;
#1279 = FACE_OUTER_BOUND ( 'NONE', #2439, .T. ) ;
#1280 = DIRECTION ( 'NONE',  ( 1.000000000000000000, 0.000000000000000000, 0.000000000000000000 ) ) ;
#1281 = CARTESIAN_POINT ( 'NONE',  ( 3.724999999999999201, 6.100000000000001421, 2.000000000000000000 ) ) ;
#1282 = DIRECTION ( 'NONE',  ( -0.000000000000000000, -0.000000000000000000, 1.000000000000000000 ) ) ;
#1283 = EDGE_CURVE ( 'NONE', #582, #1610, #1232, .T. ) ;
#1284 = EDGE_CURVE ( 'NONE', #3174, #318, #1023, .T. ) ;
#1285 = FILL_AREA_STYLE ('',( #737 ) ) ;
#1286 = AXIS2_PLACEMENT_3D ( 'NONE', #1343, #2586, #2887 ) ;
#1287 = DIRECTION ( 'NONE',  ( 1.000000000000000000, 0.000000000000000000, 0.000000000000000000 ) ) ;
#1288 = ORIENTED_EDGE ( 'NONE', *, *, #358, .F. ) ;
#1289 = LINE ( 'NONE', #1192, #2644 ) ;
#1290 = EDGE_CURVE ( 'NONE', #1702, #3919, #2147, .T. ) ;
#1291 = FACE_OUTER_BOUND ( 'NONE', #1221, .T. ) ;
#1292 = DIRECTION ( 'NONE',  ( -0.000000000000000000, -0.000000000000000000, 1.000000000000000000 ) ) ;
#1293 = ORIENTED_EDGE ( 'NONE', *, *, #3032, .T. ) ;
#1294 = ORIENTED_EDGE ( 'NONE', *, *, #711, .F. ) ;
#1295 = DIRECTION ( 'NONE',  ( -0.000000000000000000, -0.000000000000000000, -1.000000000000000000 ) ) ;
#1296 = ORIENTED_EDGE ( 'NONE', *, *, #3200, .F. ) ;
#1297 = CARTESIAN_POINT ( 'NONE',  ( 25.19999999999997797, 33.20000000000000284, -0.7012473179189987471 ) ) ;
#1298 = ORIENTED_EDGE ( 'NONE', *, *, #1841, .T. ) ;
#1299 = CARTESIAN_POINT ( 'NONE',  ( -19.07500000000000284, 28.10000000000000142, 2.000000000000000000 ) ) ;
#1300 = DIRECTION ( 'NONE',  ( 0.000000000000000000, -0.000000000000000000, -1.000000000000000000 ) ) ;
#1301 = DIRECTION ( 'NONE',  ( -0.000000000000000000, 0.000000000000000000, 1.000000000000000000 ) ) ;
#1302 = LINE ( 'NONE', #994, #473 ) ;
#1303 = EDGE_CURVE ( 'NONE', #848, #2726, #1606, .T. ) ;
#1304 = PLANE ( 'NONE',  #3756 ) ;
#1305 = ORIENTED_EDGE ( 'NONE', *, *, #2615, .T. ) ;
#1306 = DIRECTION ( 'NONE',  ( -0.000000000000000000, -0.000000000000000000, 1.000000000000000000 ) ) ;
#1307 = EDGE_CURVE ( 'NONE', #3371, #2242, #1309, .T. ) ;
#1308 = UNCERTAINTY_MEASURE_WITH_UNIT (LENGTH_MEASURE( 1.000000000000000082E-05 ), #1585, 'distance_accuracy_value', 'NONE');
#1309 = LINE ( 'NONE', #2515, #1344 ) ;
#1310 = ORIENTED_EDGE ( 'NONE', *, *, #3530, .F. ) ;
#1311 = ORIENTED_EDGE ( 'NONE', *, *, #1411, .T. ) ;
#1312 = CARTESIAN_POINT ( 'NONE',  ( -26.19999999999999929, 26.19999999999999929, 2.000000000000000000 ) ) ;
#1313 = AXIS2_PLACEMENT_3D ( 'NONE', #1621, #2553, #1044 ) ;
#1314 = VERTEX_POINT ( 'NONE', #1824 ) ;
#1315 = DIRECTION ( 'NONE',  ( 1.000000000000000000, 0.000000000000000000, 0.000000000000000000 ) ) ;
#1316 = VERTEX_POINT ( 'NONE', #1250 ) ;
#1317 = DIRECTION ( 'NONE',  ( -0.000000000000000000, 0.000000000000000000, 1.000000000000000000 ) ) ;
#1318 = CARTESIAN_POINT ( 'NONE',  ( -4.824999999999999289, -6.100000000000001421, -0.7012473179190117367 ) ) ;
#1319 = DIRECTION ( 'NONE',  ( -0.000000000000000000, -0.000000000000000000, -1.000000000000000000 ) ) ;
#1320 = DIRECTION ( 'NONE',  ( 1.000000000000000000, 0.000000000000000000, 0.000000000000000000 ) ) ;
#1321 = AXIS2_PLACEMENT_3D ( 'NONE', #1251, #20, #3669 ) ;
#1322 = VECTOR ( 'NONE', #3442, 1000.000000000000000 ) ;
#1323 = DIRECTION ( 'NONE',  ( 1.000000000000000000, 0.000000000000000000, 0.000000000000000000 ) ) ;
#1324 = ORIENTED_EDGE ( 'NONE', *, *, #1671, .F. ) ;
#1325 = DIRECTION ( 'NONE',  ( 0.000000000000000000, 1.000000000000000000, 0.000000000000000000 ) ) ;
#1326 = LINE ( 'NONE', #2798, #1920 ) ;
#1327 = AXIS2_PLACEMENT_3D ( 'NONE', #3128, #2915, #2875 ) ;
#1328 = CARTESIAN_POINT ( 'NONE',  ( 0.000000000000000000, 32.20000000000000284, 2.000000000000000000 ) ) ;
#1329 = ORIENTED_EDGE ( 'NONE', *, *, #1130, .T. ) ;
#1330 = VERTEX_POINT ( 'NONE', #3350 ) ;
#1331 = ADVANCED_FACE ( 'NONE', ( #310 ), #2759, .F. ) ;
#1332 = EDGE_CURVE ( 'NONE', #3782, #2065, #1065, .T. ) ;
#1333 = EDGE_LOOP ( 'NONE', ( #699, #1906, #566, #3548 ) ) ;
#1334 = DIRECTION ( 'NONE',  ( 1.000000000000000000, 0.000000000000000000, 0.000000000000000000 ) ) ;
#1335 = ORIENTED_EDGE ( 'NONE', *, *, #244, .F. ) ;
#1336 = FACE_OUTER_BOUND ( 'NONE', #1728, .T. ) ;
#1337 = DIRECTION ( 'NONE',  ( 0.000000000000000000, 0.000000000000000000, -1.000000000000000000 ) ) ;
#1338 = ADVANCED_FACE ( 'NONE', ( #1978 ), #3722, .F. ) ;
#1339 = CIRCLE ( 'NONE', #3554, 1.424999999999999156 ) ;
#1340 = CARTESIAN_POINT ( 'NONE',  ( 20.82499999999999929, 6.100000000000001421, -0.7012473179190117367 ) ) ;
#1341 = PLANE ( 'NONE',  #2411 ) ;
#1342 = DIRECTION ( 'NONE',  ( 0.000000000000000000, 0.000000000000000000, 1.000000000000000000 ) ) ;
#1343 = CARTESIAN_POINT ( 'NONE',  ( 19.40000000000000213, -6.100000000000001421, 2.000000000000000000 ) ) ;
#1344 = VECTOR ( 'NONE', #598, 1000.000000000000000 ) ;
#1345 = ORIENTED_EDGE ( 'NONE', *, *, #482, .F. ) ;
#1346 = CARTESIAN_POINT ( 'NONE',  ( 19.40000000000000213, 6.100000000000001421, 0.000000000000000000 ) ) ;
#1347 = DIRECTION ( 'NONE',  ( -0.000000000000000000, -0.000000000000000000, 1.000000000000000000 ) ) ;
#1348 = CARTESIAN_POINT ( 'NONE',  ( 12.27500000000000391, 28.10000000000000142, -0.7012473179190117367 ) ) ;
#1349 = ORIENTED_EDGE ( 'NONE', *, *, #1503, .F. ) ;
#1350 = ORIENTED_EDGE ( 'NONE', *, *, #3704, .T. ) ;
#1351 = ORIENTED_EDGE ( 'NONE', *, *, #1184, .F. ) ;
#1352 = EDGE_CURVE ( 'NONE', #3900, #925, #740, .T. ) ;
#1353 = CARTESIAN_POINT ( 'NONE',  ( 17.97500000000000142, -28.10000000000000142, 2.000000000000000000 ) ) ;
#1354 = ORIENTED_EDGE ( 'NONE', *, *, #1987, .T. ) ;
#1355 = DIRECTION ( 'NONE',  ( -0.000000000000000000, 0.000000000000000000, 1.000000000000000000 ) ) ;
#1356 = DIRECTION ( 'NONE',  ( 1.000000000000000000, 0.000000000000000000, 0.000000000000000000 ) ) ;
#1357 = ADVANCED_FACE ( 'NONE', ( #3808 ), #3467, .F. ) ;
#1358 = DIRECTION ( 'NONE',  ( -0.000000000000000000, 0.000000000000000000, 1.000000000000000000 ) ) ;
#1359 = CARTESIAN_POINT ( 'NONE',  ( 3.724999999999999201, -28.10000000000000142, 2.000000000000000000 ) ) ;
#1360 = CARTESIAN_POINT ( 'NONE',  ( -7.800000000000002487, -33.20000000000000284, 2.000000000000001776 ) ) ;
#1361 = EDGE_CURVE ( 'NONE', #3479, #3578, #2535, .T. ) ;
#1362 = PLANE ( 'NONE',  #1722 ) ;
#1363 = ORIENTED_EDGE ( 'NONE', *, *, #1960, .T. ) ;
#1364 = PLANE ( 'NONE',  #3784 ) ;
#1365 = CARTESIAN_POINT ( 'NONE',  ( -8.800000000000002487, -33.20000000000000284, -94.64761499650464316 ) ) ;
#1366 = ORIENTED_EDGE ( 'NONE', *, *, #2691, .T. ) ;
#1367 = ORIENTED_EDGE ( 'NONE', *, *, #336, .T. ) ;
#1368 = EDGE_LOOP ( 'NONE', ( #2636, #2714, #2739, #2896 ) ) ;
#1369 = DIRECTION ( 'NONE',  ( -0.000000000000000000, -1.000000000000000000, -0.000000000000000000 ) ) ;
#1370 = VERTEX_POINT ( 'NONE', #429 ) ;
#1371 = LINE ( 'NONE', #1909, #1528 ) ;
#1372 = AXIS2_PLACEMENT_3D ( 'NONE', #3720, #2383, #2402 ) ;
#1373 = CARTESIAN_POINT ( 'NONE',  ( 3.724999999999999201, -6.100000000000001421, 0.000000000000000000 ) ) ;
#1374 = CIRCLE ( 'NONE', #1942, 1.424999999999999156 ) ;
#1375 = PLANE ( 'NONE',  #822 ) ;
#1376 = CARTESIAN_POINT ( 'NONE',  ( 2.299999999999999822, 28.10000000000000142, -0.7012473179190117367 ) ) ;
#1377 = EDGE_CURVE ( 'NONE', #59, #1330, #2230, .T. ) ;
#1378 = EDGE_CURVE ( 'NONE', #3895, #1610, #3427, .T. ) ;
#1379 = DIRECTION ( 'NONE',  ( -0.000000000000000000, -0.000000000000000000, 1.000000000000000000 ) ) ;
#1380 = EDGE_LOOP ( 'NONE', ( #1923, #3261, #578, #832 ) ) ;
#1381 = LINE ( 'NONE', #3184, #3146 ) ;
#1382 = EDGE_CURVE ( 'NONE', #3208, #1682, #2359, .T. ) ;
#1383 = CYLINDRICAL_SURFACE ( 'NONE', #2219, 1.424999999999999156 ) ;
#1384 = CARTESIAN_POINT ( 'NONE',  ( -24.77500000000000213, 0.000000000000000000, 0.000000000000000000 ) ) ;
#1385 = AXIS2_PLACEMENT_3D ( 'NONE', #3563, #1121, #527 ) ;
#1386 = EDGE_LOOP ( 'NONE', ( #2148, #1305, #3840, #332 ) ) ;
#1387 = ORIENTED_EDGE ( 'NONE', *, *, #12, .T. ) ;
#1388 = DIRECTION ( 'NONE',  ( 0.000000000000000000, 0.000000000000000000, 1.000000000000000000 ) ) ;
#1389 =( GEOMETRIC_REPRESENTATION_CONTEXT ( 3 ) GLOBAL_UNCERTAINTY_ASSIGNED_CONTEXT ( ( #1308 ) ) GLOBAL_UNIT_ASSIGNED_CONTEXT ( ( #1585, #292, #945 ) ) REPRESENTATION_CONTEXT ( 'NONE', 'WORKASPACE' ) );
#1390 = VERTEX_POINT ( 'NONE', #1921 ) ;
#1391 = LINE ( 'NONE', #181, #1686 ) ;
#1392 = ORIENTED_EDGE ( 'NONE', *, *, #389, .T. ) ;
#1393 = AXIS2_PLACEMENT_3D ( 'NONE', #1360, #2567, #3778 ) ;
#1394 = ORIENTED_EDGE ( 'NONE', *, *, #1814, .T. ) ;
#1395 = VECTOR ( 'NONE', #3699, 1000.000000000000000 ) ;
#1396 = FACE_OUTER_BOUND ( 'NONE', #2329, .T. ) ;
#1397 = LINE ( 'NONE', #815, #359 ) ;
#1398 = AXIS2_PLACEMENT_3D ( 'NONE', #1538, #3045, #2727 ) ;
#1399 = FACE_OUTER_BOUND ( 'NONE', #2449, .T. ) ;
#1400 = VECTOR ( 'NONE', #2468, 1000.000000000000000 ) ;
#1401 = CARTESIAN_POINT ( 'NONE',  ( 9.126374291708310679E-15, -32.20000000000000284, -0.7012473179189987471 ) ) ;
#1402 = AXIS2_PLACEMENT_3D ( 'NONE', #2950, #1419, #1771 ) ;
#1403 = VERTEX_POINT ( 'NONE', #1937 ) ;
#1404 = ADVANCED_FACE ( 'NONE', ( #2260 ), #2299, .F. ) ;
#1405 = DIRECTION ( 'NONE',  ( -0.000000000000000000, -0.000000000000000000, 1.000000000000000000 ) ) ;
#1406 = FACE_OUTER_BOUND ( 'NONE', #1236, .T. ) ;
#1407 = EDGE_CURVE ( 'NONE', #724, #3072, #1027, .T. ) ;
#1408 = CIRCLE ( 'NONE', #1542, 1.424999999999999156 ) ;
#1409 = DIRECTION ( 'NONE',  ( -0.000000000000000000, -0.000000000000000000, -1.000000000000000000 ) ) ;
#1410 = EDGE_LOOP ( 'NONE', ( #3217, #2856, #3260, #2304 ) ) ;
#1411 = EDGE_CURVE ( 'NONE', #3621, #1253, #3868, .T. ) ;
#1412 = ORIENTED_EDGE ( 'NONE', *, *, #120, .F. ) ;
#1413 = ORIENTED_EDGE ( 'NONE', *, *, #1111, .F. ) ;
#1414 = CIRCLE ( 'NONE', #2940, 0.9999999999999991118 ) ;
#1415 = CARTESIAN_POINT ( 'NONE',  ( -4.824999999999999289, -28.10000000000000142, -0.7012473179190117367 ) ) ;
#1416 = ORIENTED_EDGE ( 'NONE', *, *, #2784, .T. ) ;
#1417 = VECTOR ( 'NONE', #3624, 1000.000000000000000 ) ;
#1418 = VERTEX_POINT ( 'NONE', #1679 ) ;
#1419 = DIRECTION ( 'NONE',  ( -0.000000000000000000, 0.000000000000000000, 1.000000000000000000 ) ) ;
#1420 = LINE ( 'NONE', #2628, #2795 ) ;
#1421 = CYLINDRICAL_SURFACE ( 'NONE', #3418, 1.424999999999999156 ) ;
#1422 = PLANE ( 'NONE',  #3726 ) ;
#1423 = DIRECTION ( 'NONE',  ( -0.000000000000000000, -0.000000000000000000, 1.000000000000000000 ) ) ;
#1424 = LINE ( 'NONE', #551, #661 ) ;
#1425 = EDGE_CURVE ( 'NONE', #2050, #671, #101, .T. ) ;
#1426 = CARTESIAN_POINT ( 'NONE',  ( 8.000000000000000000, -6.100000000000001421, 0.000000000000000000 ) ) ;
#1427 = AXIS2_PLACEMENT_3D ( 'NONE', #2458, #2418, #1287 ) ;
#1428 = VERTEX_POINT ( 'NONE', #2891 ) ;
#1429 = EDGE_LOOP ( 'NONE', ( #883, #3462, #2263, #3573 ) ) ;
#1430 = EDGE_CURVE ( 'NONE', #2308, #1516, #130, .T. ) ;
#1431 = ADVANCED_FACE ( 'NONE', ( #2240 ), #2591, .F. ) ;
#1432 = ORIENTED_EDGE ( 'NONE', *, *, #2111, .F. ) ;
#1433 = DIRECTION ( 'NONE',  ( 1.000000000000000000, 0.000000000000000000, 0.000000000000000000 ) ) ;
#1434 = VERTEX_POINT ( 'NONE', #782 ) ;
#1435 = CARTESIAN_POINT ( 'NONE',  ( 23.67499999999999716, 0.000000000000000000, 0.000000000000000000 ) ) ;
#1436 = EDGE_LOOP ( 'NONE', ( #1256, #393, #55, #2068 ) ) ;
#1437 = LINE ( 'NONE', #1753, #689 ) ;
#1438 = FACE_OUTER_BOUND ( 'NONE', #293, .T. ) ;
#1439 = CARTESIAN_POINT ( 'NONE',  ( -1.975000000000000977, 6.100000000000001421, 2.000000000000000000 ) ) ;
#1440 = VECTOR ( 'NONE', #3835, 1000.000000000000000 ) ;
#1441 = PLANE ( 'NONE',  #2907 ) ;
#1442 = VECTOR ( 'NONE', #3783, 1000.000000000000000 ) ;
#1443 = CARTESIAN_POINT ( 'NONE',  ( -26.20000000000000284, 6.100000000000001421, 0.000000000000000000 ) ) ;
#1444 = DIRECTION ( 'NONE',  ( -1.000000000000000000, 0.000000000000000000, 0.000000000000000000 ) ) ;
#1445 = LINE ( 'NONE', #3269, #3218 ) ;
#1446 = LINE ( 'NONE', #3870, #2620 ) ;
#1447 = CARTESIAN_POINT ( 'NONE',  ( 27.05714285714284273, 32.13845991166472515, 2.000000000000000000 ) ) ;
#1448 = ORIENTED_EDGE ( 'NONE', *, *, #1911, .F. ) ;
#1449 = EDGE_LOOP ( 'NONE', ( #2171, #1416, #3719, #475 ) ) ;
#1450 = ORIENTED_EDGE ( 'NONE', *, *, #1378, .T. ) ;
#1451 = DIRECTION ( 'NONE',  ( 1.000000000000000000, -0.000000000000000000, 0.000000000000000000 ) ) ;
#1452 = ORIENTED_EDGE ( 'NONE', *, *, #3372, .T. ) ;
#1453 = EDGE_CURVE ( 'NONE', #3058, #2463, #1998, .T. ) ;
#1454 = DIRECTION ( 'NONE',  ( 1.000000000000000000, 0.000000000000000000, 0.000000000000000000 ) ) ;
#1455 = EDGE_CURVE ( 'NONE', #850, #546, #468, .T. ) ;
#1456 = ORIENTED_EDGE ( 'NONE', *, *, #3173, .T. ) ;
#1457 = DIRECTION ( 'NONE',  ( -1.000000000000000000, 0.000000000000000000, 0.000000000000000000 ) ) ;
#1458 = DIRECTION ( 'NONE',  ( 1.000000000000000000, 0.000000000000000000, -1.084202172485504434E-16 ) ) ;
#1459 = DIRECTION ( 'NONE',  ( -0.000000000000000000, -0.000000000000000000, 1.000000000000000000 ) ) ;
#1460 = EDGE_CURVE ( 'NONE', #955, #197, #2849, .T. ) ;
#1461 = DIRECTION ( 'NONE',  ( 0.000000000000000000, -1.000000000000000000, 0.000000000000000000 ) ) ;
#1462 = DIRECTION ( 'NONE',  ( -0.000000000000000000, 0.000000000000000000, 1.000000000000000000 ) ) ;
#1463 = FACE_OUTER_BOUND ( 'NONE', #3471, .T. ) ;
#1464 = DIRECTION ( 'NONE',  ( -1.000000000000000000, 2.081668171172166304E-14, 0.000000000000000000 ) ) ;
#1465 = AXIS2_PLACEMENT_3D ( 'NONE', #3003, #3956, #579 ) ;
#1466 = VECTOR ( 'NONE', #1227, 1000.000000000000000 ) ;
#1467 = VECTOR ( 'NONE', #3136, 1000.000000000000000 ) ;
#1468 = CIRCLE ( 'NONE', #2858, 1.424999999999999156 ) ;
#1469 = CARTESIAN_POINT ( 'NONE',  ( -16.22500000000000142, -6.100000000000001421, 0.000000000000000000 ) ) ;
#1470 = ORIENTED_EDGE ( 'NONE', *, *, #3007, .T. ) ;
#1471 = ORIENTED_EDGE ( 'NONE', *, *, #941, .T. ) ;
#1472 = VERTEX_POINT ( 'NONE', #3017 ) ;
#1473 = DIRECTION ( 'NONE',  ( 0.000000000000000000, -1.000000000000000000, 0.000000000000000000 ) ) ;
#1474 = EDGE_LOOP ( 'NONE', ( #3053, #2571, #2028, #2497 ) ) ;
#1475 = EDGE_CURVE ( 'NONE', #3335, #3529, #2155, .T. ) ;
#1476 = VERTEX_POINT ( 'NONE', #554 ) ;
#1477 = DIRECTION ( 'NONE',  ( 0.000000000000000000, 1.000000000000000000, 2.394758726656990703E-17 ) ) ;
#1478 = ORIENTED_EDGE ( 'NONE', *, *, #2451, .F. ) ;
#1479 = DIRECTION ( 'NONE',  ( -0.000000000000000000, -0.000000000000000000, 1.000000000000000000 ) ) ;
#1480 = CARTESIAN_POINT ( 'NONE',  ( 17.97500000000000142, -28.10000000000000142, 2.000000000000000000 ) ) ;
#1481 = CARTESIAN_POINT ( 'NONE',  ( 26.20000000000000284, -26.19999999999999929, -0.7012473179189987471 ) ) ;
#1482 = EDGE_CURVE ( 'NONE', #619, #203, #418, .T. ) ;
#1483 = CARTESIAN_POINT ( 'NONE',  ( 13.70000000000000462, 28.10000000000000142, 2.000000000000000000 ) ) ;
#1484 = DIRECTION ( 'NONE',  ( -0.000000000000000000, 0.000000000000000000, 1.000000000000000000 ) ) ;
#1485 = CARTESIAN_POINT ( 'NONE',  ( -21.92500000000000071, -6.100000000000001421, 0.000000000000000000 ) ) ;
#1486 = CARTESIAN_POINT ( 'NONE',  ( -24.77500000000000213, 28.10000000000000142, 2.000000000000000000 ) ) ;
#1487 = EDGE_CURVE ( 'NONE', #1476, #637, #1135, .T. ) ;
#1488 = DIRECTION ( 'NONE',  ( -1.000000000000000000, 0.000000000000000000, 0.000000000000000000 ) ) ;
#1489 = DIRECTION ( 'NONE',  ( 9.714451465470119729E-17, -2.394758726656991011E-17, 1.000000000000000000 ) ) ;
#1490 = ORIENTED_EDGE ( 'NONE', *, *, #2060, .F. ) ;
#1491 = CARTESIAN_POINT ( 'NONE',  ( -27.62500000000000000, -28.10000000000000142, -0.7012473179190117367 ) ) ;
#1492 = ORIENTED_EDGE ( 'NONE', *, *, #2090, .F. ) ;
#1493 = LINE ( 'NONE', #2682, #1185 ) ;
#1494 = ORIENTED_EDGE ( 'NONE', *, *, #2199, .F. ) ;
#1495 = VERTEX_POINT ( 'NONE', #2338 ) ;
#1496 = LINE ( 'NONE', #3899, #757 ) ;
#1497 = ORIENTED_EDGE ( 'NONE', *, *, #270, .T. ) ;
#1498 = FACE_BOUND ( 'NONE', #1278, .T. ) ;
#1499 = DIRECTION ( 'NONE',  ( -0.000000000000000000, -0.000000000000000000, 1.000000000000000000 ) ) ;
#1500 = CYLINDRICAL_SURFACE ( 'NONE', #1080, 1.424999999999999156 ) ;
#1501 = CARTESIAN_POINT ( 'NONE',  ( -21.92500000000000071, -28.10000000000000142, 2.000000000000000000 ) ) ;
#1502 = DIRECTION ( 'NONE',  ( -0.000000000000000000, 1.000000000000000000, -0.000000000000000000 ) ) ;
#1503 = EDGE_CURVE ( 'NONE', #3709, #2110, #3254, .T. ) ;
#1504 = EDGE_CURVE ( 'NONE', #2426, #2639, #1107, .T. ) ;
#1505 = AXIS2_PLACEMENT_3D ( 'NONE', #369, #2984, #3333 ) ;
#1506 = CARTESIAN_POINT ( 'NONE',  ( -4.824999999999999289, 28.10000000000000142, 2.000000000000000000 ) ) ;
#1507 = VERTEX_POINT ( 'NONE', #1447 ) ;
#1508 = ORIENTED_EDGE ( 'NONE', *, *, #1956, .T. ) ;
#1509 = EDGE_CURVE ( 'NONE', #1514, #2720, #3041, .T. ) ;
#1510 = ORIENTED_EDGE ( 'NONE', *, *, #96, .F. ) ;
#1511 = CARTESIAN_POINT ( 'NONE',  ( -9.800000000000002487, -33.20000000000000284, -0.7012473179190026329 ) ) ;
#1512 = ORIENTED_EDGE ( 'NONE', *, *, #2163, .F. ) ;
#1513 = VECTOR ( 'NONE', #1461, 1000.000000000000000 ) ;
#1514 = VERTEX_POINT ( 'NONE', #3001 ) ;
#1515 = CARTESIAN_POINT ( 'NONE',  ( 9.424999999999998934, 0.000000000000000000, 0.000000000000000000 ) ) ;
#1516 = VERTEX_POINT ( 'NONE', #3272 ) ;
#1517 = CARTESIAN_POINT ( 'NONE',  ( 23.67499999999999716, 28.10000000000000142, -0.7012473179190117367 ) ) ;
#1518 = AXIS2_PLACEMENT_3D ( 'NONE', #2128, #3668, #2496 ) ;
#1519 = VECTOR ( 'NONE', #826, 1000.000000000000000 ) ;
#1520 = CARTESIAN_POINT ( 'NONE',  ( 13.70000000000000462, 28.10000000000000142, -0.7012473179190117367 ) ) ;
#1521 = LINE ( 'NONE', #321, #3938 ) ;
#1522 = DIRECTION ( 'NONE',  ( -1.000000000000000000, 0.000000000000000000, -0.000000000000000000 ) ) ;
#1523 = ADVANCED_FACE ( 'NONE', ( #3546 ), #1744, .F. ) ;
#1524 = CARTESIAN_POINT ( 'NONE',  ( -1.975000000000000977, 0.000000000000000000, 0.000000000000000000 ) ) ;
#1525 = ORIENTED_EDGE ( 'NONE', *, *, #47, .T. ) ;
#1526 = AXIS2_PLACEMENT_3D ( 'NONE', #3048, #3380, #2488 ) ;
#1527 = ORIENTED_EDGE ( 'NONE', *, *, #2972, .F. ) ;
#1528 = VECTOR ( 'NONE', #680, 1000.000000000000000 ) ;
#1529 = EDGE_CURVE ( 'NONE', #868, #3315, #212, .T. ) ;
#1530 = CARTESIAN_POINT ( 'NONE',  ( 9.424999999999998934, -28.10000000000000142, -0.7012473179190117367 ) ) ;
#1531 = AXIS2_PLACEMENT_3D ( 'NONE', #1889, #1656, #3415 ) ;
#1532 = VERTEX_POINT ( 'NONE', #2655 ) ;
#1533 = ORIENTED_EDGE ( 'NONE', *, *, #139, .T. ) ;
#1534 = AXIS2_PLACEMENT_3D ( 'NONE', #1530, #3404, #909 ) ;
#1535 = VERTEX_POINT ( 'NONE', #3230 ) ;
#1536 = CARTESIAN_POINT ( 'NONE',  ( -9.800000000000002487, 33.20000000000000284, 2.000000000000001776 ) ) ;
#1537 = ORIENTED_EDGE ( 'NONE', *, *, #12, .F. ) ;
#1538 = CARTESIAN_POINT ( 'NONE',  ( -1.975000000000000977, -28.10000000000000142, -0.7012473179190117367 ) ) ;
#1539 = LINE ( 'NONE', #3325, #1654 ) ;
#1540 = DIRECTION ( 'NONE',  ( 0.000000000000000000, 0.000000000000000000, 1.000000000000000000 ) ) ;
#1541 = CARTESIAN_POINT ( 'NONE',  ( -26.19999999999995666, -32.20000000000000284, -0.7012473179189988581 ) ) ;
#1542 = AXIS2_PLACEMENT_3D ( 'NONE', #3085, #342, #1205 ) ;
#1543 = AXIS2_PLACEMENT_3D ( 'NONE', #1026, #3447, #718 ) ;
#1544 = FACE_OUTER_BOUND ( 'NONE', #218, .T. ) ;
#1545 = ORIENTED_EDGE ( 'NONE', *, *, #565, .T. ) ;
#1546 = ORIENTED_EDGE ( 'NONE', *, *, #2226, .F. ) ;
#1547 = CYLINDRICAL_SURFACE ( 'NONE', #1120, 1.000000000000000888 ) ;
#1548 = EDGE_CURVE ( 'NONE', #1091, #2403, #2104, .T. ) ;
#1549 = CYLINDRICAL_SURFACE ( 'NONE', #1321, 1.000000000000000888 ) ;
#1550 = ORIENTED_EDGE ( 'NONE', *, *, #2741, .T. ) ;
#1551 = EDGE_LOOP ( 'NONE', ( #2385, #3134, #2131, #71 ) ) ;
#1552 = CARTESIAN_POINT ( 'NONE',  ( 20.82499999999999929, -28.10000000000000142, 2.000000000000000000 ) ) ;
#1553 = EDGE_CURVE ( 'NONE', #1370, #368, #1151, .T. ) ;
#1554 = EDGE_CURVE ( 'NONE', #1726, #3411, #3327, .T. ) ;
#1555 = ORIENTED_EDGE ( 'NONE', *, *, #3662, .F. ) ;
#1556 = LINE ( 'NONE', #3596, #2165 ) ;
#1557 = ORIENTED_EDGE ( 'NONE', *, *, #47, .F. ) ;
#1558 = DIRECTION ( 'NONE',  ( 0.000000000000000000, 0.000000000000000000, -1.000000000000000000 ) ) ;
#1559 = EDGE_CURVE ( 'NONE', #1005, #1403, #2953, .T. ) ;
#1560 = LINE ( 'NONE', #1201, #2735 ) ;
#1561 = LINE ( 'NONE', #34, #2348 ) ;
#1562 = DIRECTION ( 'NONE',  ( -0.000000000000000000, 0.000000000000000000, 1.000000000000000000 ) ) ;
#1563 = CYLINDRICAL_SURFACE ( 'NONE', #3131, 1.424999999999999156 ) ;
#1564 = VERTEX_POINT ( 'NONE', #1469 ) ;
#1565 = AXIS2_PLACEMENT_3D ( 'NONE', #3278, #3087, #1767 ) ;
#1566 = VECTOR ( 'NONE', #778, 1000.000000000000000 ) ;
#1567 = PLANE ( 'NONE',  #1892 ) ;
#1568 = ORIENTED_EDGE ( 'NONE', *, *, #1509, .F. ) ;
#1569 = VERTEX_POINT ( 'NONE', #2396 ) ;
#1570 = CYLINDRICAL_SURFACE ( 'NONE', #2833, 1.000000000000000000 ) ;
#1571 = ORIENTED_EDGE ( 'NONE', *, *, #73, .F. ) ;
#1572 = ADVANCED_FACE ( 'NONE', ( #2678 ), #1169, .F. ) ;
#1573 = EDGE_CURVE ( 'NONE', #318, #498, #2942, .T. ) ;
#1574 = DIRECTION ( 'NONE',  ( -0.000000000000000000, -0.000000000000000000, 1.000000000000000000 ) ) ;
#1575 = ORIENTED_EDGE ( 'NONE', *, *, #790, .T. ) ;
#1576 = CARTESIAN_POINT ( 'NONE',  ( 0.000000000000000000, 0.000000000000000000, 2.000000000000000000 ) ) ;
#1577 = EDGE_CURVE ( 'NONE', #3371, #2622, #1108, .T. ) ;
#1578 = CARTESIAN_POINT ( 'NONE',  ( 17.97500000000000142, 6.100000000000001421, 0.000000000000000000 ) ) ;
#1579 = CARTESIAN_POINT ( 'NONE',  ( 3.724999999999999201, 0.000000000000000000, 0.000000000000000000 ) ) ;
#1580 = CARTESIAN_POINT ( 'NONE',  ( -13.37500000000000178, 0.000000000000000000, 0.000000000000000000 ) ) ;
#1581 = DIRECTION ( 'NONE',  ( -0.000000000000000000, 0.000000000000000000, 1.000000000000000000 ) ) ;
#1582 = ORIENTED_EDGE ( 'NONE', *, *, #583, .T. ) ;
#1583 = DIRECTION ( 'NONE',  ( 1.000000000000000000, 0.000000000000000000, 0.000000000000000000 ) ) ;
#1584 = AXIS2_PLACEMENT_3D ( 'NONE', #143, #3558, #2933 ) ;
#1585 =( LENGTH_UNIT ( ) NAMED_UNIT ( * ) SI_UNIT ( .MILLI., .METRE. ) );
#1586 = ORIENTED_EDGE ( 'NONE', *, *, #3856, .F. ) ;
#1587 = VECTOR ( 'NONE', #492, 1000.000000000000000 ) ;
#1588 = VERTEX_POINT ( 'NONE', #1125 ) ;
#1589 = DIRECTION ( 'NONE',  ( 0.000000000000000000, 0.000000000000000000, -1.000000000000000000 ) ) ;
#1590 = VECTOR ( 'NONE', #2583, 1000.000000000000000 ) ;
#1591 = AXIS2_PLACEMENT_3D ( 'NONE', #2709, #921, #320 ) ;
#1592 = VECTOR ( 'NONE', #2725, 1000.000000000000000 ) ;
#1593 = ORIENTED_EDGE ( 'NONE', *, *, #2660, .T. ) ;
#1594 = DIRECTION ( 'NONE',  ( -0.000000000000000000, -1.000000000000000000, -0.000000000000000000 ) ) ;
#1595 = ORIENTED_EDGE ( 'NONE', *, *, #309, .T. ) ;
#1596 = CARTESIAN_POINT ( 'NONE',  ( -20.50000000000000000, 28.10000000000000142, 0.000000000000000000 ) ) ;
#1597 = ADVANCED_FACE ( 'NONE', ( #924 ), #3929, .T. ) ;
#1598 = DIRECTION ( 'NONE',  ( 0.000000000000000000, 1.000000000000000000, -0.000000000000000000 ) ) ;
#1599 = DIRECTION ( 'NONE',  ( 0.000000000000000000, 1.000000000000000000, 0.000000000000000000 ) ) ;
#1600 = CARTESIAN_POINT ( 'NONE',  ( 26.20000000000000284, 26.19999999999999929, 2.000000000000000000 ) ) ;
#1601 = EDGE_CURVE ( 'NONE', #498, #1495, #3452, .T. ) ;
#1602 = CIRCLE ( 'NONE', #1286, 1.424999999999999156 ) ;
#1603 = FACE_OUTER_BOUND ( 'NONE', #2265, .T. ) ;
#1604 = ORIENTED_EDGE ( 'NONE', *, *, #1453, .F. ) ;
#1605 = CARTESIAN_POINT ( 'NONE',  ( -24.77500000000000213, 28.10000000000000142, -0.7012473179190117367 ) ) ;
#1606 = LINE ( 'NONE', #2817, #3749 ) ;
#1607 = ORIENTED_EDGE ( 'NONE', *, *, #3192, .F. ) ;
#1608 = EDGE_LOOP ( 'NONE', ( #1684, #1624, #2407, #3834 ) ) ;
#1609 = LINE ( 'NONE', #949, #1941 ) ;
#1610 = VERTEX_POINT ( 'NONE', #3328 ) ;
#1611 = CYLINDRICAL_SURFACE ( 'NONE', #2453, 1.424999999999999156 ) ;
#1612 = VERTEX_POINT ( 'NONE', #3052 ) ;
#1613 = LINE ( 'NONE', #66, #297 ) ;
#1614 = SURFACE_STYLE_FILL_AREA ( #1285 ) ;
#1615 = FACE_OUTER_BOUND ( 'NONE', #1649, .T. ) ;
#1616 = CARTESIAN_POINT ( 'NONE',  ( -21.92500000000000071, 28.10000000000000142, -0.7012473179190117367 ) ) ;
#1617 = CARTESIAN_POINT ( 'NONE',  ( 9.424999999999998934, -28.10000000000000142, -0.7012473179190117367 ) ) ;
#1618 = DIRECTION ( 'NONE',  ( -0.9999999999999991118, -4.371138805551115592E-08, 9.714451360791880482E-17 ) ) ;
#1619 = VERTEX_POINT ( 'NONE', #3686 ) ;
#1620 = ADVANCED_FACE ( 'NONE', ( #3666 ), #1563, .F. ) ;
#1621 = CARTESIAN_POINT ( 'NONE',  ( -4.824999999999999289, -28.10000000000000142, -0.7012473179190117367 ) ) ;
#1622 = ADVANCED_FACE ( 'NONE', ( #1544 ), #1266, .F. ) ;
#1623 = DIRECTION ( 'NONE',  ( 1.000000000000000000, 0.000000000000000000, 0.000000000000000000 ) ) ;
#1624 = ORIENTED_EDGE ( 'NONE', *, *, #842, .T. ) ;
#1625 = ADVANCED_FACE ( 'NONE', ( #288 ), #2755, .F. ) ;
#1626 = VERTEX_POINT ( 'NONE', #2144 ) ;
#1627 = CARTESIAN_POINT ( 'NONE',  ( 23.67499999999999716, -28.10000000000000142, 2.000000000000000000 ) ) ;
#1628 = CIRCLE ( 'NONE', #3460, 1.424999999999999156 ) ;
#1629 = ORIENTED_EDGE ( 'NONE', *, *, #3484, .F. ) ;
#1630 = DIRECTION ( 'NONE',  ( 1.000000000000000000, 6.245004513516500491E-14, -1.084202172485503448E-16 ) ) ;
#1631 = ORIENTED_EDGE ( 'NONE', *, *, #2867, .F. ) ;
#1632 = DIRECTION ( 'NONE',  ( 1.000000000000000000, 0.000000000000000000, 0.000000000000000000 ) ) ;
#1633 = PLANE ( 'NONE',  #2089 ) ;
#1634 = LINE ( 'NONE', #1318, #50 ) ;
#1635 = DIRECTION ( 'NONE',  ( -0.000000000000000000, -0.000000000000000000, 1.000000000000000000 ) ) ;
#1636 = CARTESIAN_POINT ( 'NONE',  ( 20.82499999999999929, 6.100000000000001421, 2.000000000000000000 ) ) ;
#1637 = CIRCLE ( 'NONE', #2525, 1.424999999999999156 ) ;
#1638 = CYLINDRICAL_SURFACE ( 'NONE', #3110, 0.9999999999999991118 ) ;
#1639 = ORIENTED_EDGE ( 'NONE', *, *, #3079, .F. ) ;
#1640 = LINE ( 'NONE', #2238, #1690 ) ;
#1641 = FACE_OUTER_BOUND ( 'NONE', #2088, .T. ) ;
#1642 = EDGE_CURVE ( 'NONE', #2840, #3388, #2490, .T. ) ;
#1643 = VECTOR ( 'NONE', #175, 1000.000000000000000 ) ;
#1644 = DIRECTION ( 'NONE',  ( -0.000000000000000000, 0.000000000000000000, 1.000000000000000000 ) ) ;
#1645 = VERTEX_POINT ( 'NONE', #977 ) ;
#1646 = ORIENTED_EDGE ( 'NONE', *, *, #3862, .F. ) ;
#1647 = DIRECTION ( 'NONE',  ( -0.000000000000000000, -0.000000000000000000, 1.000000000000000000 ) ) ;
#1648 = EDGE_CURVE ( 'NONE', #671, #3836, #613, .T. ) ;
#1649 = EDGE_LOOP ( 'NONE', ( #3090, #2943, #2320, #3884 ) ) ;
#1650 = CARTESIAN_POINT ( 'NONE',  ( -26.20000000000000284, -28.10000000000000142, 0.000000000000000000 ) ) ;
#1651 = EDGE_LOOP ( 'NONE', ( #3170, #3130, #343, #3237 ) ) ;
#1652 = FACE_BOUND ( 'NONE', #1704, .T. ) ;
#1653 = AXIS2_PLACEMENT_3D ( 'NONE', #3644, #958, #1202 ) ;
#1654 = VECTOR ( 'NONE', #2752, 1000.000000000000000 ) ;
#1655 = VECTOR ( 'NONE', #3639, 1000.000000000000000 ) ;
#1656 = DIRECTION ( 'NONE',  ( 9.714451465470119729E-17, -2.394758726656991011E-17, 1.000000000000000000 ) ) ;
#1657 = CARTESIAN_POINT ( 'NONE',  ( 26.19999999999998153, 33.12820323027553115, 2.000000000000001776 ) ) ;
#1658 = DIRECTION ( 'NONE',  ( 1.000000000000000000, 0.000000000000000000, 0.000000000000000000 ) ) ;
#1659 = CARTESIAN_POINT ( 'NONE',  ( 30.20000000000000284, 0.000000000000000000, -94.64761499650464316 ) ) ;
#1660 = ORIENTED_EDGE ( 'NONE', *, *, #513, .F. ) ;
#1661 = CARTESIAN_POINT ( 'NONE',  ( -9.099999999999999645, -6.100000000000001421, 0.000000000000000000 ) ) ;
#1662 = DIRECTION ( 'NONE',  ( -0.000000000000000000, 0.000000000000000000, 1.000000000000000000 ) ) ;
#1663 = EDGE_LOOP ( 'NONE', ( #3853, #3771, #2945, #3077 ) ) ;
#1664 = ORIENTED_EDGE ( 'NONE', *, *, #266, .F. ) ;
#1665 = EDGE_CURVE ( 'NONE', #2403, #3315, #2249, .T. ) ;
#1666 = ORIENTED_EDGE ( 'NONE', *, *, #1714, .F. ) ;
#1667 = DIRECTION ( 'NONE',  ( -0.000000000000000000, 0.000000000000000000, 1.000000000000000000 ) ) ;
#1668 = VERTEX_POINT ( 'NONE', #632 ) ;
#1669 = EDGE_CURVE ( 'NONE', #1535, #503, #3067, .T. ) ;
#1670 = FACE_BOUND ( 'NONE', #3872, .T. ) ;
#1671 = EDGE_CURVE ( 'NONE', #246, #1239, #2472, .T. ) ;
#1672 = DIRECTION ( 'NONE',  ( -0.000000000000000000, 0.000000000000000000, 1.000000000000000000 ) ) ;
#1673 = CARTESIAN_POINT ( 'NONE',  ( 26.20000000000000284, -34.20000000000000284, 2.000000000000001776 ) ) ;
#1674 = CARTESIAN_POINT ( 'NONE',  ( -19.07500000000000284, 28.10000000000000142, 0.000000000000000000 ) ) ;
#1675 = EDGE_CURVE ( 'NONE', #2086, #2093, #323, .T. ) ;
#1676 = CARTESIAN_POINT ( 'NONE',  ( 6.575000000000001066, 28.10000000000000142, 2.000000000000000000 ) ) ;
#1677 = VERTEX_POINT ( 'NONE', #666 ) ;
#1678 = FACE_OUTER_BOUND ( 'NONE', #2592, .T. ) ;
#1679 = CARTESIAN_POINT ( 'NONE',  ( -9.800000000000002487, -32.20000000000000284, -0.7012473179189977479 ) ) ;
#1680 = ORIENTED_EDGE ( 'NONE', *, *, #3477, .T. ) ;
#1681 = ORIENTED_EDGE ( 'NONE', *, *, #1290, .F. ) ;
#1682 = VERTEX_POINT ( 'NONE', #1229 ) ;
#1683 = DIRECTION ( 'NONE',  ( 0.000000000000000000, 0.000000000000000000, -1.000000000000000000 ) ) ;
#1684 = ORIENTED_EDGE ( 'NONE', *, *, #3294, .T. ) ;
#1685 = FACE_BOUND ( 'NONE', #3858, .T. ) ;
#1686 = VECTOR ( 'NONE', #2027, 1000.000000000000000 ) ;
#1687 = EDGE_CURVE ( 'NONE', #2749, #3655, #647, .T. ) ;
#1688 = ORIENTED_EDGE ( 'NONE', *, *, #1577, .F. ) ;
#1689 = LINE ( 'NONE', #3241, #3744 ) ;
#1690 = VECTOR ( 'NONE', #109, 1000.000000000000000 ) ;
#1691 = CARTESIAN_POINT ( 'NONE',  ( -32.20000000000000284, 26.19999999999996021, 2.000000000000000000 ) ) ;
#1692 = FACE_OUTER_BOUND ( 'NONE', #372, .T. ) ;
#1693 = EDGE_CURVE ( 'NONE', #1159, #3232, #1414, .T. ) ;
#1694 = CARTESIAN_POINT ( 'NONE',  ( -12.03355894091126466, -2.087489719434935361E-14, 2.000000000000000000 ) ) ;
#1695 = DIRECTION ( 'NONE',  ( 1.000000000000000000, 0.000000000000000000, 0.000000000000000000 ) ) ;
#1696 = ORIENTED_EDGE ( 'NONE', *, *, #1430, .T. ) ;
#1697 = DIRECTION ( 'NONE',  ( 1.000000000000000000, 0.000000000000000000, 0.000000000000000000 ) ) ;
#1698 = LINE ( 'NONE', #253, #665 ) ;
#1699 = AXIS2_PLACEMENT_3D ( 'NONE', #1144, #1464, #821 ) ;
#1700 = CARTESIAN_POINT ( 'NONE',  ( 20.82499999999999929, -28.10000000000000142, -0.7012473179190117367 ) ) ;
#1701 = ORIENTED_EDGE ( 'NONE', *, *, #3391, .T. ) ;
#1702 = VERTEX_POINT ( 'NONE', #2438 ) ;
#1703 = VECTOR ( 'NONE', #749, 1000.000000000000000 ) ;
#1704 = EDGE_LOOP ( 'NONE', ( #2003, #667, #562, #1708 ) ) ;
#1705 = DIRECTION ( 'NONE',  ( -0.000000000000000000, 0.000000000000000000, 1.000000000000000000 ) ) ;
#1706 = VERTEX_POINT ( 'NONE', #1893 ) ;
#1707 = VECTOR ( 'NONE', #2904, 1000.000000000000000 ) ;
#1708 = ORIENTED_EDGE ( 'NONE', *, *, #462, .T. ) ;
#1709 = VECTOR ( 'NONE', #2975, 1000.000000000000000 ) ;
#1710 = CARTESIAN_POINT ( 'NONE',  ( 0.8750000000000007772, 6.100000000000001421, 2.000000000000000000 ) ) ;
#1711 = CARTESIAN_POINT ( 'NONE',  ( 30.20000000000000284, -26.19999999999999929, -0.000000000000000000 ) ) ;
#1712 = LINE ( 'NONE', #2629, #1707 ) ;
#1713 = VECTOR ( 'NONE', #760, 1000.000000000000000 ) ;
#1714 = EDGE_CURVE ( 'NONE', #1316, #1645, #1408, .T. ) ;
#1715 = AXIS2_PLACEMENT_3D ( 'NONE', #1576, #3697, #2783 ) ;
#1716 = PLANE ( 'NONE',  #2988 ) ;
#1717 = AXIS2_PLACEMENT_3D ( 'NONE', #3885, #3556, #1074 ) ;
#1718 = CARTESIAN_POINT ( 'NONE',  ( 13.70000000000000462, 6.100000000000001421, 0.000000000000000000 ) ) ;
#1719 = CIRCLE ( 'NONE', #952, 1.424999999999999156 ) ;
#1720 = FACE_OUTER_BOUND ( 'NONE', #2162, .T. ) ;
#1721 = DIRECTION ( 'NONE',  ( -0.000000000000000000, -0.000000000000000000, 1.000000000000000000 ) ) ;
#1722 = AXIS2_PLACEMENT_3D ( 'NONE', #3444, #2272, #1042 ) ;
#1723 = EDGE_CURVE ( 'NONE', #427, #910, #2713, .T. ) ;
#1724 = FACE_OUTER_BOUND ( 'NONE', #962, .T. ) ;
#1725 = CARTESIAN_POINT ( 'NONE',  ( -10.52500000000000036, 28.10000000000000142, 2.000000000000000000 ) ) ;
#1726 = VERTEX_POINT ( 'NONE', #906 ) ;
#1727 = ORIENTED_EDGE ( 'NONE', *, *, #717, .F. ) ;
#1728 = EDGE_LOOP ( 'NONE', ( #1387, #2626, #1795, #1324 ) ) ;
#1729 = VECTOR ( 'NONE', #3182, 1000.000000000000000 ) ;
#1730 = DIRECTION ( 'NONE',  ( 1.000000000000000000, 0.000000000000000000, -0.000000000000000000 ) ) ;
#1731 = ORIENTED_EDGE ( 'NONE', *, *, #3344, .T. ) ;
#1732 = AXIS2_PLACEMENT_3D ( 'NONE', #57, #3426, #695 ) ;
#1733 = ORIENTED_EDGE ( 'NONE', *, *, #2589, .F. ) ;
#1734 = DIRECTION ( 'NONE',  ( 1.000000000000000000, 0.000000000000000000, 0.000000000000000000 ) ) ;
#1735 = CARTESIAN_POINT ( 'NONE',  ( -8.800000000000002487, 34.20000000000000284, 2.000000000000001776 ) ) ;
#1736 = FACE_OUTER_BOUND ( 'NONE', #272, .T. ) ;
#1737 = DIRECTION ( 'NONE',  ( 0.000000000000000000, 0.000000000000000000, -1.000000000000000000 ) ) ;
#1738 = FACE_OUTER_BOUND ( 'NONE', #2593, .T. ) ;
#1739 = FACE_OUTER_BOUND ( 'NONE', #2173, .T. ) ;
#1740 = CARTESIAN_POINT ( 'NONE',  ( -1.975000000000000977, -28.10000000000000142, 0.000000000000000000 ) ) ;
#1741 = CARTESIAN_POINT ( 'NONE',  ( -7.675000000000001599, 0.000000000000000000, 0.000000000000000000 ) ) ;
#1742 = EDGE_CURVE ( 'NONE', #3232, #2968, #2871, .T. ) ;
#1743 = EDGE_CURVE ( 'NONE', #3830, #1999, #2236, .T. ) ;
#1744 = CYLINDRICAL_SURFACE ( 'NONE', #2529, 4.000000000000000000 ) ;
#1745 = AXIS2_PLACEMENT_3D ( 'NONE', #2378, #882, #3311 ) ;
#1746 = EDGE_LOOP ( 'NONE', ( #3105, #1216, #948, #1749 ) ) ;
#1747 = ORIENTED_EDGE ( 'NONE', *, *, #1352, .F. ) ;
#1748 = EDGE_CURVE ( 'NONE', #3533, #1008, #1602, .T. ) ;
#1749 = ORIENTED_EDGE ( 'NONE', *, *, #3933, .F. ) ;
#1750 = CARTESIAN_POINT ( 'NONE',  ( 2.299999999999999822, -6.100000000000001421, -0.7012473179190117367 ) ) ;
#1751 = EDGE_LOOP ( 'NONE', ( #3909, #1156, #2300, #3273 ) ) ;
#1752 = ORIENTED_EDGE ( 'NONE', *, *, #564, .T. ) ;
#1753 = CARTESIAN_POINT ( 'NONE',  ( 23.67499999999999716, 0.000000000000000000, 0.000000000000000000 ) ) ;
#1754 = CARTESIAN_POINT ( 'NONE',  ( 26.19999999999998153, 33.19999999999998153, 2.000000000000001776 ) ) ;
#1755 = LINE ( 'NONE', #162, #2919 ) ;
#1756 = AXIS2_PLACEMENT_3D ( 'NONE', #3531, #1451, #1683 ) ;
#1757 = VECTOR ( 'NONE', #413, 1000.000000000000000 ) ;
#1758 = DIRECTION ( 'NONE',  ( 0.000000000000000000, 0.000000000000000000, 1.000000000000000000 ) ) ;
#1759 = AXIS2_PLACEMENT_3D ( 'NONE', #1104, #2956, #511 ) ;
#1760 = DIRECTION ( 'NONE',  ( -1.000000000000000000, 0.000000000000000000, 0.000000000000000000 ) ) ;
#1761 = DIRECTION ( 'NONE',  ( 0.000000000000000000, 0.000000000000000000, 1.000000000000000000 ) ) ;
#1762 = CARTESIAN_POINT ( 'NONE',  ( 19.40000000000000213, 6.100000000000001421, 2.000000000000000000 ) ) ;
#1763 = VERTEX_POINT ( 'NONE', #127 ) ;
#1764 = EDGE_LOOP ( 'NONE', ( #2030, #2679, #1940, #1345 ) ) ;
#1765 = ADVANCED_FACE ( 'NONE', ( #1603 ), #2850, .F. ) ;
#1766 = ORIENTED_EDGE ( 'NONE', *, *, #198, .F. ) ;
#1767 = DIRECTION ( 'NONE',  ( 1.000000000000000000, 0.000000000000000000, 0.000000000000000000 ) ) ;
#1768 = ORIENTED_EDGE ( 'NONE', *, *, #1842, .T. ) ;
#1769 = ADVANCED_FACE ( 'NONE', ( #756 ), #1304, .F. ) ;
#1770 = ORIENTED_EDGE ( 'NONE', *, *, #2326, .T. ) ;
#1771 = DIRECTION ( 'NONE',  ( 1.000000000000000000, 0.000000000000000000, 0.000000000000000000 ) ) ;
#1772 = ORIENTED_EDGE ( 'NONE', *, *, #1284, .T. ) ;
#1773 = CARTESIAN_POINT ( 'NONE',  ( 0.8750000000000007772, -6.100000000000001421, -0.7012473179190117367 ) ) ;
#1774 = DIRECTION ( 'NONE',  ( 1.000000000000000000, 0.000000000000000000, 0.000000000000000000 ) ) ;
#1775 = ADVANCED_FACE ( 'NONE', ( #713 ), #3763, .F. ) ;
#1776 = CARTESIAN_POINT ( 'NONE',  ( 12.27500000000000391, -6.100000000000001421, 0.000000000000000000 ) ) ;
#1777 = CARTESIAN_POINT ( 'NONE',  ( -20.50000000000000000, -28.10000000000000142, 0.000000000000000000 ) ) ;
#1778 = CARTESIAN_POINT ( 'NONE',  ( -16.22500000000000142, -28.10000000000000142, 0.000000000000000000 ) ) ;
#1779 = CARTESIAN_POINT ( 'NONE',  ( 0.8750000000000007772, 28.10000000000000142, 0.000000000000000000 ) ) ;
#1780 = AXIS2_PLACEMENT_3D ( 'NONE', #1805, #273, #2717 ) ;
#1781 = CIRCLE ( 'NONE', #558, 1.424999999999999156 ) ;
#1782 = AXIS2_PLACEMENT_3D ( 'NONE', #1948, #3439, #3156 ) ;
#1783 = AXIS2_PLACEMENT_3D ( 'NONE', #1851, #317, #28 ) ;
#1784 = CARTESIAN_POINT ( 'NONE',  ( 25.09999999999999787, -6.100000000000001421, 0.000000000000000000 ) ) ;
#1785 = EDGE_LOOP ( 'NONE', ( #2185, #3913, #1546, #2237 ) ) ;
#1786 = ORIENTED_EDGE ( 'NONE', *, *, #1453, .T. ) ;
#1787 = ORIENTED_EDGE ( 'NONE', *, *, #717, .T. ) ;
#1788 = DIRECTION ( 'NONE',  ( 0.000000000000000000, 0.000000000000000000, 1.000000000000000000 ) ) ;
#1789 = ORIENTED_EDGE ( 'NONE', *, *, #3804, .F. ) ;
#1790 = VECTOR ( 'NONE', #3740, 1000.000000000000000 ) ;
#1791 = ORIENTED_EDGE ( 'NONE', *, *, #1210, .F. ) ;
#1792 = ADVANCED_FACE ( 'NONE', ( #3161 ), #3781, .F. ) ;
#1793 = ADVANCED_FACE ( 'NONE', ( #404 ), #1362, .F. ) ;
#1794 = DIRECTION ( 'NONE',  ( -0.000000000000000000, -0.000000000000000000, 1.000000000000000000 ) ) ;
#1795 = ORIENTED_EDGE ( 'NONE', *, *, #1115, .F. ) ;
#1796 = FACE_BOUND ( 'NONE', #2323, .T. ) ;
#1797 = DIRECTION ( 'NONE',  ( 1.000000000000000000, 0.000000000000000000, 0.000000000000000000 ) ) ;
#1798 = DIRECTION ( 'NONE',  ( 9.714451465470119729E-17, -2.394758726656991011E-17, 1.000000000000000000 ) ) ;
#1799 = EDGE_CURVE ( 'NONE', #1569, #1246, #2211, .T. ) ;
#1800 = DIRECTION ( 'NONE',  ( 0.000000000000000000, 1.000000000000000000, -0.000000000000000000 ) ) ;
#1801 = DIRECTION ( 'NONE',  ( 1.000000000000000000, 0.000000000000000000, -1.084202172485503448E-16 ) ) ;
#1802 = DIRECTION ( 'NONE',  ( -0.000000000000000000, -0.000000000000000000, -1.000000000000000000 ) ) ;
#1803 = DIRECTION ( 'NONE',  ( 0.000000000000000000, 0.000000000000000000, 1.000000000000000000 ) ) ;
#1804 = ORIENTED_EDGE ( 'NONE', *, *, #1136, .F. ) ;
#1805 = CARTESIAN_POINT ( 'NONE',  ( -26.20000000000000284, 28.10000000000000142, 2.000000000000000000 ) ) ;
#1806 = ORIENTED_EDGE ( 'NONE', *, *, #986, .T. ) ;
#1807 = CARTESIAN_POINT ( 'NONE',  ( 26.52499999999999503, 28.10000000000000142, 2.000000000000000000 ) ) ;
#1808 = ORIENTED_EDGE ( 'NONE', *, *, #3244, .T. ) ;
#1809 = ORIENTED_EDGE ( 'NONE', *, *, #1982, .T. ) ;
#1810 = CARTESIAN_POINT ( 'NONE',  ( -26.19999999999999929, -26.19999999999999929, 0.000000000000000000 ) ) ;
#1811 = EDGE_LOOP ( 'NONE', ( #3587, #1296, #3897, #1646 ) ) ;
#1812 = CARTESIAN_POINT ( 'NONE',  ( -10.52500000000000036, 6.100000000000001421, 0.000000000000000000 ) ) ;
#1813 = DIRECTION ( 'NONE',  ( -0.000000000000000000, 0.000000000000000000, 1.000000000000000000 ) ) ;
#1814 = EDGE_CURVE ( 'NONE', #969, #1316, #733, .T. ) ;
#1815 = DIRECTION ( 'NONE',  ( -0.000000000000000000, -0.000000000000000000, 1.000000000000000000 ) ) ;
#1816 = CARTESIAN_POINT ( 'NONE',  ( -26.43284812093930114, 30.19321696788128762, -0.7012473179190029660 ) ) ;
#1817 = CARTESIAN_POINT ( 'NONE',  ( -1.975000000000000977, -28.10000000000000142, 2.000000000000000000 ) ) ;
#1818 = AXIS2_PLACEMENT_3D ( 'NONE', #264, #3114, #1589 ) ;
#1819 = EDGE_CURVE ( 'NONE', #3877, #3008, #3478, .T. ) ;
#1820 = AXIS2_PLACEMENT_3D ( 'NONE', #2559, #118, #2266 ) ;
#1821 = DIRECTION ( 'NONE',  ( -1.000000000000000000, 0.000000000000000000, 0.000000000000000000 ) ) ;
#1822 = VERTEX_POINT ( 'NONE', #1081 ) ;
#1823 = ORIENTED_EDGE ( 'NONE', *, *, #539, .T. ) ;
#1824 = CARTESIAN_POINT ( 'NONE',  ( 9.424999999999998934, -28.10000000000000142, 0.000000000000000000 ) ) ;
#1825 = ORIENTED_EDGE ( 'NONE', *, *, #2789, .T. ) ;
#1826 = ORIENTED_EDGE ( 'NONE', *, *, #3033, .T. ) ;
#1827 = CIRCLE ( 'NONE', #3403, 5.999999999999998224 ) ;
#1828 = AXIS2_PLACEMENT_3D ( 'NONE', #2312, #2848, #1320 ) ;
#1829 = ORIENTED_EDGE ( 'NONE', *, *, #2326, .F. ) ;
#1830 = DIRECTION ( 'NONE',  ( 1.000000000000000000, 0.000000000000000000, 0.000000000000000000 ) ) ;
#1831 = ORIENTED_EDGE ( 'NONE', *, *, #842, .F. ) ;
#1832 = DIRECTION ( 'NONE',  ( 0.000000000000000000, 1.000000000000000000, 0.000000000000000000 ) ) ;
#1833 = VECTOR ( 'NONE', #3605, 1000.000000000000000 ) ;
#1834 = CARTESIAN_POINT ( 'NONE',  ( 0.000000000000000000, -34.20000000000000284, -94.64761499650464316 ) ) ;
#1835 = LINE ( 'NONE', #3047, #2796 ) ;
#1836 = DIRECTION ( 'NONE',  ( -0.000000000000000000, 0.000000000000000000, 1.000000000000000000 ) ) ;
#1837 = FACE_OUTER_BOUND ( 'NONE', #1764, .T. ) ;
#1838 = EDGE_CURVE ( 'NONE', #3300, #3388, #3502, .T. ) ;
#1839 = DIRECTION ( 'NONE',  ( -1.000000000000000000, 0.000000000000000000, 0.000000000000000000 ) ) ;
#1840 = VERTEX_POINT ( 'NONE', #3718 ) ;
#1841 = EDGE_CURVE ( 'NONE', #850, #1428, #1933, .T. ) ;
#1842 = EDGE_CURVE ( 'NONE', #3788, #2282, #3420, .T. ) ;
#1843 = LINE ( 'NONE', #307, #3165 ) ;
#1844 = CIRCLE ( 'NONE', #110, 1.424999999999999156 ) ;
#1845 = DIRECTION ( 'NONE',  ( 1.000000000000000000, 1.387778780781444098E-14, 0.000000000000000000 ) ) ;
#1846 = ORIENTED_EDGE ( 'NONE', *, *, #266, .T. ) ;
#1847 = ADVANCED_FACE ( 'NONE', ( #997 ), #1917, .F. ) ;
#1848 = EDGE_LOOP ( 'NONE', ( #2197, #1806, #3354, #1545 ) ) ;
#1849 = VECTOR ( 'NONE', #1089, 1000.000000000000000 ) ;
#1850 = ORIENTED_EDGE ( 'NONE', *, *, #1838, .T. ) ;
#1851 = CARTESIAN_POINT ( 'NONE',  ( 32.20000000000000284, 0.000000000000000000, 2.000000000000000000 ) ) ;
#1852 = VERTEX_POINT ( 'NONE', #2830 ) ;
#1853 = PLANE ( 'NONE',  #1398 ) ;
#1854 = CARTESIAN_POINT ( 'NONE',  ( 26.20000000000000284, -26.19999999999999929, -0.7012473179189987471 ) ) ;
#1855 = CARTESIAN_POINT ( 'NONE',  ( 2.299999999999999822, 28.10000000000000142, 2.000000000000000000 ) ) ;
#1856 = LINE ( 'NONE', #2177, #172 ) ;
#1857 = DIRECTION ( 'NONE',  ( -0.000000000000000000, -0.000000000000000000, -1.000000000000000000 ) ) ;
#1858 = VERTEX_POINT ( 'NONE', #88 ) ;
#1859 = PRODUCT_RELATED_PRODUCT_CATEGORY ( 'part', '', ( #2845 ) ) ;
#1860 = ADVANCED_FACE ( 'NONE', ( #3140 ), #1638, .T. ) ;
#1861 = CARTESIAN_POINT ( 'NONE',  ( 9.126374291708310679E-15, -34.20000000000000284, -0.7012473179189987471 ) ) ;
#1862 = FACE_OUTER_BOUND ( 'NONE', #2703, .T. ) ;
#1863 = ORIENTED_EDGE ( 'NONE', *, *, #1455, .T. ) ;
#1864 = ORIENTED_EDGE ( 'NONE', *, *, #3642, .T. ) ;
#1865 = FACE_OUTER_BOUND ( 'NONE', #2465, .T. ) ;
#1866 = ADVANCED_FACE ( 'NONE', ( #208 ), #2693, .F. ) ;
#1867 = ORIENTED_EDGE ( 'NONE', *, *, #3751, .F. ) ;
#1868 = CARTESIAN_POINT ( 'NONE',  ( -16.22500000000000142, 6.100000000000001421, -0.7012473179190117367 ) ) ;
#1869 = VERTEX_POINT ( 'NONE', #819 ) ;
#1870 = CARTESIAN_POINT ( 'NONE',  ( -8.800000000000002487, -33.20000000000000284, -0.7012473179189995243 ) ) ;
#1871 = CARTESIAN_POINT ( 'NONE',  ( -7.675000000000001599, -28.10000000000000142, 2.000000000000000000 ) ) ;
#1872 = DIRECTION ( 'NONE',  ( -0.000000000000000000, -0.000000000000000000, 1.000000000000000000 ) ) ;
#1873 = DIRECTION ( 'NONE',  ( -1.000000000000000000, 0.000000000000000000, 9.714451465470119729E-17 ) ) ;
#1874 = ORIENTED_EDGE ( 'NONE', *, *, #3150, .F. ) ;
#1875 = CARTESIAN_POINT ( 'NONE',  ( 26.19999999999928875, -5.476468496854528521E-13, -0.7012473179189987471 ) ) ;
#1876 = AXIS2_PLACEMENT_3D ( 'NONE', #529, #3287, #1801 ) ;
#1877 = DIRECTION ( 'NONE',  ( 0.000000000000000000, 0.000000000000000000, 1.000000000000000000 ) ) ;
#1878 = EDGE_LOOP ( 'NONE', ( #3409, #2443, #95, #3747 ) ) ;
#1879 = ORIENTED_EDGE ( 'NONE', *, *, #140, .F. ) ;
#1880 = LINE ( 'NONE', #3672, #2327 ) ;
#1881 = EDGE_CURVE ( 'NONE', #910, #1418, #1165, .T. ) ;
#1882 = EDGE_LOOP ( 'NONE', ( #1607, #3593, #3044, #3240 ) ) ;
#1883 = LINE ( 'NONE', #2245, #2008 ) ;
#1884 = ORIENTED_EDGE ( 'NONE', *, *, #941, .F. ) ;
#1885 = CARTESIAN_POINT ( 'NONE',  ( -8.800000000000002487, 33.20000000000000284, 2.000000000000001776 ) ) ;
#1886 = VECTOR ( 'NONE', #3370, 1000.000000000000000 ) ;
#1887 = ADVANCED_FACE ( 'NONE', ( #2373 ), #878, .F. ) ;
#1888 = AXIS2_PLACEMENT_3D ( 'NONE', #3201, #858, #2292 ) ;
#1889 = CARTESIAN_POINT ( 'NONE',  ( -26.19999999999999929, -26.19999999999999929, -0.7012473179189987471 ) ) ;
#1890 = DIRECTION ( 'NONE',  ( 0.000000000000000000, -1.000000000000000000, 0.000000000000000000 ) ) ;
#1891 = CARTESIAN_POINT ( 'NONE',  ( 17.97500000000000142, 6.100000000000001421, 2.000000000000000000 ) ) ;
#1892 = AXIS2_PLACEMENT_3D ( 'NONE', #74, #1845, #3386 ) ;
#1893 = CARTESIAN_POINT ( 'NONE',  ( -27.62500000000000000, 28.10000000000000142, 0.000000000000000000 ) ) ;
#1894 = ORIENTED_EDGE ( 'NONE', *, *, #2643, .T. ) ;
#1895 = CARTESIAN_POINT ( 'NONE',  ( 23.67499999999999716, 28.10000000000000142, 0.000000000000000000 ) ) ;
#1896 = CIRCLE ( 'NONE', #2097, 1.000000000000000000 ) ;
#1897 = VECTOR ( 'NONE', #3681, 1000.000000000000000 ) ;
#1898 = DIRECTION ( 'NONE',  ( -1.000000000000000000, 0.000000000000000000, 9.714451465470119729E-17 ) ) ;
#1899 = VERTEX_POINT ( 'NONE', #2335 ) ;
#1900 = AXIS2_PLACEMENT_3D ( 'NONE', #3545, #823, #2042 ) ;
#1901 = ORIENTED_EDGE ( 'NONE', *, *, #2112, .T. ) ;
#1902 = FACE_OUTER_BOUND ( 'NONE', #2280, .T. ) ;
#1903 = CIRCLE ( 'NONE', #825, 1.424999999999999156 ) ;
#1904 = VECTOR ( 'NONE', #2269, 1000.000000000000000 ) ;
#1905 = AXIS2_PLACEMENT_3D ( 'NONE', #333, #2115, #3320 ) ;
#1906 = ORIENTED_EDGE ( 'NONE', *, *, #1573, .F. ) ;
#1907 = FACE_OUTER_BOUND ( 'NONE', #3449, .T. ) ;
#1908 = ORIENTED_EDGE ( 'NONE', *, *, #2181, .F. ) ;
#1909 = CARTESIAN_POINT ( 'NONE',  ( 3.724999999999999201, 0.000000000000000000, 0.000000000000000000 ) ) ;
#1910 = EDGE_CURVE ( 'NONE', #2857, #1126, #2038, .T. ) ;
#1911 = EDGE_CURVE ( 'NONE', #2347, #2558, #2113, .T. ) ;
#1912 = DIRECTION ( 'NONE',  ( 1.000000000000000000, 0.000000000000000000, 0.000000000000000000 ) ) ;
#1913 = CARTESIAN_POINT ( 'NONE',  ( 15.12500000000000355, -28.10000000000000142, 2.000000000000000000 ) ) ;
#1914 = DIRECTION ( 'NONE',  ( -0.000000000000000000, 0.000000000000000000, 1.000000000000000000 ) ) ;
#1915 = EDGE_CURVE ( 'NONE', #1852, #3168, #3625, .T. ) ;
#1916 = CIRCLE ( 'NONE', #3500, 1.424999999999999156 ) ;
#1917 = PLANE ( 'NONE',  #3957 ) ;
#1918 = ORIENTED_EDGE ( 'NONE', *, *, #2986, .F. ) ;
#1919 = DIRECTION ( 'NONE',  ( -0.000000000000000000, -0.000000000000000000, -1.000000000000000000 ) ) ;
#1920 = VECTOR ( 'NONE', #2533, 1000.000000000000000 ) ;
#1921 = CARTESIAN_POINT ( 'NONE',  ( 26.19999999999997442, -30.19999999999999929, 0.000000000000000000 ) ) ;
#1922 = EDGE_LOOP ( 'NONE', ( #394, #3141, #2985, #2363 ) ) ;
#1923 = ORIENTED_EDGE ( 'NONE', *, *, #3014, .F. ) ;
#1924 =( GEOMETRIC_REPRESENTATION_CONTEXT ( 3 ) GLOBAL_UNCERTAINTY_ASSIGNED_CONTEXT ( ( #2216 ) ) GLOBAL_UNIT_ASSIGNED_CONTEXT ( ( #2051, #2325, #476 ) ) REPRESENTATION_CONTEXT ( 'NONE', 'WORKASPACE' ) );
#1925 = EDGE_LOOP ( 'NONE', ( #4, #2775, #240, #3002 ) ) ;
#1926 = CARTESIAN_POINT ( 'NONE',  ( -4.824999999999999289, 6.100000000000001421, 0.000000000000000000 ) ) ;
#1927 = ORIENTED_EDGE ( 'NONE', *, *, #238, .F. ) ;
#1928 = DIRECTION ( 'NONE',  ( 1.000000000000000000, 0.000000000000000000, 0.000000000000000000 ) ) ;
#1929 = DIRECTION ( 'NONE',  ( -0.000000000000000000, 0.000000000000000000, 1.000000000000000000 ) ) ;
#1930 = FACE_OUTER_BOUND ( 'NONE', #3297, .T. ) ;
#1931 = CARTESIAN_POINT ( 'NONE',  ( -27.62500000000000000, 28.10000000000000142, -0.7012473179190117367 ) ) ;
#1932 = EDGE_CURVE ( 'NONE', #1626, #2308, #3251, .T. ) ;
#1933 = LINE ( 'NONE', #2813, #62 ) ;
#1934 = EDGE_LOOP ( 'NONE', ( #1109, #1093, #1011, #41 ) ) ;
#1935 = LINE ( 'NONE', #3802, #2077 ) ;
#1936 = EDGE_CURVE ( 'NONE', #3022, #3293, #3631, .T. ) ;
#1937 = CARTESIAN_POINT ( 'NONE',  ( -13.37500000000000178, 6.100000000000001421, 0.000000000000000000 ) ) ;
#1938 = ORIENTED_EDGE ( 'NONE', *, *, #3244, .F. ) ;
#1939 = CIRCLE ( 'NONE', #656, 1.424999999999999156 ) ;
#1940 = ORIENTED_EDGE ( 'NONE', *, *, #3833, .F. ) ;
#1941 = VECTOR ( 'NONE', #1271, 1000.000000000000000 ) ;
#1942 = AXIS2_PLACEMENT_3D ( 'NONE', #191, #2653, #486 ) ;
#1943 = ORIENTED_EDGE ( 'NONE', *, *, #270, .F. ) ;
#1944 = CARTESIAN_POINT ( 'NONE',  ( -10.52500000000000036, 0.000000000000000000, 0.000000000000000000 ) ) ;
#1945 = VERTEX_POINT ( 'NONE', #228 ) ;
#1946 = FACE_OUTER_BOUND ( 'NONE', #3039, .T. ) ;
#1947 = CARTESIAN_POINT ( 'NONE',  ( -13.37500000000000178, 28.10000000000000142, -0.7012473179190117367 ) ) ;
#1948 = CARTESIAN_POINT ( 'NONE',  ( 8.000000000000000000, 28.10000000000000142, -0.7012473179190117367 ) ) ;
#1949 = DIRECTION ( 'NONE',  ( 0.000000000000000000, 0.000000000000000000, 1.000000000000000000 ) ) ;
#1950 = CYLINDRICAL_SURFACE ( 'NONE', #3348, 4.000000000000000000 ) ;
#1951 = EDGE_CURVE ( 'NONE', #1668, #1840, #2807, .T. ) ;
#1952 = DIRECTION ( 'NONE',  ( -0.000000000000000000, 0.000000000000000000, 1.000000000000000000 ) ) ;
#1953 = ORIENTED_EDGE ( 'NONE', *, *, #2816, .T. ) ;
#1954 = CARTESIAN_POINT ( 'NONE',  ( 27.19999999999998153, 33.12820323027550984, -0.7012473179190048533 ) ) ;
#1955 = ADVANCED_FACE ( 'NONE', ( #1738 ), #3286, .F. ) ;
#1956 = EDGE_CURVE ( 'NONE', #896, #3479, #2929, .T. ) ;
#1957 = CARTESIAN_POINT ( 'NONE',  ( -7.800000000000002487, -34.20000000000000284, -94.64761499650464316 ) ) ;
#1958 = VERTEX_POINT ( 'NONE', #190 ) ;
#1959 = ORIENTED_EDGE ( 'NONE', *, *, #1163, .F. ) ;
#1960 = EDGE_CURVE ( 'NONE', #1858, #1763, #1916, .T. ) ;
#1961 = ORIENTED_EDGE ( 'NONE', *, *, #433, .F. ) ;
#1962 = DIRECTION ( 'NONE',  ( 0.000000000000000000, 1.000000000000000000, 0.000000000000000000 ) ) ;
#1963 = VECTOR ( 'NONE', #2440, 1000.000000000000000 ) ;
#1964 = ORIENTED_EDGE ( 'NONE', *, *, #389, .F. ) ;
#1965 = LINE ( 'NONE', #2229, #3881 ) ;
#1966 = CIRCLE ( 'NONE', #1653, 1.000000000000000888 ) ;
#1967 = CARTESIAN_POINT ( 'NONE',  ( -1.975000000000000977, -6.100000000000001421, -0.7012473179190117367 ) ) ;
#1968 = AXIS2_PLACEMENT_3D ( 'NONE', #708, #2846, #2526 ) ;
#1969 = AXIS2_PLACEMENT_3D ( 'NONE', #457, #2627, #1457 ) ;
#1970 = CARTESIAN_POINT ( 'NONE',  ( 0.000000000000000000, 34.20000000000000284, -94.64761499650464316 ) ) ;
#1971 = DIRECTION ( 'NONE',  ( -0.000000000000000000, -0.000000000000000000, 1.000000000000000000 ) ) ;
#1972 = LINE ( 'NONE', #1580, #1322 ) ;
#1973 = CARTESIAN_POINT ( 'NONE',  ( 26.52499999999999503, 28.10000000000000142, 2.000000000000000000 ) ) ;
#1974 = ORIENTED_EDGE ( 'NONE', *, *, #3056, .F. ) ;
#1975 = DIRECTION ( 'NONE',  ( -1.732762731588011790E-15, -1.000000000000000000, 0.000000000000000000 ) ) ;
#1976 = LINE ( 'NONE', #2890, #2730 ) ;
#1977 = CARTESIAN_POINT ( 'NONE',  ( -4.824999999999999289, 28.10000000000000142, -0.7012473179190117367 ) ) ;
#1978 = FACE_OUTER_BOUND ( 'NONE', #2201, .T. ) ;
#1979 = ORIENTED_EDGE ( 'NONE', *, *, #3033, .F. ) ;
#1980 = VERTEX_POINT ( 'NONE', #1181 ) ;
#1981 = ADVANCED_FACE ( 'NONE', ( #2675 ), #1123, .F. ) ;
#1982 = EDGE_CURVE ( 'NONE', #2129, #1476, #2313, .T. ) ;
#1983 = ORIENTED_EDGE ( 'NONE', *, *, #3216, .T. ) ;
#1984 = LINE ( 'NONE', #135, #1053 ) ;
#1985 = ORIENTED_EDGE ( 'NONE', *, *, #3069, .F. ) ;
#1986 = FACE_BOUND ( 'NONE', #618, .T. ) ;
#1987 = EDGE_CURVE ( 'NONE', #3894, #3129, #2393, .T. ) ;
#1988 = EDGE_LOOP ( 'NONE', ( #1329, #2657, #1961, #602 ) ) ;
#1989 = DIRECTION ( 'NONE',  ( -0.000000000000000000, -0.000000000000000000, 1.000000000000000000 ) ) ;
#1990 = LINE ( 'NONE', #3122, #1013 ) ;
#1991 = DIRECTION ( 'NONE',  ( -0.000000000000000000, 0.000000000000000000, 1.000000000000000000 ) ) ;
#1992 = DIRECTION ( 'NONE',  ( -0.9999998890478885016, -0.0004710670979180472950, 0.000000000000000000 ) ) ;
#1993 = CARTESIAN_POINT ( 'NONE',  ( 15.12500000000000355, 28.10000000000000142, -0.7012473179190117367 ) ) ;
#1994 = ORIENTED_EDGE ( 'NONE', *, *, #1163, .T. ) ;
#1995 = CARTESIAN_POINT ( 'NONE',  ( 12.27500000000000391, -28.10000000000000142, -0.7012473179190117367 ) ) ;
#1996 = CARTESIAN_POINT ( 'NONE',  ( 12.27500000000000391, -6.100000000000001421, -0.7012473179190117367 ) ) ;
#1997 = DIRECTION ( 'NONE',  ( -0.000000000000000000, -0.000000000000000000, 1.000000000000000000 ) ) ;
#1998 = LINE ( 'NONE', #3207, #1002 ) ;
#1999 = VERTEX_POINT ( 'NONE', #2015 ) ;
#2000 = ORIENTED_EDGE ( 'NONE', *, *, #3684, .T. ) ;
#2001 = CARTESIAN_POINT ( 'NONE',  ( 25.19999999999998508, -34.20000000000000284, -0.7012473179190011896 ) ) ;
#2002 = CARTESIAN_POINT ( 'NONE',  ( -12.03355894091131972, 31.19999999999999574, -0.7012473179189979700 ) ) ;
#2003 = ORIENTED_EDGE ( 'NONE', *, *, #3907, .T. ) ;
#2004 = EDGE_CURVE ( 'NONE', #2242, #3830, #3945, .T. ) ;
#2005 = PLANE ( 'NONE',  #597 ) ;
#2006 = ORIENTED_EDGE ( 'NONE', *, *, #2063, .T. ) ;
#2007 = FACE_BOUND ( 'NONE', #2517, .T. ) ;
#2008 = VECTOR ( 'NONE', #1050, 1000.000000000000000 ) ;
#2009 = ORIENTED_EDGE ( 'NONE', *, *, #1642, .T. ) ;
#2010 = EDGE_CURVE ( 'NONE', #396, #2110, #3306, .T. ) ;
#2011 = CARTESIAN_POINT ( 'NONE',  ( 0.8750000000000007772, -28.10000000000000142, 2.000000000000000000 ) ) ;
#2012 = LINE ( 'NONE', #225, #2920 ) ;
#2013 = CARTESIAN_POINT ( 'NONE',  ( -13.37500000000000178, -28.10000000000000142, -0.7012473179190117367 ) ) ;
#2014 = CARTESIAN_POINT ( 'NONE',  ( 12.27500000000000391, 28.10000000000000142, 2.000000000000000000 ) ) ;
#2015 = CARTESIAN_POINT ( 'NONE',  ( 6.575000000000001066, -28.10000000000000142, 2.000000000000000000 ) ) ;
#2016 = DIRECTION ( 'NONE',  ( 0.000000000000000000, 0.000000000000000000, 1.000000000000000000 ) ) ;
#2017 = AXIS2_PLACEMENT_3D ( 'NONE', #168, #3288, #3523 ) ;
#2018 = VECTOR ( 'NONE', #2507, 1000.000000000000000 ) ;
#2019 = CARTESIAN_POINT ( 'NONE',  ( -7.675000000000001599, -6.100000000000001421, 0.000000000000000000 ) ) ;
#2020 = CARTESIAN_POINT ( 'NONE',  ( -8.800000000000002487, -34.20000000000000284, 2.000000000000001776 ) ) ;
#2021 = CARTESIAN_POINT ( 'NONE',  ( 26.20000000000000284, -26.19999999999999929, -94.64761499650464316 ) ) ;
#2022 = EDGE_LOOP ( 'NONE', ( #2459, #1456, #898, #3917 ) ) ;
#2023 = ORIENTED_EDGE ( 'NONE', *, *, #3610, .F. ) ;
#2024 = CIRCLE ( 'NONE', #630, 6.000000000000001776 ) ;
#2025 = AXIS2_PLACEMENT_3D ( 'NONE', #494, #3290, #577 ) ;
#2026 = ORIENTED_EDGE ( 'NONE', *, *, #2493, .F. ) ;
#2027 = DIRECTION ( 'NONE',  ( -0.000000000000000000, -0.000000000000000000, 1.000000000000000000 ) ) ;
#2028 = ORIENTED_EDGE ( 'NONE', *, *, #1092, .F. ) ;
#2029 = PRODUCT_CONTEXT ( 'NONE', #3292, 'mechanical' ) ;
#2030 = ORIENTED_EDGE ( 'NONE', *, *, #2986, .T. ) ;
#2031 = VECTOR ( 'NONE', #2753, 1000.000000000000000 ) ;
#2032 = CARTESIAN_POINT ( 'NONE',  ( -1.975000000000000977, 0.000000000000000000, 0.000000000000000000 ) ) ;
#2033 = DIRECTION ( 'NONE',  ( -0.000000000000000000, -0.000000000000000000, 1.000000000000000000 ) ) ;
#2034 = DIRECTION ( 'NONE',  ( -0.000000000000000000, -0.000000000000000000, 1.000000000000000000 ) ) ;
#2035 = EDGE_CURVE ( 'NONE', #1682, #2129, #3360, .T. ) ;
#2036 = EDGE_CURVE ( 'NONE', #2463, #1588, #686, .T. ) ;
#2037 = CARTESIAN_POINT ( 'NONE',  ( -26.20000000000000284, 6.100000000000001421, 2.000000000000000000 ) ) ;
#2038 = LINE ( 'NONE', #2356, #2603 ) ;
#2039 = CARTESIAN_POINT ( 'NONE',  ( -21.92500000000000071, -28.10000000000000142, 2.000000000000000000 ) ) ;
#2040 = CARTESIAN_POINT ( 'NONE',  ( 2.299999999999999822, -6.100000000000001421, 2.000000000000000000 ) ) ;
#2041 = EDGE_CURVE ( 'NONE', #1702, #1532, #2927, .T. ) ;
#2042 = DIRECTION ( 'NONE',  ( 1.000000000000000000, 0.000000000000000000, 0.000000000000000000 ) ) ;
#2043 = VECTOR ( 'NONE', #3167, 1000.000000000000000 ) ;
#2044 = DIRECTION ( 'NONE',  ( 1.000000000000000000, -0.000000000000000000, 0.000000000000000000 ) ) ;
#2045 = DIRECTION ( 'NONE',  ( -1.000000000000000000, 0.000000000000000000, 0.000000000000000000 ) ) ;
#2046 = ORIENTED_EDGE ( 'NONE', *, *, #1529, .T. ) ;
#2047 = VERTEX_POINT ( 'NONE', #1578 ) ;
#2048 = VERTEX_POINT ( 'NONE', #3643 ) ;
#2049 = CARTESIAN_POINT ( 'NONE',  ( 26.52499999999999503, 6.100000000000001421, -0.7012473179190117367 ) ) ;
#2050 = VERTEX_POINT ( 'NONE', #607 ) ;
#2051 =( LENGTH_UNIT ( ) NAMED_UNIT ( * ) SI_UNIT ( .MILLI., .METRE. ) );
#2052 = AXIS2_PLACEMENT_3D ( 'NONE', #2391, #1813, #3028 ) ;
#2053 = ORIENTED_EDGE ( 'NONE', *, *, #73, .T. ) ;
#2054 = LINE ( 'NONE', #504, #179 ) ;
#2055 = CARTESIAN_POINT ( 'NONE',  ( -11.03355894091131795, 32.20000000000000284, -0.7012473179189976369 ) ) ;
#2056 = FACE_OUTER_BOUND ( 'NONE', #845, .T. ) ;
#2057 = LINE ( 'NONE', #3540, #753 ) ;
#2058 = CARTESIAN_POINT ( 'NONE',  ( 8.000000000000000000, -6.100000000000001421, 2.000000000000000000 ) ) ;
#2059 = DIRECTION ( 'NONE',  ( 0.000000000000000000, -0.000000000000000000, 1.000000000000000000 ) ) ;
#2060 = EDGE_CURVE ( 'NONE', #3815, #1476, #2139, .T. ) ;
#2061 = DIRECTION ( 'NONE',  ( -0.000000000000000000, -0.000000000000000000, -1.000000000000000000 ) ) ;
#2062 = ORIENTED_EDGE ( 'NONE', *, *, #2883, .T. ) ;
#2063 = EDGE_CURVE ( 'NONE', #633, #2384, #1835, .T. ) ;
#2064 = ORIENTED_EDGE ( 'NONE', *, *, #1036, .F. ) ;
#2065 = VERTEX_POINT ( 'NONE', #3698 ) ;
#2066 = EDGE_CURVE ( 'NONE', #523, #378, #1560, .T. ) ;
#2067 = CARTESIAN_POINT ( 'NONE',  ( 9.424999999999998934, 6.100000000000001421, 0.000000000000000000 ) ) ;
#2068 = ORIENTED_EDGE ( 'NONE', *, *, #3142, .F. ) ;
#2069 = APPLICATION_PROTOCOL_DEFINITION ( 'draft international standard', 'automotive_design', 1998, #2477 ) ;
#2070 = ORIENTED_EDGE ( 'NONE', *, *, #2178, .F. ) ;
#2071 = CYLINDRICAL_SURFACE ( 'NONE', #2736, 5.999999999999998224 ) ;
#2072 = EDGE_LOOP ( 'NONE', ( #698, #470, #1258, #3189 ) ) ;
#2073 = LINE ( 'NONE', #2350, #355 ) ;
#2074 = DIRECTION ( 'NONE',  ( -1.000000000000000000, 0.000000000000000000, 0.000000000000000000 ) ) ;
#2075 = AXIS2_PLACEMENT_3D ( 'NONE', #2364, #2897, #808 ) ;
#2076 = CARTESIAN_POINT ( 'NONE',  ( 3.724999999999999201, -28.10000000000000142, 2.000000000000000000 ) ) ;
#2077 = VECTOR ( 'NONE', #3422, 1000.000000000000000 ) ;
#2078 = DIRECTION ( 'NONE',  ( 1.000000000000000000, 0.000000000000000000, 0.000000000000000000 ) ) ;
#2079 = CARTESIAN_POINT ( 'NONE',  ( 9.126374291708310679E-15, 34.20000000000000284, -0.7012473179189987471 ) ) ;
#2080 = CYLINDRICAL_SURFACE ( 'NONE', #1194, 1.424999999999999156 ) ;
#2081 = DIRECTION ( 'NONE',  ( 1.000000000000000000, 0.000000000000000000, 0.000000000000000000 ) ) ;
#2082 = ORIENTED_EDGE ( 'NONE', *, *, #1742, .F. ) ;
#2083 = FACE_OUTER_BOUND ( 'NONE', #640, .T. ) ;
#2084 = EDGE_CURVE ( 'NONE', #2782, #2749, #1226, .T. ) ;
#2085 = EDGE_CURVE ( 'NONE', #18, #396, #301, .T. ) ;
#2086 = VERTEX_POINT ( 'NONE', #901 ) ;
#2087 = DIRECTION ( 'NONE',  ( -0.000000000000000000, -0.000000000000000000, 1.000000000000000000 ) ) ;
#2088 = EDGE_LOOP ( 'NONE', ( #376, #1072, #1927, #97 ) ) ;
#2089 = AXIS2_PLACEMENT_3D ( 'NONE', #1947, #2562, #1337 ) ;
#2090 = EDGE_CURVE ( 'NONE', #925, #3300, #2287, .T. ) ;
#2091 = ORIENTED_EDGE ( 'NONE', *, *, #538, .T. ) ;
#2092 = CARTESIAN_POINT ( 'NONE',  ( -30.19999999999999929, -26.19999999999997087, -0.7012473179190029660 ) ) ;
#2093 = VERTEX_POINT ( 'NONE', #3015 ) ;
#2094 = CARTESIAN_POINT ( 'NONE',  ( 19.40000000000000213, -6.100000000000001421, -0.7012473179190117367 ) ) ;
#2095 = CARTESIAN_POINT ( 'NONE',  ( 17.97500000000000142, 28.10000000000000142, 2.000000000000000000 ) ) ;
#2096 = CYLINDRICAL_SURFACE ( 'NONE', #3412, 1.424999999999999156 ) ;
#2097 = AXIS2_PLACEMENT_3D ( 'NONE', #441, #226, #816 ) ;
#2098 = CIRCLE ( 'NONE', #951, 1.424999999999999156 ) ;
#2099 = CARTESIAN_POINT ( 'NONE',  ( 8.000000000000000000, 28.10000000000000142, 2.000000000000000000 ) ) ;
#2100 = DIRECTION ( 'NONE',  ( -0.000000000000000000, -0.000000000000000000, -1.000000000000000000 ) ) ;
#2101 = PLANE ( 'NONE',  #2596 ) ;
#2102 = VECTOR ( 'NONE', #3579, 1000.000000000000000 ) ;
#2103 = VECTOR ( 'NONE', #3121, 1000.000000000000000 ) ;
#2104 = LINE ( 'NONE', #802, #3160 ) ;
#2105 = EDGE_LOOP ( 'NONE', ( #3334, #3332, #166, #1432 ) ) ;
#2106 = AXIS2_PLACEMENT_3D ( 'NONE', #3799, #1379, #1323 ) ;
#2107 = VERTEX_POINT ( 'NONE', #3308 ) ;
#2108 = ORIENTED_EDGE ( 'NONE', *, *, #1601, .T. ) ;
#2109 = CARTESIAN_POINT ( 'NONE',  ( 15.12500000000000355, 28.10000000000000142, -0.7012473179190117367 ) ) ;
#2110 = VERTEX_POINT ( 'NONE', #1871 ) ;
#2111 = EDGE_CURVE ( 'NONE', #2989, #2619, #1539, .T. ) ;
#2112 = EDGE_CURVE ( 'NONE', #1316, #3037, #2769, .T. ) ;
#2113 = CIRCLE ( 'NONE', #2613, 4.000000000000000000 ) ;
#2114 = ORIENTED_EDGE ( 'NONE', *, *, #3368, .F. ) ;
#2115 = DIRECTION ( 'NONE',  ( 0.000000000000000000, 0.000000000000000000, 1.000000000000000000 ) ) ;
#2116 = ORIENTED_EDGE ( 'NONE', *, *, #2650, .T. ) ;
#2117 = FACE_BOUND ( 'NONE', #416, .T. ) ;
#2118 = EDGE_CURVE ( 'NONE', #3329, #896, #13, .T. ) ;
#2119 = CIRCLE ( 'NONE', #2052, 1.424999999999999156 ) ;
#2120 = DIRECTION ( 'NONE',  ( 1.000000000000000000, 0.000000000000000000, 0.000000000000000000 ) ) ;
#2121 = DIRECTION ( 'NONE',  ( 9.714451465470119729E-17, -2.394758726656991011E-17, 1.000000000000000000 ) ) ;
#2122 = LINE ( 'NONE', #1243, #295 ) ;
#2123 = LINE ( 'NONE', #1817, #3617 ) ;
#2124 = DIRECTION ( 'NONE',  ( -0.000000000000000000, -0.000000000000000000, 1.000000000000000000 ) ) ;
#2125 = ORIENTED_EDGE ( 'NONE', *, *, #2066, .F. ) ;
#2126 = ORIENTED_EDGE ( 'NONE', *, *, #3588, .T. ) ;
#2127 = AXIS2_PLACEMENT_3D ( 'NONE', #3365, #2774, #1821 ) ;
#2128 = CARTESIAN_POINT ( 'NONE',  ( -10.52500000000000036, 28.10000000000000142, -0.7012473179190117367 ) ) ;
#2129 = VERTEX_POINT ( 'NONE', #957 ) ;
#2130 = DIRECTION ( 'NONE',  ( 1.000000000000000000, 0.000000000000000000, -1.084202172485503448E-16 ) ) ;
#2131 = ORIENTED_EDGE ( 'NONE', *, *, #634, .T. ) ;
#2132 = EDGE_CURVE ( 'NONE', #2267, #850, #3623, .T. ) ;
#2133 = ORIENTED_EDGE ( 'NONE', *, *, #2132, .F. ) ;
#2134 = CARTESIAN_POINT ( 'NONE',  ( 25.09999999999999787, -28.10000000000000142, -0.7012473179190117367 ) ) ;
#2135 = ORIENTED_EDGE ( 'NONE', *, *, #2691, .F. ) ;
#2136 = CARTESIAN_POINT ( 'NONE',  ( -19.07500000000000284, 6.100000000000001421, -0.7012473179190117367 ) ) ;
#2137 = ADVANCED_FACE ( 'NONE', ( #3080 ), #267, .F. ) ;
#2138 = ADVANCED_FACE ( 'NONE', ( #2487 ), #1500, .F. ) ;
#2139 = LINE ( 'NONE', #3379, #3169 ) ;
#2140 = LINE ( 'NONE', #1579, #3739 ) ;
#2141 = DIRECTION ( 'NONE',  ( 1.000000000000000000, 0.000000000000000000, 0.000000000000000000 ) ) ;
#2142 = AXIS2_PLACEMENT_3D ( 'NONE', #970, #2802, #23 ) ;
#2143 = VECTOR ( 'NONE', #541, 1000.000000000000000 ) ;
#2144 = CARTESIAN_POINT ( 'NONE',  ( -27.62500000000000000, 6.100000000000001421, 0.000000000000000000 ) ) ;
#2145 = VERTEX_POINT ( 'NONE', #2731 ) ;
#2146 = ORIENTED_EDGE ( 'NONE', *, *, #2377, .T. ) ;
#2147 = LINE ( 'NONE', #3689, #1220 ) ;
#2148 = ORIENTED_EDGE ( 'NONE', *, *, #862, .T. ) ;
#2149 = ORIENTED_EDGE ( 'NONE', *, *, #1675, .F. ) ;
#2150 = AXIS2_PLACEMENT_3D ( 'NONE', #402, #1020, #3417 ) ;
#2151 = ORIENTED_EDGE ( 'NONE', *, *, #3839, .T. ) ;
#2152 = DIRECTION ( 'NONE',  ( 0.000000000000000000, -1.000000000000000000, 0.000000000000000000 ) ) ;
#2153 = ORIENTED_EDGE ( 'NONE', *, *, #2446, .F. ) ;
#2154 = DIRECTION ( 'NONE',  ( -0.000000000000000000, -0.000000000000000000, 1.000000000000000000 ) ) ;
#2155 = CIRCLE ( 'NONE', #2025, 1.424999999999999156 ) ;
#2156 = LINE ( 'NONE', #67, #2475 ) ;
#2157 = CARTESIAN_POINT ( 'NONE',  ( -30.19999999999999929, 26.19999999999997087, -0.7012473179190029660 ) ) ;
#2158 = FACE_OUTER_BOUND ( 'NONE', #2862, .T. ) ;
#2159 = EDGE_CURVE ( 'NONE', #595, #2362, #2156, .T. ) ;
#2160 = ADVANCED_FACE ( 'NONE', ( #1615 ), #103, .F. ) ;
#2161 = DIRECTION ( 'NONE',  ( -0.000000000000000000, -0.000000000000000000, 1.000000000000000000 ) ) ;
#2162 = EDGE_LOOP ( 'NONE', ( #2822, #3693, #1557, #2023 ) ) ;
#2163 = EDGE_CURVE ( 'NONE', #990, #616, #2207, .T. ) ;
#2164 = AXIS2_PLACEMENT_3D ( 'NONE', #3714, #2565, #439 ) ;
#2165 = VECTOR ( 'NONE', #3024, 1000.000000000000000 ) ;
#2166 = CARTESIAN_POINT ( 'NONE',  ( -27.62500000000000000, -6.100000000000001421, 2.000000000000000000 ) ) ;
#2167 = DIRECTION ( 'NONE',  ( 0.000000000000000000, -1.000000000000000000, 0.000000000000000000 ) ) ;
#2168 = ORIENTED_EDGE ( 'NONE', *, *, #2041, .T. ) ;
#2169 = VERTEX_POINT ( 'NONE', #1038 ) ;
#2170 = CARTESIAN_POINT ( 'NONE',  ( 2.299999999999999822, 6.100000000000001421, 0.000000000000000000 ) ) ;
#2171 = ORIENTED_EDGE ( 'NONE', *, *, #3319, .T. ) ;
#2172 = CARTESIAN_POINT ( 'NONE',  ( -26.43284812093930114, 30.19321696788128762, 0.000000000000000000 ) ) ;
#2173 = EDGE_LOOP ( 'NONE', ( #3879, #2881, #967, #2151 ) ) ;
#2174 = DIRECTION ( 'NONE',  ( 1.000000000000000000, 0.000000000000000000, 0.000000000000000000 ) ) ;
#2175 = DIRECTION ( 'NONE',  ( -0.000000000000000000, 0.000000000000000000, 1.000000000000000000 ) ) ;
#2176 = CARTESIAN_POINT ( 'NONE',  ( -12.03355894091131795, 30.19999999999999929, -94.64761499650464316 ) ) ;
#2177 = CARTESIAN_POINT ( 'NONE',  ( -32.20000000000000284, -26.19999999999997087, 2.000000000000000000 ) ) ;
#2178 = EDGE_CURVE ( 'NONE', #3429, #910, #1018, .T. ) ;
#2179 = CARTESIAN_POINT ( 'NONE',  ( 9.126374291708310679E-15, 32.20000000000000284, -0.7012473179189987471 ) ) ;
#2180 = ORIENTED_EDGE ( 'NONE', *, *, #383, .F. ) ;
#2181 = EDGE_CURVE ( 'NONE', #3022, #2169, #1055, .T. ) ;
#2182 = EDGE_LOOP ( 'NONE', ( #75, #1363, #3790, #469 ) ) ;
#2183 = ORIENTED_EDGE ( 'NONE', *, *, #3414, .F. ) ;
#2184 = CARTESIAN_POINT ( 'NONE',  ( -16.22500000000000142, -28.10000000000000142, 2.000000000000000000 ) ) ;
#2185 = ORIENTED_EDGE ( 'NONE', *, *, #3685, .T. ) ;
#2186 = CARTESIAN_POINT ( 'NONE',  ( 23.67499999999999716, 6.100000000000001421, 2.000000000000000000 ) ) ;
#2187 = ORIENTED_EDGE ( 'NONE', *, *, #1554, .T. ) ;
#2188 = PLANE ( 'NONE',  #1211 ) ;
#2189 = CARTESIAN_POINT ( 'NONE',  ( 25.19999999999997797, 33.20000000000000284, 2.000000000000001776 ) ) ;
#2190 = CARTESIAN_POINT ( 'NONE',  ( -32.20000000000000284, -26.19999999999997087, -0.7012473179189994132 ) ) ;
#2191 = CARTESIAN_POINT ( 'NONE',  ( -11.03355894091131795, 31.19999999999999929, 2.000000000000000000 ) ) ;
#2192 = ORIENTED_EDGE ( 'NONE', *, *, #366, .F. ) ;
#2193 = LINE ( 'NONE', #1605, #331 ) ;
#2194 = AXIS2_PLACEMENT_3D ( 'NONE', #252, #2016, #1143 ) ;
#2195 = DIRECTION ( 'NONE',  ( 0.000000000000000000, 1.000000000000000000, 0.000000000000000000 ) ) ;
#2196 = ORIENTED_EDGE ( 'NONE', *, *, #3459, .F. ) ;
#2197 = ORIENTED_EDGE ( 'NONE', *, *, #1407, .F. ) ;
#2198 = CARTESIAN_POINT ( 'NONE',  ( -4.824999999999999289, 6.100000000000001421, -0.7012473179190117367 ) ) ;
#2199 = EDGE_CURVE ( 'NONE', #3597, #595, #2416, .T. ) ;
#2200 = ADVANCED_FACE ( 'NONE', ( #380 ), #2884, .F. ) ;
#2201 = EDGE_LOOP ( 'NONE', ( #1727, #21, #3943, #2805 ) ) ;
#2202 = CARTESIAN_POINT ( 'NONE',  ( -14.80000000000000071, -6.100000000000001421, -0.7012473179190117367 ) ) ;
#2203 = ORIENTED_EDGE ( 'NONE', *, *, #2333, .T. ) ;
#2204 = CARTESIAN_POINT ( 'NONE',  ( -10.52500000000000036, -28.10000000000000142, -0.7012473179190117367 ) ) ;
#2205 = CIRCLE ( 'NONE', #2017, 1.424999999999999156 ) ;
#2206 = EDGE_CURVE ( 'NONE', #1189, #203, #2808, .T. ) ;
#2207 = LINE ( 'NONE', #2868, #2103 ) ;
#2208 = CARTESIAN_POINT ( 'NONE',  ( 3.724999999999999201, -28.10000000000000142, 0.000000000000000000 ) ) ;
#2209 = DIRECTION ( 'NONE',  ( 1.000000000000000000, 0.000000000000000000, 0.000000000000000000 ) ) ;
#2210 = VECTOR ( 'NONE', #3694, 1000.000000000000000 ) ;
#2211 = LINE ( 'NONE', #2255, #1790 ) ;
#2212 = ORIENTED_EDGE ( 'NONE', *, *, #222, .T. ) ;
#2213 = DIRECTION ( 'NONE',  ( 0.000000000000000000, 0.000000000000000000, 1.000000000000000000 ) ) ;
#2214 = CIRCLE ( 'NONE', #1584, 1.424999999999999156 ) ;
#2215 = VECTOR ( 'NONE', #2670, 1000.000000000000000 ) ;
#2216 = UNCERTAINTY_MEASURE_WITH_UNIT (LENGTH_MEASURE( 1.000000000000000082E-05 ), #2051, 'distance_accuracy_value', 'NONE');
#2217 = DIRECTION ( 'NONE',  ( 1.000000000000000000, 0.000000000000000000, 0.000000000000000000 ) ) ;
#2218 = ORIENTED_EDGE ( 'NONE', *, *, #1548, .F. ) ;
#2219 = AXIS2_PLACEMENT_3D ( 'NONE', #3185, #3481, #3506 ) ;
#2220 = ORIENTED_EDGE ( 'NONE', *, *, #3839, .F. ) ;
#2221 = LINE ( 'NONE', #3430, #596 ) ;
#2222 = VECTOR ( 'NONE', #2825, 1000.000000000000000 ) ;
#2223 = VECTOR ( 'NONE', #627, 1000.000000000000000 ) ;
#2224 = VECTOR ( 'NONE', #2902, 1000.000000000000000 ) ;
#2225 = EDGE_LOOP ( 'NONE', ( #1550, #2624, #154, #1604, #1829 ) ) ;
#2226 = EDGE_CURVE ( 'NONE', #896, #2379, #3396, .T. ) ;
#2227 = CARTESIAN_POINT ( 'NONE',  ( -16.22500000000000142, -6.100000000000001421, -0.7012473179190117367 ) ) ;
#2228 = ORIENTED_EDGE ( 'NONE', *, *, #1648, .T. ) ;
#2229 = CARTESIAN_POINT ( 'NONE',  ( -26.19999999999997087, -30.19999999999999929, -94.64761499650464316 ) ) ;
#2230 = CIRCLE ( 'NONE', #304, 1.424999999999999156 ) ;
#2231 = ADVANCED_FACE ( 'NONE', ( #663 ), #685, .F. ) ;
#2232 = CYLINDRICAL_SURFACE ( 'NONE', #1782, 1.424999999999999156 ) ;
#2233 = CARTESIAN_POINT ( 'NONE',  ( -24.77500000000000213, 28.10000000000000142, 2.000000000000000000 ) ) ;
#2234 = DIRECTION ( 'NONE',  ( 0.000000000000000000, 0.000000000000000000, -1.000000000000000000 ) ) ;
#2235 = AXIS2_PLACEMENT_3D ( 'NONE', #859, #485, #2909 ) ;
#2236 = LINE ( 'NONE', #107, #187 ) ;
#2237 = ORIENTED_EDGE ( 'NONE', *, *, #2118, .F. ) ;
#2238 = CARTESIAN_POINT ( 'NONE',  ( -27.62500000000000000, 0.000000000000000000, 0.000000000000000000 ) ) ;
#2239 = VECTOR ( 'NONE', #3949, 1000.000000000000000 ) ;
#2240 = FACE_OUTER_BOUND ( 'NONE', #262, .T. ) ;
#2241 = ORIENTED_EDGE ( 'NONE', *, *, #1212, .F. ) ;
#2242 = VERTEX_POINT ( 'NONE', #3457 ) ;
#2243 = PRODUCT_DEFINITION_SHAPE ( 'NONE', 'NONE',  #432 ) ;
#2244 = ORIENTED_EDGE ( 'NONE', *, *, #2181, .T. ) ;
#2245 = CARTESIAN_POINT ( 'NONE',  ( -21.92500000000000071, -28.10000000000000142, -0.7012473179190117367 ) ) ;
#2246 = ORIENTED_EDGE ( 'NONE', *, *, #3616, .T. ) ;
#2247 = DIRECTION ( 'NONE',  ( 1.000000000000000000, 0.000000000000000000, 0.000000000000000000 ) ) ;
#2248 = EDGE_CURVE ( 'NONE', #2973, #318, #1634, .T. ) ;
#2249 = CIRCLE ( 'NONE', #2127, 1.424999999999999156 ) ;
#2250 = DIRECTION ( 'NONE',  ( -1.000000000000000000, 0.000000000000000000, -0.000000000000000000 ) ) ;
#2251 = DIRECTION ( 'NONE',  ( -0.000000000000000000, 0.000000000000000000, 1.000000000000000000 ) ) ;
#2252 = DIRECTION ( 'NONE',  ( 1.000000000000000000, 0.000000000000000000, 0.000000000000000000 ) ) ;
#2253 = EDGE_CURVE ( 'NONE', #3330, #2463, #2548, .T. ) ;
#2254 = EDGE_CURVE ( 'NONE', #722, #2048, #2601, .T. ) ;
#2255 = CARTESIAN_POINT ( 'NONE',  ( 26.52499999999999503, -28.10000000000000142, -0.7012473179190117367 ) ) ;
#2256 = ORIENTED_EDGE ( 'NONE', *, *, #309, .F. ) ;
#2257 = LINE ( 'NONE', #694, #2577 ) ;
#2258 = EDGE_CURVE ( 'NONE', #1763, #2840, #3736, .T. ) ;
#2259 = FACE_OUTER_BOUND ( 'NONE', #119, .T. ) ;
#2260 = FACE_OUTER_BOUND ( 'NONE', #2917, .T. ) ;
#2261 = ORIENTED_EDGE ( 'NONE', *, *, #1742, .T. ) ;
#2262 = CIRCLE ( 'NONE', #797, 1.424999999999999156 ) ;
#2263 = ORIENTED_EDGE ( 'NONE', *, *, #3391, .F. ) ;
#2264 = VECTOR ( 'NONE', #2710, 1000.000000000000000 ) ;
#2265 = EDGE_LOOP ( 'NONE', ( #2916, #196, #1034, #2760 ) ) ;
#2266 = DIRECTION ( 'NONE',  ( 1.000000000000000000, 0.000000000000000000, 0.000000000000000000 ) ) ;
#2267 = VERTEX_POINT ( 'NONE', #728 ) ;
#2268 = FACE_BOUND ( 'NONE', #1449, .T. ) ;
#2269 = DIRECTION ( 'NONE',  ( 0.000000000000000000, -1.000000000000000000, 0.000000000000000000 ) ) ;
#2270 = DIRECTION ( 'NONE',  ( 0.000000000000000000, -1.000000000000000000, 0.000000000000000000 ) ) ;
#2271 = CARTESIAN_POINT ( 'NONE',  ( 15.12500000000000355, -28.10000000000000142, -0.7012473179190117367 ) ) ;
#2272 = DIRECTION ( 'NONE',  ( 1.000000000000000000, 0.000000000000000000, 0.000000000000000000 ) ) ;
#2273 = ORIENTED_EDGE ( 'NONE', *, *, #96, .T. ) ;
#2274 = ADVANCED_FACE ( 'NONE', ( #3179 ), #2232, .F. ) ;
#2275 = CARTESIAN_POINT ( 'NONE',  ( -26.43284812093929759, 32.19548011026432022, 2.000000000000000000 ) ) ;
#2276 = ADVANCED_FACE ( 'NONE', ( #419 ), #3776, .F. ) ;
#2277 = DIRECTION ( 'NONE',  ( 0.000000000000000000, -0.000000000000000000, -1.000000000000000000 ) ) ;
#2278 = VERTEX_POINT ( 'NONE', #1373 ) ;
#2279 = EDGE_CURVE ( 'NONE', #2814, #1858, #2582, .T. ) ;
#2280 = EDGE_LOOP ( 'NONE', ( #1863, #291, #1172, #134 ) ) ;
#2281 = DIRECTION ( 'NONE',  ( -0.000000000000000000, -0.000000000000000000, 1.000000000000000000 ) ) ;
#2282 = VERTEX_POINT ( 'NONE', #3819 ) ;
#2283 = FACE_OUTER_BOUND ( 'NONE', #1096, .T. ) ;
#2284 = CIRCLE ( 'NONE', #234, 1.424999999999999156 ) ;
#2285 = EDGE_LOOP ( 'NONE', ( #1354, #3893, #2680, #1555 ) ) ;
#2286 = AXIS2_PLACEMENT_3D ( 'NONE', #505, #3304, #1458 ) ;
#2287 = CIRCLE ( 'NONE', #3876, 1.424999999999999156 ) ;
#2288 = AXIS2_PLACEMENT_3D ( 'NONE', #1810, #3710, #3133 ) ;
#2289 = CARTESIAN_POINT ( 'NONE',  ( -3.400000000000000355, -28.10000000000000142, -0.7012473179190117367 ) ) ;
#2290 = LINE ( 'NONE', #2506, #3485 ) ;
#2291 = CARTESIAN_POINT ( 'NONE',  ( -26.19999999999995666, -32.20000000000000284, 2.000000000000000000 ) ) ;
#2292 = DIRECTION ( 'NONE',  ( 1.000000000000000000, 0.000000000000000000, 0.000000000000000000 ) ) ;
#2293 = CARTESIAN_POINT ( 'NONE',  ( -12.03355894091126466, -2.087489719434935361E-14, 2.000000000000000000 ) ) ;
#2294 = VERTEX_POINT ( 'NONE', #3577 ) ;
#2295 = CARTESIAN_POINT ( 'NONE',  ( -24.77500000000000213, -6.100000000000001421, 2.000000000000000000 ) ) ;
#2296 = DIRECTION ( 'NONE',  ( 1.000000000000000000, 0.000000000000000000, 0.000000000000000000 ) ) ;
#2297 = VECTOR ( 'NONE', #1022, 1000.000000000000000 ) ;
#2298 = ADVANCED_FACE ( 'NONE', ( #3497 ), #772, .F. ) ;
#2299 = PLANE ( 'NONE',  #831 ) ;
#2300 = ORIENTED_EDGE ( 'NONE', *, *, #3491, .F. ) ;
#2301 = ORIENTED_EDGE ( 'NONE', *, *, #222, .F. ) ;
#2302 = DIRECTION ( 'NONE',  ( -0.000000000000000000, -0.000000000000000000, -1.000000000000000000 ) ) ;
#2303 = EDGE_CURVE ( 'NONE', #3401, #2347, #792, .T. ) ;
#2304 = ORIENTED_EDGE ( 'NONE', *, *, #3785, .F. ) ;
#2305 = CARTESIAN_POINT ( 'NONE',  ( 0.8750000000000007772, 6.100000000000001421, 0.000000000000000000 ) ) ;
#2306 = ORIENTED_EDGE ( 'NONE', *, *, #1665, .T. ) ;
#2307 = FACE_BOUND ( 'NONE', #1608, .T. ) ;
#2308 = VERTEX_POINT ( 'NONE', #1137 ) ;
#2309 = CARTESIAN_POINT ( 'NONE',  ( -10.52500000000000036, -6.100000000000001421, 0.000000000000000000 ) ) ;
#2310 = DIRECTION ( 'NONE',  ( -9.714451465470119729E-17, 2.394758726656991011E-17, -1.000000000000000000 ) ) ;
#2311 = DIRECTION ( 'NONE',  ( 1.000000000000000000, 0.000000000000000000, 0.000000000000000000 ) ) ;
#2312 = CARTESIAN_POINT ( 'NONE',  ( 13.70000000000000462, -28.10000000000000142, -0.7012473179190117367 ) ) ;
#2313 = LINE ( 'NONE', #1142, #1218 ) ;
#2314 = DIRECTION ( 'NONE',  ( -1.000000000000000000, 0.000000000000000000, 0.000000000000000000 ) ) ;
#2315 = DIRECTION ( 'NONE',  ( 1.000000000000000000, 0.000000000000000000, 0.000000000000000000 ) ) ;
#2316 = CARTESIAN_POINT ( 'NONE',  ( -7.675000000000001599, -6.100000000000001421, 2.000000000000000000 ) ) ;
#2317 = CARTESIAN_POINT ( 'NONE',  ( 17.97500000000000142, -6.100000000000001421, 2.000000000000000000 ) ) ;
#2318 = CARTESIAN_POINT ( 'NONE',  ( -4.824999999999999289, -28.10000000000000142, 2.000000000000000000 ) ) ;
#2319 = EDGE_LOOP ( 'NONE', ( #1631, #3640, #3274, #3162 ) ) ;
#2320 = ORIENTED_EDGE ( 'NONE', *, *, #3150, .T. ) ;
#2321 = ORIENTED_EDGE ( 'NONE', *, *, #3654, .T. ) ;
#2322 = PLANE ( 'NONE',  #2965 ) ;
#2323 = EDGE_LOOP ( 'NONE', ( #153, #3004, #255, #3277 ) ) ;
#2324 = EDGE_CURVE ( 'NONE', #1626, #1612, #1689, .T. ) ;
#2325 =( NAMED_UNIT ( * ) PLANE_ANGLE_UNIT ( ) SI_UNIT ( $, .RADIAN. ) );
#2326 = EDGE_CURVE ( 'NONE', #411, #3058, #2054, .T. ) ;
#2327 = VECTOR ( 'NONE', #1006, 1000.000000000000000 ) ;
#2328 = AXIS2_PLACEMENT_3D ( 'NONE', #3854, #3878, #2579 ) ;
#2329 = EDGE_LOOP ( 'NONE', ( #3532, #1197, #2531, #3825 ) ) ;
#2330 = CARTESIAN_POINT ( 'NONE',  ( 32.20000000000000284, -2.249788838360192895E-15, -0.7012473179189987471 ) ) ;
#2331 = CARTESIAN_POINT ( 'NONE',  ( -7.675000000000001599, -28.10000000000000142, 0.000000000000000000 ) ) ;
#2332 = CARTESIAN_POINT ( 'NONE',  ( 6.575000000000001066, -6.100000000000001421, -0.7012473179190117367 ) ) ;
#2333 = EDGE_CURVE ( 'NONE', #3690, #1390, #2417, .T. ) ;
#2334 = FACE_OUTER_BOUND ( 'NONE', #642, .T. ) ;
#2335 = CARTESIAN_POINT ( 'NONE',  ( -16.22500000000000142, 28.10000000000000142, 0.000000000000000000 ) ) ;
#2336 = CARTESIAN_POINT ( 'NONE',  ( 3.724999999999999201, -6.100000000000001421, -0.7012473179190117367 ) ) ;
#2337 = VECTOR ( 'NONE', #3717, 1000.000000000000000 ) ;
#2338 = CARTESIAN_POINT ( 'NONE',  ( -1.975000000000000977, -28.10000000000000142, 2.000000000000000000 ) ) ;
#2339 = ORIENTED_EDGE ( 'NONE', *, *, #3958, .T. ) ;
#2340 = VERTEX_POINT ( 'NONE', #2309 ) ;
#2341 = AXIS2_PLACEMENT_3D ( 'NONE', #3448, #1046, #3508 ) ;
#2342 = ORIENTED_EDGE ( 'NONE', *, *, #408, .F. ) ;
#2343 = CARTESIAN_POINT ( 'NONE',  ( 13.70000000000000462, 28.10000000000000142, 0.000000000000000000 ) ) ;
#2344 = EDGE_LOOP ( 'NONE', ( #1195, #1470, #1190, #1024 ) ) ;
#2345 = CARTESIAN_POINT ( 'NONE',  ( 0.000000000000000000, 0.000000000000000000, 0.000000000000000000 ) ) ;
#2346 = EDGE_CURVE ( 'NONE', #1682, #3815, #3197, .T. ) ;
#2347 = VERTEX_POINT ( 'NONE', #814 ) ;
#2348 = VECTOR ( 'NONE', #1890, 1000.000000000000000 ) ;
#2349 = CARTESIAN_POINT ( 'NONE',  ( 23.67499999999999716, -28.10000000000000142, 0.000000000000000000 ) ) ;
#2350 = CARTESIAN_POINT ( 'NONE',  ( 26.52499999999999503, 0.000000000000000000, 0.000000000000000000 ) ) ;
#2351 = CARTESIAN_POINT ( 'NONE',  ( -10.52500000000000036, -28.10000000000000142, 2.000000000000000000 ) ) ;
#2352 = CIRCLE ( 'NONE', #1402, 1.424999999999999156 ) ;
#2353 = CIRCLE ( 'NONE', #2860, 1.424999999999999156 ) ;
#2354 = EDGE_CURVE ( 'NONE', #765, #1958, #1117, .T. ) ;
#2355 = DIRECTION ( 'NONE',  ( -0.0004710670979180472950, 0.9999998890478885016, 0.000000000000000000 ) ) ;
#2356 = CARTESIAN_POINT ( 'NONE',  ( 3.724999999999999201, 28.10000000000000142, -0.7012473179190117367 ) ) ;
#2357 = CARTESIAN_POINT ( 'NONE',  ( 25.09999999999999787, 28.10000000000000142, 2.000000000000000000 ) ) ;
#2358 = CARTESIAN_POINT ( 'NONE',  ( -3.400000000000000355, 6.100000000000001421, -0.7012473179190117367 ) ) ;
#2359 = CIRCLE ( 'NONE', #500, 1.424999999999999156 ) ;
#2360 = DIRECTION ( 'NONE',  ( 1.000000000000000000, 0.000000000000000000, 0.000000000000000000 ) ) ;
#2361 = EDGE_LOOP ( 'NONE', ( #1786, #784, #277, #2520 ) ) ;
#2362 = VERTEX_POINT ( 'NONE', #160 ) ;
#2363 = ORIENTED_EDGE ( 'NONE', *, *, #1982, .F. ) ;
#2364 = CARTESIAN_POINT ( 'NONE',  ( 19.40000000000000213, -28.10000000000000142, -0.7012473179190117367 ) ) ;
#2365 = ORIENTED_EDGE ( 'NONE', *, *, #456, .T. ) ;
#2366 = ORIENTED_EDGE ( 'NONE', *, *, #2010, .T. ) ;
#2367 = DIRECTION ( 'NONE',  ( 1.732762731588011593E-15, 1.000000000000000000, 0.000000000000000000 ) ) ;
#2368 = ORIENTED_EDGE ( 'NONE', *, *, #3636, .T. ) ;
#2369 = LINE ( 'NONE', #3537, #2102 ) ;
#2370 = LINE ( 'NONE', #3580, #1204 ) ;
#2371 = ADVANCED_FACE ( 'NONE', ( #1396 ), #2605, .F. ) ;
#2372 = LINE ( 'NONE', #2076, #807 ) ;
#2373 = FACE_OUTER_BOUND ( 'NONE', #296, .T. ) ;
#2374 = LINE ( 'NONE', #2336, #2457 ) ;
#2375 = CARTESIAN_POINT ( 'NONE',  ( -32.20000000000000284, -26.19999999999997087, 2.000000000000000000 ) ) ;
#2376 = ADVANCED_FACE ( 'NONE', ( #204 ), #1099, .F. ) ;
#2377 = EDGE_CURVE ( 'NONE', #932, #2878, #2352, .T. ) ;
#2378 = CARTESIAN_POINT ( 'NONE',  ( 0.000000000000000000, -30.19999999999999929, -94.64761499650464316 ) ) ;
#2379 = VERTEX_POINT ( 'NONE', #2011 ) ;
#2380 = ORIENTED_EDGE ( 'NONE', *, *, #2004, .T. ) ;
#2381 = EDGE_CURVE ( 'NONE', #2720, #2387, #1437, .T. ) ;
#2382 = ORIENTED_EDGE ( 'NONE', *, *, #2493, .T. ) ;
#2383 = DIRECTION ( 'NONE',  ( 9.714451465470119729E-17, -2.394758726656991011E-17, 1.000000000000000000 ) ) ;
#2384 = VERTEX_POINT ( 'NONE', #854 ) ;
#2385 = ORIENTED_EDGE ( 'NONE', *, *, #3780, .T. ) ;
#2386 = LINE ( 'NONE', #298, #2673 ) ;
#2387 = VERTEX_POINT ( 'NONE', #2349 ) ;
#2388 = DIRECTION ( 'NONE',  ( -0.000000000000000000, 0.000000000000000000, 1.000000000000000000 ) ) ;
#2389 = DIRECTION ( 'NONE',  ( -0.000000000000000000, -0.000000000000000000, 1.000000000000000000 ) ) ;
#2390 = VECTOR ( 'NONE', #80, 1000.000000000000000 ) ;
#2391 = CARTESIAN_POINT ( 'NONE',  ( -3.400000000000000355, 6.100000000000001421, 0.000000000000000000 ) ) ;
#2392 = AXIS2_PLACEMENT_3D ( 'NONE', #2852, #1919, #129 ) ;
#2393 = LINE ( 'NONE', #798, #3948 ) ;
#2394 = CARTESIAN_POINT ( 'NONE',  ( 0.000000000000000000, 30.19999999999999929, -94.64761499650464316 ) ) ;
#2395 = CARTESIAN_POINT ( 'NONE',  ( -7.675000000000001599, 28.10000000000000142, 2.000000000000000000 ) ) ;
#2396 = CARTESIAN_POINT ( 'NONE',  ( 26.52499999999999503, -28.10000000000000142, 0.000000000000000000 ) ) ;
#2397 = ORIENTED_EDGE ( 'NONE', *, *, #1577, .T. ) ;
#2398 = AXIS2_PLACEMENT_3D ( 'NONE', #487, #3205, #210 ) ;
#2399 = DIRECTION ( 'NONE',  ( -0.000000000000000000, -0.000000000000000000, 1.000000000000000000 ) ) ;
#2400 = ADVANCED_FACE ( 'NONE', ( #2647 ), #2071, .T. ) ;
#2401 = ORIENTED_EDGE ( 'NONE', *, *, #3349, .T. ) ;
#2402 = DIRECTION ( 'NONE',  ( 1.000000000000000000, 0.000000000000000000, -1.084202172485503448E-16 ) ) ;
#2403 = VERTEX_POINT ( 'NONE', #1710 ) ;
#2404 = CIRCLE ( 'NONE', #670, 4.000000000000000000 ) ;
#2405 = ORIENTED_EDGE ( 'NONE', *, *, #1007, .F. ) ;
#2406 = LINE ( 'NONE', #3942, #52 ) ;
#2407 = ORIENTED_EDGE ( 'NONE', *, *, #2354, .T. ) ;
#2408 = CARTESIAN_POINT ( 'NONE',  ( -24.77500000000000213, -28.10000000000000142, -0.7012473179190117367 ) ) ;
#2409 = CARTESIAN_POINT ( 'NONE',  ( -1.975000000000000977, 28.10000000000000142, -0.7012473179190117367 ) ) ;
#2410 = CIRCLE ( 'NONE', #488, 4.000000000000000000 ) ;
#2411 = AXIS2_PLACEMENT_3D ( 'NONE', #2549, #730, #1949 ) ;
#2412 = DIRECTION ( 'NONE',  ( 1.734723475976805122E-15, -1.000000000000000000, -2.394758726657007959E-17 ) ) ;
#2413 = LINE ( 'NONE', #3361, #1897 ) ;
#2414 = FACE_OUTER_BOUND ( 'NONE', #3010, .T. ) ;
#2415 = VECTOR ( 'NONE', #1558, 1000.000000000000000 ) ;
#2416 = CIRCLE ( 'NONE', #889, 1.000000000000000888 ) ;
#2417 = CIRCLE ( 'NONE', #1969, 4.000000000000000000 ) ;
#2418 = DIRECTION ( 'NONE',  ( 0.000000000000000000, 0.000000000000000000, 1.000000000000000000 ) ) ;
#2419 = ORIENTED_EDGE ( 'NONE', *, *, #2381, .T. ) ;
#2420 = AXIS2_PLACEMENT_3D ( 'NONE', #1718, #463, #510 ) ;
#2421 = CARTESIAN_POINT ( 'NONE',  ( -20.50000000000000000, -6.100000000000001421, -0.7012473179190117367 ) ) ;
#2422 = ADVANCED_FACE ( 'NONE', ( #2931 ), #3859, .F. ) ;
#2423 = AXIS2_PLACEMENT_3D ( 'NONE', #3111, #1877, #2478 ) ;
#2424 = ORIENTED_EDGE ( 'NONE', *, *, #795, .T. ) ;
#2425 = CARTESIAN_POINT ( 'NONE',  ( -9.099999999999999645, -6.100000000000001421, -0.7012473179190117367 ) ) ;
#2426 = VERTEX_POINT ( 'NONE', #224 ) ;
#2427 = EDGE_CURVE ( 'NONE', #1472, #1726, #184, .T. ) ;
#2428 = VECTOR ( 'NONE', #367, 1000.000000000000000 ) ;
#2429 = ORIENTED_EDGE ( 'NONE', *, *, #3408, .T. ) ;
#2430 = CYLINDRICAL_SURFACE ( 'NONE', #1217, 1.424999999999999156 ) ;
#2431 = ORIENTED_EDGE ( 'NONE', *, *, #811, .F. ) ;
#2432 = DIRECTION ( 'NONE',  ( -1.000000000000000000, 0.000000000000000000, -0.000000000000000000 ) ) ;
#2433 = VECTOR ( 'NONE', #762, 1000.000000000000000 ) ;
#2434 = EDGE_CURVE ( 'NONE', #978, #2242, #2669, .T. ) ;
#2435 = DIRECTION ( 'NONE',  ( 1.000000000000000000, 0.000000000000000000, 0.000000000000000000 ) ) ;
#2436 = DIRECTION ( 'NONE',  ( 1.000000000000000000, 0.000000000000000000, 0.000000000000000000 ) ) ;
#2437 = CARTESIAN_POINT ( 'NONE',  ( -26.20000000000000284, -6.100000000000001421, -0.7012473179190117367 ) ) ;
#2438 = CARTESIAN_POINT ( 'NONE',  ( 26.19999999999997442, -30.19999999999999929, -0.7012473179190029660 ) ) ;
#2439 = EDGE_LOOP ( 'NONE', ( #1787, #455, #2261, #65, #1770, #199, #625, #3768, #1267, #540, #1595, #3812, #2587, #3789, #3930, #3019, #1350, #2212, #3373, #3629, #1114, #2898, #2681, #478 ) ) ;
#2440 = DIRECTION ( 'NONE',  ( -0.000000000000000000, -0.000000000000000000, 1.000000000000000000 ) ) ;
#2441 = AXIS2_PLACEMENT_3D ( 'NONE', #1426, #2634, #3848 ) ;
#2442 = DIRECTION ( 'NONE',  ( 0.000000000000000000, -1.000000000000000000, 0.000000000000000000 ) ) ;
#2443 = ORIENTED_EDGE ( 'NONE', *, *, #1407, .T. ) ;
#2444 = EDGE_LOOP ( 'NONE', ( #3792, #2306, #2686, #392 ) ) ;
#2445 = ORIENTED_EDGE ( 'NONE', *, *, #937, .F. ) ;
#2446 = EDGE_CURVE ( 'NONE', #2048, #3528, #1556, .T. ) ;
#2447 = ADVANCED_FACE ( 'NONE', ( #1237 ), #2430, .F. ) ;
#2448 = CARTESIAN_POINT ( 'NONE',  ( -10.52500000000000036, -28.10000000000000142, 2.000000000000000000 ) ) ;
#2449 = EDGE_LOOP ( 'NONE', ( #216, #864, #1959, #289 ) ) ;
#2450 = CARTESIAN_POINT ( 'NONE',  ( -12.03355894091131972, 31.19999999999999574, 2.000000000000000000 ) ) ;
#2451 = EDGE_CURVE ( 'NONE', #1314, #3371, #279, .T. ) ;
#2452 = DIRECTION ( 'NONE',  ( 0.000000000000000000, -1.000000000000000000, 0.000000000000000000 ) ) ;
#2453 = AXIS2_PLACEMENT_3D ( 'NONE', #3116, #2823, #1315 ) ;
#2454 = CYLINDRICAL_SURFACE ( 'NONE', #3234, 1.424999999999999156 ) ;
#2455 = CARTESIAN_POINT ( 'NONE',  ( -14.80000000000000071, -28.10000000000000142, -0.7012473179190117367 ) ) ;
#2456 = VECTOR ( 'NONE', #2302, 1000.000000000000000 ) ;
#2457 = VECTOR ( 'NONE', #3016, 1000.000000000000000 ) ;
#2458 = CARTESIAN_POINT ( 'NONE',  ( -3.400000000000000355, -28.10000000000000142, 2.000000000000000000 ) ) ;
#2459 = ORIENTED_EDGE ( 'NONE', *, *, #287, .F. ) ;
#2460 = ORIENTED_EDGE ( 'NONE', *, *, #238, .T. ) ;
#2461 = ORIENTED_EDGE ( 'NONE', *, *, #2564, .T. ) ;
#2462 = DIRECTION ( 'NONE',  ( 0.000000000000000000, 1.000000000000000000, 0.000000000000000000 ) ) ;
#2463 = VERTEX_POINT ( 'NONE', #3302 ) ;
#2464 = CARTESIAN_POINT ( 'NONE',  ( -13.37500000000000178, 28.10000000000000142, -0.7012473179190117367 ) ) ;
#2465 = EDGE_LOOP ( 'NONE', ( #220, #3018, #3255, #614 ) ) ;
#2466 = CARTESIAN_POINT ( 'NONE',  ( 26.20000000000000284, 26.19999999999999929, -94.64761499650464316 ) ) ;
#2467 = EDGE_CURVE ( 'NONE', #3037, #1370, #1468, .T. ) ;
#2468 = DIRECTION ( 'NONE',  ( -0.000000000000000000, -0.000000000000000000, -1.000000000000000000 ) ) ;
#2469 = DIRECTION ( 'NONE',  ( -1.000000000000000000, 0.000000000000000000, 0.000000000000000000 ) ) ;
#2470 = DIRECTION ( 'NONE',  ( 1.000000000000000000, 0.000000000000000000, -9.714451465470119729E-17 ) ) ;
#2471 = EDGE_CURVE ( 'NONE', #3352, #2379, #2406, .T. ) ;
#2472 = LINE ( 'NONE', #1524, #2630 ) ;
#2473 = VECTOR ( 'NONE', #2399, 1000.000000000000000 ) ;
#2474 = ORIENTED_EDGE ( 'NONE', *, *, #1361, .F. ) ;
#2475 = VECTOR ( 'NONE', #750, 1000.000000000000000 ) ;
#2476 = VECTOR ( 'NONE', #3076, 1000.000000000000000 ) ;
#2477 = APPLICATION_CONTEXT ( 'automotive_design' ) ;
#2478 = DIRECTION ( 'NONE',  ( 1.000000000000000000, 0.000000000000000000, 0.000000000000000000 ) ) ;
#2479 = LINE ( 'NONE', #946, #1886 ) ;
#2480 = ORIENTED_EDGE ( 'NONE', *, *, #2111, .T. ) ;
#2481 = ORIENTED_EDGE ( 'NONE', *, *, #2939, .F. ) ;
#2482 = CARTESIAN_POINT ( 'NONE',  ( -4.824999999999999289, 6.100000000000001421, 2.000000000000000000 ) ) ;
#2483 = ORIENTED_EDGE ( 'NONE', *, *, #2451, .T. ) ;
#2484 = FACE_OUTER_BOUND ( 'NONE', #1785, .T. ) ;
#2485 = EDGE_LOOP ( 'NONE', ( #3231, #328, #890, #3023 ) ) ;
#2486 = FACE_BOUND ( 'NONE', #2319, .T. ) ;
#2487 = FACE_OUTER_BOUND ( 'NONE', #3113, .T. ) ;
#2488 = DIRECTION ( 'NONE',  ( 1.000000000000000000, 0.000000000000000000, 0.000000000000000000 ) ) ;
#2489 = LINE ( 'NONE', #1617, #2337 ) ;
#2490 = LINE ( 'NONE', #3345, #1238 ) ;
#2491 = PLANE ( 'NONE',  #2398 ) ;
#2492 = ORIENTED_EDGE ( 'NONE', *, *, #1475, .F. ) ;
#2493 = EDGE_CURVE ( 'NONE', #3618, #2267, #2765, .T. ) ;
#2494 = LINE ( 'NONE', #3106, #3276 ) ;
#2495 = EDGE_CURVE ( 'NONE', #2537, #3769, #2685, .T. ) ;
#2496 = DIRECTION ( 'NONE',  ( -0.000000000000000000, 0.000000000000000000, 1.000000000000000000 ) ) ;
#2497 = ORIENTED_EDGE ( 'NONE', *, *, #2690, .F. ) ;
#2498 = EDGE_CURVE ( 'NONE', #2840, #2814, #1719, .T. ) ;
#2499 = ORIENTED_EDGE ( 'NONE', *, *, #1188, .T. ) ;
#2500 = DIRECTION ( 'NONE',  ( -0.000000000000000000, -1.000000000000000000, -0.000000000000000000 ) ) ;
#2501 = VERTEX_POINT ( 'NONE', #2092 ) ;
#2502 = LINE ( 'NONE', #415, #85 ) ;
#2503 = ORIENTED_EDGE ( 'NONE', *, *, #1723, .F. ) ;
#2504 = CARTESIAN_POINT ( 'NONE',  ( -7.800000000000002487, -34.20000000000000284, 2.000000000000001776 ) ) ;
#2505 = DIRECTION ( 'NONE',  ( -1.000000000000000000, 0.000000000000000000, -0.000000000000000000 ) ) ;
#2506 = CARTESIAN_POINT ( 'NONE',  ( -10.52500000000000036, 0.000000000000000000, 0.000000000000000000 ) ) ;
#2507 = DIRECTION ( 'NONE',  ( -0.000000000000000000, -0.000000000000000000, 1.000000000000000000 ) ) ;
#2508 = DIRECTION ( 'NONE',  ( -0.000000000000000000, 0.000000000000000000, 1.000000000000000000 ) ) ;
#2509 = DIRECTION ( 'NONE',  ( 1.000000000000000000, -0.000000000000000000, 0.000000000000000000 ) ) ;
#2510 = ORIENTED_EDGE ( 'NONE', *, *, #6, .F. ) ;
#2511 = CARTESIAN_POINT ( 'NONE',  ( 23.67499999999999716, 28.10000000000000142, 2.000000000000000000 ) ) ;
#2512 = VECTOR ( 'NONE', #2661, 1000.000000000000000 ) ;
#2513 = EDGE_CURVE ( 'NONE', #3723, #396, #1176, .T. ) ;
#2514 = ADVANCED_FACE ( 'NONE', ( #3656 ), #567, .F. ) ;
#2515 = CARTESIAN_POINT ( 'NONE',  ( 9.424999999999998934, -6.100000000000001421, -0.7012473179190117367 ) ) ;
#2516 = ORIENTED_EDGE ( 'NONE', *, *, #1014, .T. ) ;
#2517 = EDGE_LOOP ( 'NONE', ( #1696, #3526, #2698, #312 ) ) ;
#2518 = FACE_OUTER_BOUND ( 'NONE', #2361, .T. ) ;
#2519 = EDGE_CURVE ( 'NONE', #1330, #3421, #2386, .T. ) ;
#2520 = ORIENTED_EDGE ( 'NONE', *, *, #1255, .F. ) ;
#2521 = PLANE ( 'NONE',  #2638 ) ;
#2522 = ORIENTED_EDGE ( 'NONE', *, *, #244, .T. ) ;
#2523 = DIRECTION ( 'NONE',  ( 1.000000000000000000, 0.000000000000000000, 0.000000000000000000 ) ) ;
#2524 = AXIS2_PLACEMENT_3D ( 'NONE', #1105, #2938, #269 ) ;
#2525 = AXIS2_PLACEMENT_3D ( 'NONE', #3138, #1342, #2209 ) ;
#2526 = DIRECTION ( 'NONE',  ( 1.000000000000000000, 0.000000000000000000, 0.000000000000000000 ) ) ;
#2527 = CARTESIAN_POINT ( 'NONE',  ( 26.20000000000000284, 34.20000000000000284, 2.000000000000001776 ) ) ;
#2528 = LINE ( 'NONE', #2870, #1129 ) ;
#2529 = AXIS2_PLACEMENT_3D ( 'NONE', #2021, #2960, #2081 ) ;
#2530 = DIRECTION ( 'NONE',  ( 0.000000000000000000, -1.000000000000000000, 0.000000000000000000 ) ) ;
#2531 = ORIENTED_EDGE ( 'NONE', *, *, #539, .F. ) ;
#2532 = DIRECTION ( 'NONE',  ( -0.000000000000000000, -0.000000000000000000, 1.000000000000000000 ) ) ;
#2533 = DIRECTION ( 'NONE',  ( -0.000000000000000000, -0.000000000000000000, 1.000000000000000000 ) ) ;
#2534 = VECTOR ( 'NONE', #401, 1000.000000000000000 ) ;
#2535 = LINE ( 'NONE', #447, #3953 ) ;
#2536 = ORIENTED_EDGE ( 'NONE', *, *, #738, .F. ) ;
#2537 = VERTEX_POINT ( 'NONE', #2704 ) ;
#2538 = EDGE_CURVE ( 'NONE', #584, #2782, #3946, .T. ) ;
#2539 = CIRCLE ( 'NONE', #1016, 1.424999999999999156 ) ;
#2540 = ORIENTED_EDGE ( 'NONE', *, *, #1951, .T. ) ;
#2541 = LINE ( 'NONE', #989, #2390 ) ;
#2542 = ORIENTED_EDGE ( 'NONE', *, *, #1573, .T. ) ;
#2543 = EDGE_CURVE ( 'NONE', #1677, #2778, #1196, .T. ) ;
#2544 = CARTESIAN_POINT ( 'NONE',  ( 6.575000000000001066, -6.100000000000001421, 2.000000000000000000 ) ) ;
#2545 = ADVANCED_FACE ( 'NONE', ( #3355 ), #624, .F. ) ;
#2546 = CARTESIAN_POINT ( 'NONE',  ( 15.12500000000000355, -28.10000000000000142, -0.7012473179190117367 ) ) ;
#2547 = AXIS2_PLACEMENT_3D ( 'NONE', #391, #410, #1003 ) ;
#2548 = LINE ( 'NONE', #84, #1213 ) ;
#2549 = CARTESIAN_POINT ( 'NONE',  ( 17.97500000000000142, -28.10000000000000142, -0.7012473179190117367 ) ) ;
#2550 = DIRECTION ( 'NONE',  ( 1.000000000000000000, -0.000000000000000000, 0.000000000000000000 ) ) ;
#2551 = CARTESIAN_POINT ( 'NONE',  ( -16.22500000000000142, 28.10000000000000142, -0.7012473179190117367 ) ) ;
#2552 = ORIENTED_EDGE ( 'NONE', *, *, #2163, .T. ) ;
#2553 = DIRECTION ( 'NONE',  ( -1.000000000000000000, 0.000000000000000000, 0.000000000000000000 ) ) ;
#2554 = CYLINDRICAL_SURFACE ( 'NONE', #1031, 1.424999999999999156 ) ;
#2555 = DIRECTION ( 'NONE',  ( -0.000000000000000000, -0.000000000000000000, 1.000000000000000000 ) ) ;
#2556 = ORIENTED_EDGE ( 'NONE', *, *, #6, .T. ) ;
#2557 = ORIENTED_EDGE ( 'NONE', *, *, #2994, .T. ) ;
#2558 = VERTEX_POINT ( 'NONE', #2172 ) ;
#2559 = CARTESIAN_POINT ( 'NONE',  ( -20.50000000000000000, 6.100000000000001421, -0.7012473179190117367 ) ) ;
#2560 = ORIENTED_EDGE ( 'NONE', *, *, #3120, .F. ) ;
#2561 = CARTESIAN_POINT ( 'NONE',  ( 26.52499999999999503, 6.100000000000001421, 2.000000000000000000 ) ) ;
#2562 = DIRECTION ( 'NONE',  ( 1.000000000000000000, 0.000000000000000000, 0.000000000000000000 ) ) ;
#2563 = EDGE_CURVE ( 'NONE', #1005, #1869, #3376, .T. ) ;
#2564 = EDGE_CURVE ( 'NONE', #542, #2129, #893, .T. ) ;
#2565 = DIRECTION ( 'NONE',  ( 1.000000000000000000, 0.000000000000000000, 0.000000000000000000 ) ) ;
#2566 = CARTESIAN_POINT ( 'NONE',  ( -8.800000000000002487, 34.20000000000000284, 2.000000000000001776 ) ) ;
#2567 = DIRECTION ( 'NONE',  ( -0.000000000000000000, 0.000000000000000000, 1.000000000000000000 ) ) ;
#2568 = DIRECTION ( 'NONE',  ( 1.000000000000000000, 0.000000000000000000, 0.000000000000000000 ) ) ;
#2569 = EDGE_CURVE ( 'NONE', #1619, #3894, #1496, .T. ) ;
#2570 = DIRECTION ( 'NONE',  ( -1.000000000000000000, 0.000000000000000000, -0.000000000000000000 ) ) ;
#2571 = ORIENTED_EDGE ( 'NONE', *, *, #1553, .T. ) ;
#2572 = FACE_OUTER_BOUND ( 'NONE', #43, .T. ) ;
#2573 = DIRECTION ( 'NONE',  ( -0.000000000000000000, -0.000000000000000000, 1.000000000000000000 ) ) ;
#2574 = ORIENTED_EDGE ( 'NONE', *, *, #862, .F. ) ;
#2575 = VECTOR ( 'NONE', #1306, 1000.000000000000000 ) ;
#2576 = ORIENTED_EDGE ( 'NONE', *, *, #1069, .T. ) ;
#2577 = VECTOR ( 'NONE', #3463, 1000.000000000000000 ) ;
#2578 = ORIENTED_EDGE ( 'NONE', *, *, #3779, .T. ) ;
#2579 = DIRECTION ( 'NONE',  ( 1.000000000000000000, 0.000000000000000000, 0.000000000000000000 ) ) ;
#2580 = EDGE_LOOP ( 'NONE', ( #1090, #2126, #3351, #147 ) ) ;
#2581 = CARTESIAN_POINT ( 'NONE',  ( -26.19999999999997087, -30.19999999999999929, -0.7012473179190029660 ) ) ;
#2582 = LINE ( 'NONE', #361, #424 ) ;
#2583 = DIRECTION ( 'NONE',  ( -1.214306433183763862E-14, 1.000000000000000000, -0.000000000000000000 ) ) ;
#2584 = DIRECTION ( 'NONE',  ( -0.000000000000000000, -0.000000000000000000, 1.000000000000000000 ) ) ;
#2585 = EDGE_CURVE ( 'NONE', #3955, #1980, #1082, .T. ) ;
#2586 = DIRECTION ( 'NONE',  ( 0.000000000000000000, 0.000000000000000000, 1.000000000000000000 ) ) ;
#2587 = ORIENTED_EDGE ( 'NONE', *, *, #3368, .T. ) ;
#2588 = LINE ( 'NONE', #3446, #149 ) ;
#2589 = EDGE_CURVE ( 'NONE', #412, #3335, #3752, .T. ) ;
#2590 = CYLINDRICAL_SURFACE ( 'NONE', #3257, 1.424999999999999156 ) ;
#2591 = CYLINDRICAL_SURFACE ( 'NONE', #2341, 4.000000000000000000 ) ;
#2592 = EDGE_LOOP ( 'NONE', ( #537, #2542, #853, #1067 ) ) ;
#2593 = EDGE_LOOP ( 'NONE', ( #935, #2851, #2196, #2481 ) ) ;
#2594 = VECTOR ( 'NONE', #2500, 1000.000000000000000 ) ;
#2595 = AXIS2_PLACEMENT_3D ( 'NONE', #381, #1971, #2869 ) ;
#2596 = AXIS2_PLACEMENT_3D ( 'NONE', #3049, #3381, #3310 ) ;
#2597 = EDGE_LOOP ( 'NONE', ( #2492, #1733, #1335, #2135 ) ) ;
#2598 = LINE ( 'NONE', #1415, #2834 ) ;
#2599 = ORIENTED_EDGE ( 'NONE', *, *, #3443, .T. ) ;
#2600 = AXIS2_PLACEMENT_3D ( 'NONE', #2345, #2899, #1454 ) ;
#2601 = CIRCLE ( 'NONE', #1968, 1.000000000000000888 ) ;
#2602 = AXIS2_PLACEMENT_3D ( 'NONE', #603, #1794, #1830 ) ;
#2603 = VECTOR ( 'NONE', #3601, 1000.000000000000000 ) ;
#2604 = ORIENTED_EDGE ( 'NONE', *, *, #3074, .T. ) ;
#2605 = PLANE ( 'NONE',  #3814 ) ;
#2606 = CARTESIAN_POINT ( 'NONE',  ( 32.20000000000000284, 0.000000000000000000, 2.000000000000000000 ) ) ;
#2607 = CARTESIAN_POINT ( 'NONE',  ( -26.19999999999999929, 26.19999999999999929, -0.7012473179189987471 ) ) ;
#2608 = CYLINDRICAL_SURFACE ( 'NONE', #1828, 1.424999999999999156 ) ;
#2609 = DIRECTION ( 'NONE',  ( -0.000000000000000000, 0.000000000000000000, 1.000000000000000000 ) ) ;
#2610 = EDGE_LOOP ( 'NONE', ( #998, #1772, #3934, #1060 ) ) ;
#2611 = LINE ( 'NONE', #3204, #1566 ) ;
#2612 = CYLINDRICAL_SURFACE ( 'NONE', #2524, 1.424999999999999156 ) ;
#2613 = AXIS2_PLACEMENT_3D ( 'NONE', #3564, #2652, #3824 ) ;
#2614 = DIRECTION ( 'NONE',  ( 1.000000000000000000, 0.000000000000000000, 0.000000000000000000 ) ) ;
#2615 = EDGE_CURVE ( 'NONE', #973, #3723, #563, .T. ) ;
#2616 = ADVANCED_FACE ( 'NONE', ( #746 ), #2804, .F. ) ;
#2617 = CARTESIAN_POINT ( 'NONE',  ( 3.724999999999999201, 6.100000000000001421, -0.7012473179190117367 ) ) ;
#2618 = VERTEX_POINT ( 'NONE', #1353 ) ;
#2619 = VERTEX_POINT ( 'NONE', #2186 ) ;
#2620 = VECTOR ( 'NONE', #357, 1000.000000000000000 ) ;
#2621 = EDGE_CURVE ( 'NONE', #2362, #3281, #1275, .T. ) ;
#2622 = VERTEX_POINT ( 'NONE', #1010 ) ;
#2623 = FACE_OUTER_BOUND ( 'NONE', #3283, .T. ) ;
#2624 = ORIENTED_EDGE ( 'NONE', *, *, #963, .F. ) ;
#2625 = APPLICATION_PROTOCOL_DEFINITION ( 'draft international standard', 'automotive_design', 1998, #3292 ) ;
#2626 = ORIENTED_EDGE ( 'NONE', *, *, #2879, .T. ) ;
#2627 = DIRECTION ( 'NONE',  ( 0.000000000000000000, 0.000000000000000000, -1.000000000000000000 ) ) ;
#2628 = CARTESIAN_POINT ( 'NONE',  ( -27.62500000000000000, -6.100000000000001421, -0.7012473179190117367 ) ) ;
#2629 = CARTESIAN_POINT ( 'NONE',  ( 26.52499999999999503, -6.100000000000001421, -0.7012473179190117367 ) ) ;
#2630 = VECTOR ( 'NONE', #2737, 1000.000000000000000 ) ;
#2631 = PLANE ( 'NONE',  #3874 ) ;
#2632 = DIRECTION ( 'NONE',  ( 1.000000000000000000, 0.000000000000000000, 0.000000000000000000 ) ) ;
#2633 = CARTESIAN_POINT ( 'NONE',  ( 8.000000000000000000, 6.100000000000001421, 2.000000000000000000 ) ) ;
#2634 = DIRECTION ( 'NONE',  ( -0.000000000000000000, 0.000000000000000000, 1.000000000000000000 ) ) ;
#2635 = ORIENTED_EDGE ( 'NONE', *, *, #144, .T. ) ;
#2636 = ORIENTED_EDGE ( 'NONE', *, *, #1058, .T. ) ;
#2637 = ADVANCED_FACE ( 'NONE', ( #3472 ), #1033, .F. ) ;
#2638 = AXIS2_PLACEMENT_3D ( 'NONE', #972, #352, #678 ) ;
#2639 = VERTEX_POINT ( 'NONE', #3393 ) ;
#2640 = CARTESIAN_POINT ( 'NONE',  ( -9.800000000000002487, 32.20000000000000284, -0.7012473179189977479 ) ) ;
#2641 = ORIENTED_EDGE ( 'NONE', *, *, #1915, .T. ) ;
#2642 = VECTOR ( 'NONE', #2462, 1000.000000000000000 ) ;
#2643 = EDGE_CURVE ( 'NONE', #1403, #155, #2541, .T. ) ;
#2644 = VECTOR ( 'NONE', #649, 1000.000000000000000 ) ;
#2645 = DIRECTION ( 'NONE',  ( 0.000000000000000000, -1.000000000000000000, 0.000000000000000000 ) ) ;
#2646 = ORIENTED_EDGE ( 'NONE', *, *, #2063, .F. ) ;
#2647 = FACE_OUTER_BOUND ( 'NONE', #3054, .T. ) ;
#2648 = CARTESIAN_POINT ( 'NONE',  ( 15.12500000000000355, 6.100000000000001421, -0.7012473179190117367 ) ) ;
#2649 = LINE ( 'NONE', #186, #677 ) ;
#2650 = EDGE_CURVE ( 'NONE', #1668, #3149, #1883, .T. ) ;
#2651 = LINE ( 'NONE', #3844, #2853 ) ;
#2652 = DIRECTION ( 'NONE',  ( 0.000000000000000000, 0.000000000000000000, -1.000000000000000000 ) ) ;
#2653 = DIRECTION ( 'NONE',  ( -0.000000000000000000, 0.000000000000000000, 1.000000000000000000 ) ) ;
#2654 = CARTESIAN_POINT ( 'NONE',  ( 26.20000000000000284, -26.19999999999999929, 2.000000000000000000 ) ) ;
#2655 = CARTESIAN_POINT ( 'NONE',  ( 30.20000000000000284, -26.19999999999997087, -0.7012473179190029660 ) ) ;
#2656 = VERTEX_POINT ( 'NONE', #64 ) ;
#2657 = ORIENTED_EDGE ( 'NONE', *, *, #2090, .T. ) ;
#2658 = AXIS2_PLACEMENT_3D ( 'NONE', #93, #112, #719 ) ;
#2659 = ORIENTED_EDGE ( 'NONE', *, *, #1303, .F. ) ;
#2660 = EDGE_CURVE ( 'NONE', #2107, #2639, #3454, .T. ) ;
#2661 = DIRECTION ( 'NONE',  ( -0.000000000000000000, -0.000000000000000000, 1.000000000000000000 ) ) ;
#2662 = EDGE_LOOP ( 'NONE', ( #3635, #1497, #912, #497 ) ) ;
#2663 = DIRECTION ( 'NONE',  ( 1.000000000000000000, 0.000000000000000000, 0.000000000000000000 ) ) ;
#2664 = LINE ( 'NONE', #316, #2210 ) ;
#2665 = EDGE_LOOP ( 'NONE', ( #777, #1533, #594, #2747 ) ) ;
#2666 = ADVANCED_FACE ( 'NONE', ( #2781 ), #3772, .F. ) ;
#2667 = CIRCLE ( 'NONE', #489, 0.9999999999999991118 ) ;
#2668 = EDGE_CURVE ( 'NONE', #1564, #637, #658, .T. ) ;
#2669 = LINE ( 'NONE', #3043, #1592 ) ;
#2670 = DIRECTION ( 'NONE',  ( -0.000000000000000000, -0.000000000000000000, -1.000000000000000000 ) ) ;
#2671 = DIRECTION ( 'NONE',  ( -0.000000000000000000, -0.000000000000000000, 1.000000000000000000 ) ) ;
#2672 = AXIS2_PLACEMENT_3D ( 'NONE', #1854, #644, #3029 ) ;
#2673 = VECTOR ( 'NONE', #934, 1000.000000000000000 ) ;
#2674 = CARTESIAN_POINT ( 'NONE',  ( 23.67499999999999716, -28.10000000000000142, -0.7012473179190117367 ) ) ;
#2675 = FACE_OUTER_BOUND ( 'NONE', #3473, .T. ) ;
#2676 = CARTESIAN_POINT ( 'NONE',  ( 27.19999999999998153, 33.12820323027550984, 2.000000000000000000 ) ) ;
#2677 = CARTESIAN_POINT ( 'NONE',  ( 0.000000000000000000, 32.20000000000000284, 2.000000000000000000 ) ) ;
#2678 = FACE_OUTER_BOUND ( 'NONE', #1882, .T. ) ;
#2679 = ORIENTED_EDGE ( 'NONE', *, *, #1548, .T. ) ;
#2680 = ORIENTED_EDGE ( 'NONE', *, *, #3654, .F. ) ;
#2681 = ORIENTED_EDGE ( 'NONE', *, *, #3459, .T. ) ;
#2682 = CARTESIAN_POINT ( 'NONE',  ( -8.800000000000002487, 34.20000000000000284, -94.64761499650464316 ) ) ;
#2683 = ORIENTED_EDGE ( 'NONE', *, *, #1669, .F. ) ;
#2684 = ORIENTED_EDGE ( 'NONE', *, *, #1669, .T. ) ;
#2685 = LINE ( 'NONE', #2464, #3425 ) ;
#2686 = ORIENTED_EDGE ( 'NONE', *, *, #1529, .F. ) ;
#2687 = DIRECTION ( 'NONE',  ( -1.000000000000000000, 0.000000000000000000, 0.000000000000000000 ) ) ;
#2688 = FACE_OUTER_BOUND ( 'NONE', #2839, .T. ) ;
#2689 = FACE_OUTER_BOUND ( 'NONE', #294, .T. ) ;
#2690 = EDGE_CURVE ( 'NONE', #1645, #3731, #3095, .T. ) ;
#2691 = EDGE_CURVE ( 'NONE', #3529, #3496, #2502, .T. ) ;
#2692 = DIRECTION ( 'NONE',  ( 1.000000000000000000, -0.000000000000000000, 0.000000000000000000 ) ) ;
#2693 = CYLINDRICAL_SURFACE ( 'NONE', #576, 1.424999999999999156 ) ;
#2694 = LINE ( 'NONE', #3247, #31 ) ;
#2695 = DIRECTION ( 'NONE',  ( -0.000000000000000000, 0.000000000000000000, 1.000000000000000000 ) ) ;
#2696 = EDGE_CURVE ( 'NONE', #2778, #1619, #1628, .T. ) ;
#2697 = DIRECTION ( 'NONE',  ( 1.000000000000000000, 0.000000000000000000, -9.035018104045873159E-17 ) ) ;
#2698 = ORIENTED_EDGE ( 'NONE', *, *, #3093, .T. ) ;
#2699 = ORIENTED_EDGE ( 'NONE', *, *, #3443, .F. ) ;
#2700 = EDGE_LOOP ( 'NONE', ( #1846, #3800, #1276, #2133 ) ) ;
#2701 = CARTESIAN_POINT ( 'NONE',  ( 8.000000000000000000, -28.10000000000000142, 2.000000000000000000 ) ) ;
#2702 = ORIENTED_EDGE ( 'NONE', *, *, #3616, .F. ) ;
#2703 = EDGE_LOOP ( 'NONE', ( #3152, #2228, #907, #2125 ) ) ;
#2704 = CARTESIAN_POINT ( 'NONE',  ( -13.37500000000000178, 28.10000000000000142, 0.000000000000000000 ) ) ;
#2705 = EDGE_LOOP ( 'NONE', ( #1234, #1128, #1979, #2405 ) ) ;
#2706 = DIRECTION ( 'NONE',  ( 0.000000000000000000, 0.000000000000000000, -1.000000000000000000 ) ) ;
#2707 = VECTOR ( 'NONE', #2832, 1000.000000000000000 ) ;
#2708 = LINE ( 'NONE', #3921, #189 ) ;
#2709 = CARTESIAN_POINT ( 'NONE',  ( -9.099999999999999645, -28.10000000000000142, 2.000000000000000000 ) ) ;
#2710 = DIRECTION ( 'NONE',  ( -0.000000000000000000, -1.000000000000000000, -0.000000000000000000 ) ) ;
#2711 = LINE ( 'NONE', #1264, #2790 ) ;
#2712 = ADVANCED_FACE ( 'NONE', ( #2484 ), #2521, .F. ) ;
#2713 = LINE ( 'NONE', #3628, #3314 ) ;
#2714 = ORIENTED_EDGE ( 'NONE', *, *, #3164, .T. ) ;
#2715 = CIRCLE ( 'NONE', #995, 1.424999999999999156 ) ;
#2716 = ADVANCED_FACE ( 'NONE', ( #1907 ), #1611, .F. ) ;
#2717 = DIRECTION ( 'NONE',  ( -1.000000000000000000, 0.000000000000000000, 0.000000000000000000 ) ) ;
#2718 = AXIS2_PLACEMENT_3D ( 'NONE', #2271, #2550, #2234 ) ;
#2719 = FACE_OUTER_BOUND ( 'NONE', #1051, .T. ) ;
#2720 = VERTEX_POINT ( 'NONE', #704 ) ;
#2721 = DIRECTION ( 'NONE',  ( 1.000000000000000000, 0.000000000000000000, 0.000000000000000000 ) ) ;
#2722 = ORIENTED_EDGE ( 'NONE', *, *, #3530, .T. ) ;
#2723 = STYLED_ITEM ( 'NONE', ( #2799 ), #1225 ) ;
#2724 = ORIENTED_EDGE ( 'NONE', *, *, #2346, .F. ) ;
#2725 = DIRECTION ( 'NONE',  ( 0.000000000000000000, 1.000000000000000000, 0.000000000000000000 ) ) ;
#2726 = VERTEX_POINT ( 'NONE', #1926 ) ;
#2727 = DIRECTION ( 'NONE',  ( 0.000000000000000000, 0.000000000000000000, -1.000000000000000000 ) ) ;
#2728 = CIRCLE ( 'NONE', #1009, 1.424999999999999156 ) ;
#2729 = VECTOR ( 'NONE', #687, 1000.000000000000000 ) ;
#2730 = VECTOR ( 'NONE', #1997, 1000.000000000000000 ) ;
#2731 = CARTESIAN_POINT ( 'NONE',  ( -9.800000000000002487, -32.20000000000000284, 2.000000000000000000 ) ) ;
#2732 = CARTESIAN_POINT ( 'NONE',  ( 23.67499999999999716, -6.100000000000001421, -0.7012473179190117367 ) ) ;
#2733 = DIRECTION ( 'NONE',  ( 1.000000000000000000, 0.000000000000000000, 0.000000000000000000 ) ) ;
#2734 = AXIS2_PLACEMENT_3D ( 'NONE', #1012, #3118, #1632 ) ;
#2735 = VECTOR ( 'NONE', #1800, 1000.000000000000000 ) ;
#2736 = AXIS2_PLACEMENT_3D ( 'NONE', #3219, #479, #2974 ) ;
#2737 = DIRECTION ( 'NONE',  ( 0.000000000000000000, 1.000000000000000000, -0.000000000000000000 ) ) ;
#2738 = ORIENTED_EDGE ( 'NONE', *, *, #676, .T. ) ;
#2739 = ORIENTED_EDGE ( 'NONE', *, *, #2812, .F. ) ;
#2740 = VECTOR ( 'NONE', #2195, 1000.000000000000000 ) ;
#2741 = EDGE_CURVE ( 'NONE', #411, #2558, #2880, .T. ) ;
#2742 = EDGE_CURVE ( 'NONE', #637, #542, #1984, .T. ) ;
#2743 = ORIENTED_EDGE ( 'NONE', *, *, #26, .F. ) ;
#2744 = EDGE_LOOP ( 'NONE', ( #136, #3187, #3516, #2560 ) ) ;
#2745 = ADVANCED_FACE ( 'NONE', ( #2283 ), #2923, .F. ) ;
#2746 = AXIS2_PLACEMENT_3D ( 'NONE', #2999, #1462, #165 ) ;
#2747 = ORIENTED_EDGE ( 'NONE', *, *, #1559, .F. ) ;
#2748 = CARTESIAN_POINT ( 'NONE',  ( 17.97500000000000142, 0.000000000000000000, 0.000000000000000000 ) ) ;
#2749 = VERTEX_POINT ( 'NONE', #2640 ) ;
#2750 = DIRECTION ( 'NONE',  ( 0.000000000000000000, 1.000000000000000000, -0.000000000000000000 ) ) ;
#2751 = AXIS2_PLACEMENT_3D ( 'NONE', #1834, #696, #3507 ) ;
#2752 = DIRECTION ( 'NONE',  ( 0.000000000000000000, -1.000000000000000000, 0.000000000000000000 ) ) ;
#2753 = DIRECTION ( 'NONE',  ( -0.000000000000000000, -0.000000000000000000, 1.000000000000000000 ) ) ;
#2754 = DIRECTION ( 'NONE',  ( 0.000000000000000000, -1.000000000000000000, 0.000000000000000000 ) ) ;
#2755 = CYLINDRICAL_SURFACE ( 'NONE', #3838, 1.000000000000000888 ) ;
#2756 = ORIENTED_EDGE ( 'NONE', *, *, #2741, .F. ) ;
#2757 = DIRECTION ( 'NONE',  ( -0.000000000000000000, -0.000000000000000000, 1.000000000000000000 ) ) ;
#2758 = VECTOR ( 'NONE', #534, 1000.000000000000000 ) ;
#2759 = PLANE ( 'NONE',  #2934 ) ;
#2760 = ORIENTED_EDGE ( 'NONE', *, *, #3032, .F. ) ;
#2761 = ORIENTED_EDGE ( 'NONE', *, *, #3700, .T. ) ;
#2762 = DIRECTION ( 'NONE',  ( 0.000000000000000000, 0.000000000000000000, 1.000000000000000000 ) ) ;
#2763 = ADVANCED_FACE ( 'NONE', ( #435 ), #3494, .F. ) ;
#2764 = ORIENTED_EDGE ( 'NONE', *, *, #2279, .F. ) ;
#2765 = LINE ( 'NONE', #2748, #1655 ) ;
#2766 = ORIENTED_EDGE ( 'NONE', *, *, #1838, .F. ) ;
#2767 = CARTESIAN_POINT ( 'NONE',  ( 15.12500000000000355, 28.10000000000000142, 0.000000000000000000 ) ) ;
#2768 = EDGE_CURVE ( 'NONE', #3570, #523, #2893, .T. ) ;
#2769 = LINE ( 'NONE', #3064, #2995 ) ;
#2770 = VECTOR ( 'NONE', #1705, 1000.000000000000000 ) ;
#2771 = CARTESIAN_POINT ( 'NONE',  ( 13.70000000000000462, 6.100000000000001421, 2.000000000000000000 ) ) ;
#2772 = DIRECTION ( 'NONE',  ( 1.000000000000000000, 0.000000000000000000, 0.000000000000000000 ) ) ;
#2773 = CIRCLE ( 'NONE', #1759, 6.000000000000001776 ) ;
#2774 = DIRECTION ( 'NONE',  ( 0.000000000000000000, 0.000000000000000000, 1.000000000000000000 ) ) ;
#2775 = ORIENTED_EDGE ( 'NONE', *, *, #3275, .F. ) ;
#2776 = DIRECTION ( 'NONE',  ( -0.000000000000000000, -0.000000000000000000, 1.000000000000000000 ) ) ;
#2777 = EDGE_LOOP ( 'NONE', ( #3389, #834, #829, #1174 ) ) ;
#2778 = VERTEX_POINT ( 'NONE', #3791 ) ;
#2779 = CARTESIAN_POINT ( 'NONE',  ( -4.824999999999999289, -28.10000000000000142, 2.000000000000000000 ) ) ;
#2780 = ORIENTED_EDGE ( 'NONE', *, *, #193, .T. ) ;
#2781 = FACE_OUTER_BOUND ( 'NONE', #873, .T. ) ;
#2782 = VERTEX_POINT ( 'NONE', #768 ) ;
#2783 = DIRECTION ( 'NONE',  ( 1.000000000000000000, 0.000000000000000000, 0.000000000000000000 ) ) ;
#2784 = EDGE_CURVE ( 'NONE', #3788, #3510, #726, .T. ) ;
#2785 = ADVANCED_FACE ( 'NONE', ( #3551 ), #1131, .F. ) ;
#2786 = DIRECTION ( 'NONE',  ( 0.000000000000000000, 0.000000000000000000, 1.000000000000000000 ) ) ;
#2787 = DIRECTION ( 'NONE',  ( -0.000000000000000000, 1.000000000000000000, -0.000000000000000000 ) ) ;
#2788 = CYLINDRICAL_SURFACE ( 'NONE', #3863, 1.424999999999999156 ) ;
#2789 = EDGE_CURVE ( 'NONE', #3570, #2050, #1391, .T. ) ;
#2790 = VECTOR ( 'NONE', #2470, 1000.000000000000000 ) ;
#2791 = CARTESIAN_POINT ( 'NONE',  ( -8.800000000000002487, -2.249788838360192895E-15, -0.7012473179189987471 ) ) ;
#2792 = CIRCLE ( 'NONE', #1077, 1.424999999999999156 ) ;
#2793 = ORIENTED_EDGE ( 'NONE', *, *, #3470, .T. ) ;
#2794 = DIRECTION ( 'NONE',  ( 0.000000000000000000, 0.000000000000000000, -1.000000000000000000 ) ) ;
#2795 = VECTOR ( 'NONE', #2951, 1000.000000000000000 ) ;
#2796 = VECTOR ( 'NONE', #2412, 1000.000000000000000 ) ;
#2797 = AXIS2_PLACEMENT_3D ( 'NONE', #2676, #2100, #3000 ) ;
#2798 = CARTESIAN_POINT ( 'NONE',  ( 23.67499999999999716, 6.100000000000001421, -0.7012473179190117367 ) ) ;
#2799 = PRESENTATION_STYLE_ASSIGNMENT (( #635 ) ) ;
#2800 = EDGE_LOOP ( 'NONE', ( #3608, #2380, #769, #1688 ) ) ;
#2801 = ORIENTED_EDGE ( 'NONE', *, *, #1748, .T. ) ;
#2802 = DIRECTION ( 'NONE',  ( -0.000000000000000000, 0.000000000000000000, 1.000000000000000000 ) ) ;
#2803 = ORIENTED_EDGE ( 'NONE', *, *, #711, .T. ) ;
#2804 = CYLINDRICAL_SURFACE ( 'NONE', #2997, 1.424999999999999156 ) ;
#2805 = ORIENTED_EDGE ( 'NONE', *, *, #3098, .T. ) ;
#2806 = DIRECTION ( 'NONE',  ( -0.000000000000000000, 0.000000000000000000, 1.000000000000000000 ) ) ;
#2807 = CIRCLE ( 'NONE', #690, 1.424999999999999156 ) ;
#2808 = LINE ( 'NONE', #1340, #362 ) ;
#2809 = LINE ( 'NONE', #2566, #2534 ) ;
#2810 = DIRECTION ( 'NONE',  ( 1.000000000000000000, 0.000000000000000000, 0.000000000000000000 ) ) ;
#2811 = EDGE_CURVE ( 'NONE', #582, #913, #1155, .T. ) ;
#2812 = EDGE_CURVE ( 'NONE', #1253, #3877, #3816, .T. ) ;
#2813 = CARTESIAN_POINT ( 'NONE',  ( 20.82499999999999929, 0.000000000000000000, 0.000000000000000000 ) ) ;
#2814 = VERTEX_POINT ( 'NONE', #2067 ) ;
#2815 = DIRECTION ( 'NONE',  ( 0.000000000000000000, 0.000000000000000000, 1.000000000000000000 ) ) ;
#2816 = EDGE_CURVE ( 'NONE', #3258, #498, #2598, .T. ) ;
#2817 = CARTESIAN_POINT ( 'NONE',  ( -4.824999999999999289, 0.000000000000000000, 0.000000000000000000 ) ) ;
#2818 = VERTEX_POINT ( 'NONE', #2305 ) ;
#2819 = EDGE_LOOP ( 'NONE', ( #953, #2246, #2888, #1175 ) ) ;
#2820 = CARTESIAN_POINT ( 'NONE',  ( 25.09999999999999787, -6.100000000000001421, 2.000000000000000000 ) ) ;
#2821 = VECTOR ( 'NONE', #195, 1000.000000000000000 ) ;
#2822 = ORIENTED_EDGE ( 'NONE', *, *, #2812, .T. ) ;
#2823 = DIRECTION ( 'NONE',  ( -0.000000000000000000, -0.000000000000000000, 1.000000000000000000 ) ) ;
#2824 = ORIENTED_EDGE ( 'NONE', *, *, #76, .F. ) ;
#2825 = DIRECTION ( 'NONE',  ( -1.000000000000000000, 0.000000000000000000, 0.000000000000000000 ) ) ;
#2826 = DIRECTION ( 'NONE',  ( -0.000000000000000000, -0.000000000000000000, 1.000000000000000000 ) ) ;
#2827 = DIRECTION ( 'NONE',  ( -0.000000000000000000, 1.000000000000000000, -0.000000000000000000 ) ) ;
#2828 = DIRECTION ( 'NONE',  ( -0.000000000000000000, -0.000000000000000000, 1.000000000000000000 ) ) ;
#2829 = ADVANCED_FACE ( 'NONE', ( #2623 ), #2005, .F. ) ;
#2830 = CARTESIAN_POINT ( 'NONE',  ( -19.07500000000000284, -6.100000000000001421, 0.000000000000000000 ) ) ;
#2831 = VERTEX_POINT ( 'NONE', #474 ) ;
#2832 = DIRECTION ( 'NONE',  ( 0.000000000000000000, -1.000000000000000000, 0.000000000000000000 ) ) ;
#2833 = AXIS2_PLACEMENT_3D ( 'NONE', #3902, #2762, #1774 ) ;
#2834 = VECTOR ( 'NONE', #1095, 1000.000000000000000 ) ;
#2835 = ADVANCED_FACE ( 'NONE', ( #200 ), #2322, .F. ) ;
#2836 = EDGE_CURVE ( 'NONE', #2618, #546, #1939, .T. ) ;
#2837 = CARTESIAN_POINT ( 'NONE',  ( 30.20000000000000284, 26.19999999999997087, -94.64761499650464316 ) ) ;
#2838 = VERTEX_POINT ( 'NONE', #3259 ) ;
#2839 = EDGE_LOOP ( 'NONE', ( #350, #2876, #556, #2256 ) ) ;
#2840 = VERTEX_POINT ( 'NONE', #519 ) ;
#2841 = CARTESIAN_POINT ( 'NONE',  ( 12.27500000000000391, -28.10000000000000142, 2.000000000000000000 ) ) ;
#2842 = ORIENTED_EDGE ( 'NONE', *, *, #3907, .F. ) ;
#2843 = DIRECTION ( 'NONE',  ( -1.000000000000000000, 0.000000000000000000, -0.000000000000000000 ) ) ;
#2844 = AXIS2_PLACEMENT_3D ( 'NONE', #1600, #1914, #2810 ) ;
#2845 = PRODUCT ( '\X2\656370ed76d6677f\X0\', '\X2\656370ed76d6677f\X0\', '', ( #2029 ) ) ;
#2846 = DIRECTION ( 'NONE',  ( 0.000000000000000000, -0.000000000000000000, -1.000000000000000000 ) ) ;
#2847 = LINE ( 'NONE', #458, #681 ) ;
#2848 = DIRECTION ( 'NONE',  ( -0.000000000000000000, -0.000000000000000000, 1.000000000000000000 ) ) ;
#2849 = CIRCLE ( 'NONE', #813, 1.424999999999999156 ) ;
#2850 = PLANE ( 'NONE',  #701 ) ;
#2851 = ORIENTED_EDGE ( 'NONE', *, *, #3804, .T. ) ;
#2852 = CARTESIAN_POINT ( 'NONE',  ( 26.20000000000000284, 26.19999999999999929, 2.000000000000000000 ) ) ;
#2853 = VECTOR ( 'NONE', #484, 1000.000000000000000 ) ;
#2854 = AXIS2_PLACEMENT_3D ( 'NONE', #874, #2388, #3242 ) ;
#2855 = DIRECTION ( 'NONE',  ( -0.000000000000000000, 0.000000000000000000, 1.000000000000000000 ) ) ;
#2856 = ORIENTED_EDGE ( 'NONE', *, *, #3098, .F. ) ;
#2857 = VERTEX_POINT ( 'NONE', #3574 ) ;
#2858 = AXIS2_PLACEMENT_3D ( 'NONE', #1257, #3061, #641 ) ;
#2859 = EDGE_CURVE ( 'NONE', #2308, #3115, #2967, .T. ) ;
#2860 = AXIS2_PLACEMENT_3D ( 'NONE', #202, #3837, #2987 ) ;
#2861 = EDGE_CURVE ( 'NONE', #2639, #582, #3653, .T. ) ;
#2862 = EDGE_LOOP ( 'NONE', ( #1894, #3671, #453, #3750 ) ) ;
#2863 = DIRECTION ( 'NONE',  ( -0.000000000000000000, 0.000000000000000000, 1.000000000000000000 ) ) ;
#2864 = ORIENTED_EDGE ( 'NONE', *, *, #2883, .F. ) ;
#2865 = FACE_BOUND ( 'NONE', #2182, .T. ) ;
#2866 = LINE ( 'NONE', #2546, #1703 ) ;
#2867 = EDGE_CURVE ( 'NONE', #1999, #978, #2262, .T. ) ;
#2868 = CARTESIAN_POINT ( 'NONE',  ( 23.67499999999999716, -28.10000000000000142, 2.000000000000000000 ) ) ;
#2869 = DIRECTION ( 'NONE',  ( 1.000000000000000000, 0.000000000000000000, 0.000000000000000000 ) ) ;
#2870 = CARTESIAN_POINT ( 'NONE',  ( -24.77500000000000213, -28.10000000000000142, 2.000000000000000000 ) ) ;
#2871 = LINE ( 'NONE', #2293, #894 ) ;
#2872 = ORIENTED_EDGE ( 'NONE', *, *, #887, .F. ) ;
#2873 = CARTESIAN_POINT ( 'NONE',  ( -26.20000000000000284, -6.100000000000001421, 2.000000000000000000 ) ) ;
#2874 = CARTESIAN_POINT ( 'NONE',  ( 27.05714285714284273, 32.13845991166472515, 2.000000000000000000 ) ) ;
#2875 = DIRECTION ( 'NONE',  ( -1.000000000000000000, 0.000000000000000000, 0.000000000000000000 ) ) ;
#2876 = ORIENTED_EDGE ( 'NONE', *, *, #384, .F. ) ;
#2877 = VERTEX_POINT ( 'NONE', #239 ) ;
#2878 = VERTEX_POINT ( 'NONE', #1895 ) ;
#2879 = EDGE_CURVE ( 'NONE', #353, #3652, #2494, .T. ) ;
#2880 = LINE ( 'NONE', #452, #3715 ) ;
#2881 = ORIENTED_EDGE ( 'NONE', *, *, #847, .T. ) ;
#2882 = FACE_BOUND ( 'NONE', #1127, .T. ) ;
#2883 = EDGE_CURVE ( 'NONE', #2838, #2050, #1173, .T. ) ;
#2884 = PLANE ( 'NONE',  #3680 ) ;
#2885 = DIRECTION ( 'NONE',  ( -0.000000000000000000, -1.000000000000000000, -0.000000000000000000 ) ) ;
#2886 = CARTESIAN_POINT ( 'NONE',  ( 19.40000000000000213, 28.10000000000000142, -0.7012473179190117367 ) ) ;
#2887 = DIRECTION ( 'NONE',  ( 1.000000000000000000, 0.000000000000000000, 0.000000000000000000 ) ) ;
#2888 = ORIENTED_EDGE ( 'NONE', *, *, #2324, .F. ) ;
#2889 = DIRECTION ( 'NONE',  ( -0.000000000000000000, 0.000000000000000000, 1.000000000000000000 ) ) ;
#2890 = CARTESIAN_POINT ( 'NONE',  ( 23.67499999999999716, 28.10000000000000142, -0.7012473179190117367 ) ) ;
#2891 = CARTESIAN_POINT ( 'NONE',  ( 20.82499999999999929, -6.100000000000001421, 0.000000000000000000 ) ) ;
#2892 = ORIENTED_EDGE ( 'NONE', *, *, #2427, .T. ) ;
#2893 = CIRCLE ( 'NONE', #2328, 1.424999999999999156 ) ;
#2894 = ORIENTED_EDGE ( 'NONE', *, *, #1910, .F. ) ;
#2895 = CIRCLE ( 'NONE', #3916, 1.424999999999999156 ) ;
#2896 = ORIENTED_EDGE ( 'NONE', *, *, #1411, .F. ) ;
#2897 = DIRECTION ( 'NONE',  ( -0.000000000000000000, -0.000000000000000000, 1.000000000000000000 ) ) ;
#2898 = ORIENTED_EDGE ( 'NONE', *, *, #3561, .T. ) ;
#2899 = DIRECTION ( 'NONE',  ( -0.000000000000000000, 0.000000000000000000, 1.000000000000000000 ) ) ;
#2900 = ORIENTED_EDGE ( 'NONE', *, *, #3216, .F. ) ;
#2901 = AXIS2_PLACEMENT_3D ( 'NONE', #466, #3543, #1167 ) ;
#2902 = DIRECTION ( 'NONE',  ( 0.000000000000000000, 1.000000000000000000, 0.000000000000000000 ) ) ;
#2903 = DIRECTION ( 'NONE',  ( 0.000000000000000000, 0.000000000000000000, 1.000000000000000000 ) ) ;
#2904 = DIRECTION ( 'NONE',  ( -0.000000000000000000, -0.000000000000000000, 1.000000000000000000 ) ) ;
#2905 = EDGE_CURVE ( 'NONE', #616, #1246, #211, .T. ) ;
#2906 = ADVANCED_FACE ( 'NONE', ( #72 ), #3021, .F. ) ;
#2907 = AXIS2_PLACEMENT_3D ( 'NONE', #796, #2355, #1992 ) ;
#2908 = CARTESIAN_POINT ( 'NONE',  ( -3.400000000000000355, 6.100000000000001421, 2.000000000000000000 ) ) ;
#2909 = DIRECTION ( 'NONE',  ( 1.000000000000000000, 0.000000000000000000, 0.000000000000000000 ) ) ;
#2910 = ORIENTED_EDGE ( 'NONE', *, *, #3888, .T. ) ;
#2911 = LINE ( 'NONE', #428, #400 ) ;
#2912 = DIRECTION ( 'NONE',  ( -1.000000000000000000, 0.000000000000000000, 0.000000000000000000 ) ) ;
#2913 = VECTOR ( 'NONE', #2941, 1000.000000000000000 ) ;
#2914 = ADVANCED_FACE ( 'NONE', ( #3703 ), #581, .F. ) ;
#2915 = DIRECTION ( 'NONE',  ( 0.000000000000000000, 0.000000000000000000, 1.000000000000000000 ) ) ;
#2916 = ORIENTED_EDGE ( 'NONE', *, *, #516, .T. ) ;
#2917 = EDGE_LOOP ( 'NONE', ( #45, #2424, #3020, #3696 ) ) ;
#2918 = CARTESIAN_POINT ( 'NONE',  ( 20.82499999999999929, -6.100000000000001421, -0.7012473179190117367 ) ) ;
#2919 = VECTOR ( 'NONE', #1459, 1000.000000000000000 ) ;
#2920 = VECTOR ( 'NONE', #1160, 1000.000000000000000 ) ;
#2921 = AXIS2_PLACEMENT_3D ( 'NONE', #646, #1562, #2772 ) ;
#2922 = ORIENTED_EDGE ( 'NONE', *, *, #1136, .T. ) ;
#2923 = PLANE ( 'NONE',  #1756 ) ;
#2924 = ORIENTED_EDGE ( 'NONE', *, *, #3074, .F. ) ;
#2925 = CARTESIAN_POINT ( 'NONE',  ( -26.19999999999997087, -30.19999999999999929, -0.000000000000000000 ) ) ;
#2926 = VECTOR ( 'NONE', #1052, 1000.000000000000000 ) ;
#2927 = CIRCLE ( 'NONE', #2672, 4.000000000000000000 ) ;
#2928 = VECTOR ( 'NONE', #3796, 1000.000000000000000 ) ;
#2929 = CIRCLE ( 'NONE', #2746, 1.424999999999999156 ) ;
#2930 = EDGE_LOOP ( 'NONE', ( #2053, #2892, #812, #651 ) ) ;
#2931 = FACE_OUTER_BOUND ( 'NONE', #223, .T. ) ;
#2932 = LINE ( 'NONE', #3886, #1709 ) ;
#2933 = DIRECTION ( 'NONE',  ( -1.000000000000000000, 0.000000000000000000, 0.000000000000000000 ) ) ;
#2934 = AXIS2_PLACEMENT_3D ( 'NONE', #1348, #152, #1644 ) ;
#2935 = FACE_OUTER_BOUND ( 'NONE', #201, .T. ) ;
#2936 = DIRECTION ( 'NONE',  ( 1.000000000000000000, -0.000000000000000000, 0.000000000000000000 ) ) ;
#2937 = DIRECTION ( 'NONE',  ( -1.000000000000000000, 0.000000000000000000, 9.714451465470119729E-17 ) ) ;
#2938 = DIRECTION ( 'NONE',  ( -0.000000000000000000, -0.000000000000000000, 1.000000000000000000 ) ) ;
#2939 = EDGE_CURVE ( 'NONE', #2086, #3611, #1493, .T. ) ;
#2940 = AXIS2_PLACEMENT_3D ( 'NONE', #2191, #1581, #54 ) ;
#2941 = DIRECTION ( 'NONE',  ( 0.000000000000000000, 1.000000000000000000, 0.000000000000000000 ) ) ;
#2942 = LINE ( 'NONE', #2318, #2821 ) ;
#2943 = ORIENTED_EDGE ( 'NONE', *, *, #2159, .T. ) ;
#2944 = ADVANCED_FACE ( 'NONE', ( #3296 ), #979, .F. ) ;
#2945 = ORIENTED_EDGE ( 'NONE', *, *, #2569, .T. ) ;
#2946 = ORIENTED_EDGE ( 'NONE', *, *, #915, .F. ) ;
#2947 = DIRECTION ( 'NONE',  ( 0.000000000000000000, 0.000000000000000000, 1.000000000000000000 ) ) ;
#2948 = ORIENTED_EDGE ( 'NONE', *, *, #538, .F. ) ;
#2949 = ORIENTED_EDGE ( 'NONE', *, *, #2959, .F. ) ;
#2950 = CARTESIAN_POINT ( 'NONE',  ( 25.09999999999999787, 28.10000000000000142, 0.000000000000000000 ) ) ;
#2951 = DIRECTION ( 'NONE',  ( -0.000000000000000000, -0.000000000000000000, 1.000000000000000000 ) ) ;
#2952 = FACE_OUTER_BOUND ( 'NONE', #232, .T. ) ;
#2953 = CIRCLE ( 'NONE', #521, 1.424999999999999156 ) ;
#2954 = DIRECTION ( 'NONE',  ( -0.000000000000000000, -0.000000000000000000, 1.000000000000000000 ) ) ;
#2955 = DIRECTION ( 'NONE',  ( 0.000000000000000000, 0.000000000000000000, 1.000000000000000000 ) ) ;
#2956 = DIRECTION ( 'NONE',  ( -0.000000000000000000, 0.000000000000000000, 1.000000000000000000 ) ) ;
#2957 = DIRECTION ( 'NONE',  ( 0.000000000000000000, -1.000000000000000000, 0.000000000000000000 ) ) ;
#2958 = CARTESIAN_POINT ( 'NONE',  ( -19.07500000000000284, -6.100000000000001421, 2.000000000000000000 ) ) ;
#2959 = EDGE_CURVE ( 'NONE', #3510, #3022, #1289, .T. ) ;
#2960 = DIRECTION ( 'NONE',  ( -0.000000000000000000, -0.000000000000000000, 1.000000000000000000 ) ) ;
#2961 = ORIENTED_EDGE ( 'NONE', *, *, #1714, .T. ) ;
#2962 = ORIENTED_EDGE ( 'NONE', *, *, #3661, .F. ) ;
#2963 = EDGE_CURVE ( 'NONE', #971, #3281, #3005, .T. ) ;
#2964 = EDGE_CURVE ( 'NONE', #2145, #2065, #3081, .T. ) ;
#2965 = AXIS2_PLACEMENT_3D ( 'NONE', #3236, #1730, #786 ) ;
#2966 = EDGE_LOOP ( 'NONE', ( #2872, #3809, #3764, #2220, #414, #77, #2203, #1351, #599 ) ) ;
#2967 = LINE ( 'NONE', #219, #2512 ) ;
#2968 = VERTEX_POINT ( 'NONE', #258 ) ;
#2969 = DIRECTION ( 'NONE',  ( 0.000000000000000000, 0.000000000000000000, 1.000000000000000000 ) ) ;
#2970 = VECTOR ( 'NONE', #3305, 1000.000000000000000 ) ;
#2971 = AXIS2_PLACEMENT_3D ( 'NONE', #2633, #860, #1444 ) ;
#2972 = EDGE_CURVE ( 'NONE', #1516, #787, #2193, .T. ) ;
#2973 = VERTEX_POINT ( 'NONE', #3402 ) ;
#2974 = DIRECTION ( 'NONE',  ( -1.000000000000000000, 0.000000000000000000, 0.000000000000000000 ) ) ;
#2975 = DIRECTION ( 'NONE',  ( 0.000000000000000000, -1.000000000000000000, 0.000000000000000000 ) ) ;
#2976 = DIRECTION ( 'NONE',  ( 0.000000000000000000, 0.000000000000000000, 1.000000000000000000 ) ) ;
#2977 = LINE ( 'NONE', #2014, #1513 ) ;
#2978 = CARTESIAN_POINT ( 'NONE',  ( -14.80000000000000071, 28.10000000000000142, -0.7012473179190117367 ) ) ;
#2979 = CARTESIAN_POINT ( 'NONE',  ( -12.03355894091131972, 31.19999999999999574, 2.000000000000000000 ) ) ;
#2980 = CARTESIAN_POINT ( 'NONE',  ( 26.20000000000000284, 26.19999999999999929, -0.7012473179189987471 ) ) ;
#2981 = VERTEX_POINT ( 'NONE', #3896 ) ;
#2982 = EDGE_LOOP ( 'NONE', ( #1808, #544, #703, #892 ) ) ;
#2983 = ORIENTED_EDGE ( 'NONE', *, *, #3270, .T. ) ;
#2984 = DIRECTION ( 'NONE',  ( 0.000000000000000000, 0.000000000000000000, 1.000000000000000000 ) ) ;
#2985 = ORIENTED_EDGE ( 'NONE', *, *, #1487, .F. ) ;
#2986 = EDGE_CURVE ( 'NONE', #747, #1091, #3914, .T. ) ;
#2987 = DIRECTION ( 'NONE',  ( -1.000000000000000000, 0.000000000000000000, 0.000000000000000000 ) ) ;
#2988 = AXIS2_PLACEMENT_3D ( 'NONE', #1694, #1140, #3285 ) ;
#2989 = VERTEX_POINT ( 'NONE', #2511 ) ;
#2990 = AXIS2_PLACEMENT_3D ( 'NONE', #2094, #1479, #3860 ) ;
#2991 = CARTESIAN_POINT ( 'NONE',  ( -21.92500000000000071, -28.10000000000000142, -0.7012473179190117367 ) ) ;
#2992 = ORIENTED_EDGE ( 'NONE', *, *, #3385, .F. ) ;
#2993 = CARTESIAN_POINT ( 'NONE',  ( 6.575000000000001066, -28.10000000000000142, 0.000000000000000000 ) ) ;
#2994 = EDGE_CURVE ( 'NONE', #2749, #2093, #3139, .T. ) ;
#2995 = VECTOR ( 'NONE', #3922, 1000.000000000000000 ) ;
#2996 = LINE ( 'NONE', #3013, #3761 ) ;
#2997 = AXIS2_PLACEMENT_3D ( 'NONE', #2202, #1574, #1334 ) ;
#2998 = DIRECTION ( 'NONE',  ( -1.000000000000000000, 0.000000000000000000, 0.000000000000000000 ) ) ;
#2999 = CARTESIAN_POINT ( 'NONE',  ( 2.299999999999999822, -28.10000000000000142, 0.000000000000000000 ) ) ;
#3000 = DIRECTION ( 'NONE',  ( -1.000000000000000000, 0.000000000000000000, 0.000000000000000000 ) ) ;
#3001 = CARTESIAN_POINT ( 'NONE',  ( 26.52499999999999503, -6.100000000000001421, 0.000000000000000000 ) ) ;
#3002 = ORIENTED_EDGE ( 'NONE', *, *, #1260, .F. ) ;
#3003 = CARTESIAN_POINT ( 'NONE',  ( 3.724999999999999201, 28.10000000000000142, -0.7012473179190117367 ) ) ;
#3004 = ORIENTED_EDGE ( 'NONE', *, *, #2513, .F. ) ;
#3005 = LINE ( 'NONE', #1875, #2143 ) ;
#3006 = ORIENTED_EDGE ( 'NONE', *, *, #384, .T. ) ;
#3007 = EDGE_CURVE ( 'NONE', #3281, #3597, #3612, .T. ) ;
#3008 = VERTEX_POINT ( 'NONE', #1807 ) ;
#3009 = DIRECTION ( 'NONE',  ( -0.000000000000000000, -1.000000000000000000, -0.000000000000000000 ) ) ;
#3010 = EDGE_LOOP ( 'NONE', ( #3377, #2461, #3675, #213 ) ) ;
#3011 = FACE_BOUND ( 'NONE', #1811, .T. ) ;
#3012 = DIRECTION ( 'NONE',  ( -0.000000000000000000, -0.000000000000000000, 1.000000000000000000 ) ) ;
#3013 = CARTESIAN_POINT ( 'NONE',  ( -10.52500000000000036, 6.100000000000001421, -0.7012473179190117367 ) ) ;
#3014 = EDGE_CURVE ( 'NONE', #3782, #1418, #3912, .T. ) ;
#3015 = CARTESIAN_POINT ( 'NONE',  ( -8.800000000000002487, 33.20000000000000284, -0.7012473179189979700 ) ) ;
#3016 = DIRECTION ( 'NONE',  ( -0.000000000000000000, -0.000000000000000000, 1.000000000000000000 ) ) ;
#3017 = CARTESIAN_POINT ( 'NONE',  ( 32.20000000000000284, -26.19999999999999929, -0.7012473179189993022 ) ) ;
#3018 = ORIENTED_EDGE ( 'NONE', *, *, #1743, .T. ) ;
#3019 = ORIENTED_EDGE ( 'NONE', *, *, #684, .T. ) ;
#3020 = ORIENTED_EDGE ( 'NONE', *, *, #2112, .F. ) ;
#3021 = CYLINDRICAL_SURFACE ( 'NONE', #1122, 1.424999999999999156 ) ;
#3022 = VERTEX_POINT ( 'NONE', #444 ) ;
#3023 = ORIENTED_EDGE ( 'NONE', *, *, #3051, .F. ) ;
#3024 = DIRECTION ( 'NONE',  ( -0.000000000000000000, -0.000000000000000000, -1.000000000000000000 ) ) ;
#3025 = ORIENTED_EDGE ( 'NONE', *, *, #2066, .T. ) ;
#3026 = FACE_OUTER_BOUND ( 'NONE', #648, .T. ) ;
#3027 = VECTOR ( 'NONE', #3163, 1000.000000000000000 ) ;
#3028 = DIRECTION ( 'NONE',  ( 1.000000000000000000, 0.000000000000000000, 0.000000000000000000 ) ) ;
#3029 = DIRECTION ( 'NONE',  ( 1.000000000000000000, 0.000000000000000000, -1.084202172485504434E-16 ) ) ;
#3030 = DIRECTION ( 'NONE',  ( -0.000000000000000000, -0.000000000000000000, 1.000000000000000000 ) ) ;
#3031 = DIRECTION ( 'NONE',  ( 0.000000000000000000, 1.000000000000000000, 0.000000000000000000 ) ) ;
#3032 = EDGE_CURVE ( 'NONE', #1899, #1005, #167, .T. ) ;
#3033 = EDGE_CURVE ( 'NONE', #1852, #955, #3126, .T. ) ;
#3034 = DIRECTION ( 'NONE',  ( -0.000000000000000000, -0.000000000000000000, 1.000000000000000000 ) ) ;
#3035 = ORIENTED_EDGE ( 'NONE', *, *, #3014, .T. ) ;
#3036 = VECTOR ( 'NONE', #1292, 1000.000000000000000 ) ;
#3037 = VERTEX_POINT ( 'NONE', #387 ) ;
#3038 = ADVANCED_FACE ( 'NONE', ( #1678 ), #3765, .F. ) ;
#3039 = EDGE_LOOP ( 'NONE', ( #237, #3405, #3575, #3489 ) ) ;
#3040 = ORIENTED_EDGE ( 'NONE', *, *, #3684, .F. ) ;
#3041 = CIRCLE ( 'NONE', #3544, 1.424999999999999156 ) ;
#3042 = ORIENTED_EDGE ( 'NONE', *, *, #2768, .F. ) ;
#3043 = CARTESIAN_POINT ( 'NONE',  ( 9.424999999999998934, -28.10000000000000142, 2.000000000000000000 ) ) ;
#3044 = ORIENTED_EDGE ( 'NONE', *, *, #3857, .T. ) ;
#3045 = DIRECTION ( 'NONE',  ( 1.000000000000000000, -0.000000000000000000, 0.000000000000000000 ) ) ;
#3046 = AXIS2_PLACEMENT_3D ( 'NONE', #993, #1301, #3760 ) ;
#3047 = CARTESIAN_POINT ( 'NONE',  ( -12.03355894091126466, -2.312468603270956109E-14, -0.7012473179189987471 ) ) ;
#3048 = CARTESIAN_POINT ( 'NONE',  ( -9.800000000000002487, -33.20000000000000284, 2.000000000000000000 ) ) ;
#3049 = CARTESIAN_POINT ( 'NONE',  ( 0.8750000000000007772, 28.10000000000000142, -0.7012473179190117367 ) ) ;
#3050 = AXIS2_PLACEMENT_3D ( 'NONE', #1035, #2247, #725 ) ;
#3051 = EDGE_CURVE ( 'NONE', #546, #3533, #2911, .T. ) ;
#3052 = CARTESIAN_POINT ( 'NONE',  ( -27.62500000000000000, 6.100000000000001421, 2.000000000000000000 ) ) ;
#3053 = ORIENTED_EDGE ( 'NONE', *, *, #1212, .T. ) ;
#3054 = EDGE_LOOP ( 'NONE', ( #1004, #3657, #2922, #1571 ) ) ;
#3055 = AXIS2_PLACEMENT_3D ( 'NONE', #3369, #2776, #3088 ) ;
#3056 = EDGE_CURVE ( 'NONE', #3129, #1230, #3527, .T. ) ;
#3057 = ORIENTED_EDGE ( 'NONE', *, *, #2859, .T. ) ;
#3058 = VERTEX_POINT ( 'NONE', #2275 ) ;
#3059 = EDGE_CURVE ( 'NONE', #931, #2340, #927, .T. ) ;
#3060 = ORIENTED_EDGE ( 'NONE', *, *, #2467, .T. ) ;
#3061 = DIRECTION ( 'NONE',  ( 0.000000000000000000, 0.000000000000000000, 1.000000000000000000 ) ) ;
#3062 = EDGE_LOOP ( 'NONE', ( #679, #3547, #1471, #3303 ) ) ;
#3063 = PLANE ( 'NONE',  #1150 ) ;
#3064 = CARTESIAN_POINT ( 'NONE',  ( -7.675000000000001599, 28.10000000000000142, -0.7012473179190117367 ) ) ;
#3065 = CARTESIAN_POINT ( 'NONE',  ( 13.70000000000000462, 6.100000000000001421, -0.7012473179190117367 ) ) ;
#3066 = FACE_OUTER_BOUND ( 'NONE', #758, .T. ) ;
#3067 = LINE ( 'NONE', #1506, #388 ) ;
#3068 = EDGE_LOOP ( 'NONE', ( #693, #1098, #2114, #128 ) ) ;
#3069 = EDGE_CURVE ( 'NONE', #1434, #3335, #3480, .T. ) ;
#3070 = CYLINDRICAL_SURFACE ( 'NONE', #3055, 1.424999999999999156 ) ;
#3071 = ORIENTED_EDGE ( 'NONE', *, *, #1503, .T. ) ;
#3072 = VERTEX_POINT ( 'NONE', #406 ) ;
#3073 = ADVANCED_FACE ( 'NONE', ( #1061 ), #1364, .F. ) ;
#3074 = EDGE_CURVE ( 'NONE', #501, #3496, #1381, .T. ) ;
#3075 = ORIENTED_EDGE ( 'NONE', *, *, #120, .T. ) ;
#3076 = DIRECTION ( 'NONE',  ( -0.000000000000000000, -0.000000000000000000, 1.000000000000000000 ) ) ;
#3077 = ORIENTED_EDGE ( 'NONE', *, *, #3662, .T. ) ;
#3078 = FACE_BOUND ( 'NONE', #714, .T. ) ;
#3079 = EDGE_CURVE ( 'NONE', #1840, #1032, #2588, .T. ) ;
#3080 = FACE_OUTER_BOUND ( 'NONE', #3468, .T. ) ;
#3081 = CIRCLE ( 'NONE', #1565, 1.000000000000000888 ) ;
#3082 = CARTESIAN_POINT ( 'NONE',  ( 0.8750000000000007772, -6.100000000000001421, 2.000000000000000000 ) ) ;
#3083 = CARTESIAN_POINT ( 'NONE',  ( 26.19999999999997442, 30.19999999999999929, -0.7012473179190029660 ) ) ;
#3084 = CIRCLE ( 'NONE', #2194, 1.424999999999999156 ) ;
#3085 = CARTESIAN_POINT ( 'NONE',  ( -9.099999999999999645, 28.10000000000000142, 0.000000000000000000 ) ) ;
#3086 = ORIENTED_EDGE ( 'NONE', *, *, #3144, .F. ) ;
#3087 = DIRECTION ( 'NONE',  ( 0.000000000000000000, -0.000000000000000000, -1.000000000000000000 ) ) ;
#3088 = DIRECTION ( 'NONE',  ( 1.000000000000000000, 0.000000000000000000, 0.000000000000000000 ) ) ;
#3089 = ORIENTED_EDGE ( 'NONE', *, *, #516, .F. ) ;
#3090 = ORIENTED_EDGE ( 'NONE', *, *, #3561, .F. ) ;
#3091 = LINE ( 'NONE', #2198, #727 ) ;
#3092 = ORIENTED_EDGE ( 'NONE', *, *, #1219, .F. ) ;
#3093 = EDGE_CURVE ( 'NONE', #1706, #1626, #1640, .T. ) ;
#3094 = EDGE_CURVE ( 'NONE', #2558, #2656, #2611, .T. ) ;
#3095 = LINE ( 'NONE', #1944, #1247 ) ;
#3096 = ORIENTED_EDGE ( 'NONE', *, *, #3560, .F. ) ;
#3097 = PLANE ( 'NONE',  #888 ) ;
#3098 = EDGE_CURVE ( 'NONE', #3655, #1159, #1935, .T. ) ;
#3099 = DIRECTION ( 'NONE',  ( 1.732762731588011396E-15, 1.000000000000000000, 2.394758726656974063E-17 ) ) ;
#3100 = DIRECTION ( 'NONE',  ( 1.000000000000000000, 0.000000000000000000, 0.000000000000000000 ) ) ;
#3101 = FACE_OUTER_BOUND ( 'NONE', #1751, .T. ) ;
#3102 = VECTOR ( 'NONE', #2034, 1000.000000000000000 ) ;
#3103 = VECTOR ( 'NONE', #1502, 1000.000000000000000 ) ;
#3104 = DIRECTION ( 'NONE',  ( -0.000000000000000000, -0.000000000000000000, -1.000000000000000000 ) ) ;
#3105 = ORIENTED_EDGE ( 'NONE', *, *, #1062, .T. ) ;
#3106 = CARTESIAN_POINT ( 'NONE',  ( -1.975000000000000977, 28.10000000000000142, 2.000000000000000000 ) ) ;
#3107 = CIRCLE ( 'NONE', #3239, 1.424999999999999156 ) ;
#3108 = VECTOR ( 'NONE', #2452, 1000.000000000000000 ) ;
#3109 = VECTOR ( 'NONE', #1594, 1000.000000000000000 ) ;
#3110 = AXIS2_PLACEMENT_3D ( 'NONE', #3890, #3865, #1760 ) ;
#3111 = CARTESIAN_POINT ( 'NONE',  ( -3.400000000000000355, -6.100000000000001421, 2.000000000000000000 ) ) ;
#3112 = EDGE_LOOP ( 'NONE', ( #2460, #448, #178, #1478 ) ) ;
#3113 = EDGE_LOOP ( 'NONE', ( #1768, #2780, #3432, #622 ) ) ;
#3114 = DIRECTION ( 'NONE',  ( 1.000000000000000000, -0.000000000000000000, 0.000000000000000000 ) ) ;
#3115 = VERTEX_POINT ( 'NONE', #1084 ) ;
#3116 = CARTESIAN_POINT ( 'NONE',  ( -3.400000000000000355, 28.10000000000000142, -0.7012473179190117367 ) ) ;
#3117 = ORIENTED_EDGE ( 'NONE', *, *, #1014, .F. ) ;
#3118 = DIRECTION ( 'NONE',  ( -0.000000000000000000, 0.000000000000000000, 1.000000000000000000 ) ) ;
#3119 = VECTOR ( 'NONE', #3225, 1000.000000000000000 ) ;
#3120 = EDGE_CURVE ( 'NONE', #1569, #1514, #2257, .T. ) ;
#3121 = DIRECTION ( 'NONE',  ( -0.000000000000000000, -1.000000000000000000, -0.000000000000000000 ) ) ;
#3122 = CARTESIAN_POINT ( 'NONE',  ( 20.82499999999999929, 28.10000000000000142, 2.000000000000000000 ) ) ;
#3123 = CIRCLE ( 'NONE', #3441, 1.424999999999999156 ) ;
#3124 = CARTESIAN_POINT ( 'NONE',  ( -13.68347756033250207, 49.42306307526322229, -0.7012473179190005235 ) ) ;
#3125 = ORIENTED_EDGE ( 'NONE', *, *, #2696, .F. ) ;
#3126 = LINE ( 'NONE', #3826, #3027 ) ;
#3127 = ADVANCED_FACE ( 'NONE', ( #2572 ), #3742, .T. ) ;
#3128 = CARTESIAN_POINT ( 'NONE',  ( -20.50000000000000000, 6.100000000000001421, 2.000000000000000000 ) ) ;
#3129 = VERTEX_POINT ( 'NONE', #2295 ) ;
#3130 = ORIENTED_EDGE ( 'NONE', *, *, #102, .T. ) ;
#3131 = AXIS2_PLACEMENT_3D ( 'NONE', #942, #2124, #305 ) ;
#3132 = VERTEX_POINT ( 'NONE', #3143 ) ;
#3133 = DIRECTION ( 'NONE',  ( -1.000000000000000000, 0.000000000000000000, 0.000000000000000000 ) ) ;
#3134 = ORIENTED_EDGE ( 'NONE', *, *, #1377, .T. ) ;
#3135 = CARTESIAN_POINT ( 'NONE',  ( -24.77500000000000213, -6.100000000000001421, 0.000000000000000000 ) ) ;
#3136 = DIRECTION ( 'NONE',  ( -0.000000000000000000, -0.000000000000000000, 1.000000000000000000 ) ) ;
#3137 = CARTESIAN_POINT ( 'NONE',  ( 27.05714285714284628, -32.13845991166472515, -0.7012473179189989692 ) ) ;
#3138 = CARTESIAN_POINT ( 'NONE',  ( 13.70000000000000462, -6.100000000000001421, 2.000000000000000000 ) ) ;
#3139 = CIRCLE ( 'NONE', #1372, 1.000000000000000888 ) ;
#3140 = FACE_OUTER_BOUND ( 'NONE', #1410, .T. ) ;
#3141 = ORIENTED_EDGE ( 'NONE', *, *, #2742, .F. ) ;
#3142 = EDGE_CURVE ( 'NONE', #2047, #1189, #2895, .T. ) ;
#3143 = CARTESIAN_POINT ( 'NONE',  ( -21.92500000000000071, 28.10000000000000142, 0.000000000000000000 ) ) ;
#3144 = EDGE_CURVE ( 'NONE', #971, #3411, #865, .T. ) ;
#3145 = VECTOR ( 'NONE', #2167, 1000.000000000000000 ) ;
#3146 = VECTOR ( 'NONE', #2532, 1000.000000000000000 ) ;
#3147 = CARTESIAN_POINT ( 'NONE',  ( 23.67499999999999716, -28.10000000000000142, -0.7012473179190117367 ) ) ;
#3148 = DIRECTION ( 'NONE',  ( 0.000000000000000000, 0.000000000000000000, 1.000000000000000000 ) ) ;
#3149 = VERTEX_POINT ( 'NONE', #2039 ) ;
#3150 = EDGE_CURVE ( 'NONE', #2362, #2086, #1124, .T. ) ;
#3151 = ORIENTED_EDGE ( 'NONE', *, *, #2742, .T. ) ;
#3152 = ORIENTED_EDGE ( 'NONE', *, *, #3751, .T. ) ;
#3153 = DIRECTION ( 'NONE',  ( 0.000000000000000000, -1.000000000000000000, 0.000000000000000000 ) ) ;
#3154 = ORIENTED_EDGE ( 'NONE', *, *, #3437, .T. ) ;
#3155 = DIRECTION ( 'NONE',  ( 0.000000000000000000, 0.000000000000000000, 1.000000000000000000 ) ) ;
#3156 = DIRECTION ( 'NONE',  ( 1.000000000000000000, 0.000000000000000000, 0.000000000000000000 ) ) ;
#3157 = DIRECTION ( 'NONE',  ( 0.000000000000000000, 0.000000000000000000, 1.000000000000000000 ) ) ;
#3158 = CARTESIAN_POINT ( 'NONE',  ( -26.19999999999999929, -26.19999999999999929, -94.64761499650464316 ) ) ;
#3159 = DIRECTION ( 'NONE',  ( 0.000000000000000000, 1.000000000000000000, 0.000000000000000000 ) ) ;
#3160 = VECTOR ( 'NONE', #3871, 1000.000000000000000 ) ;
#3161 = FACE_OUTER_BOUND ( 'NONE', #1848, .T. ) ;
#3162 = ORIENTED_EDGE ( 'NONE', *, *, #2434, .F. ) ;
#3163 = DIRECTION ( 'NONE',  ( -0.000000000000000000, -0.000000000000000000, 1.000000000000000000 ) ) ;
#3164 = EDGE_CURVE ( 'NONE', #2619, #3877, #3084, .T. ) ;
#3165 = VECTOR ( 'NONE', #2757, 1000.000000000000000 ) ;
#3166 = AXIS2_PLACEMENT_3D ( 'NONE', #591, #1836, #2436 ) ;
#3167 = DIRECTION ( 'NONE',  ( -0.000000000000000000, 1.000000000000000000, -0.000000000000000000 ) ) ;
#3168 = VERTEX_POINT ( 'NONE', #1485 ) ;
#3169 = VECTOR ( 'NONE', #1815, 1000.000000000000000 ) ;
#3170 = ORIENTED_EDGE ( 'NONE', *, *, #2324, .T. ) ;
#3171 = CARTESIAN_POINT ( 'NONE',  ( 26.19999999999997442, 30.19999999999999929, -94.64761499650464316 ) ) ;
#3172 = VECTOR ( 'NONE', #3009, 1000.000000000000000 ) ;
#3173 = EDGE_CURVE ( 'NONE', #2501, #1980, #2694, .T. ) ;
#3174 = VERTEX_POINT ( 'NONE', #879 ) ;
#3175 = DIRECTION ( 'NONE',  ( 0.000000000000000000, 0.000000000000000000, 1.000000000000000000 ) ) ;
#3176 = ORIENTED_EDGE ( 'NONE', *, *, #1482, .F. ) ;
#3177 = FACE_BOUND ( 'NONE', #3595, .T. ) ;
#3178 = ADVANCED_FACE ( 'NONE', ( #1720 ), #820, .F. ) ;
#3179 = FACE_OUTER_BOUND ( 'NONE', #1988, .T. ) ;
#3180 = CARTESIAN_POINT ( 'NONE',  ( -19.07500000000000284, -28.10000000000000142, -0.7012473179190117367 ) ) ;
#3181 = PLANE ( 'NONE',  #2718 ) ;
#3182 = DIRECTION ( 'NONE',  ( -0.000000000000000000, 1.000000000000000000, -0.000000000000000000 ) ) ;
#3183 = ORIENTED_EDGE ( 'NONE', *, *, #2861, .T. ) ;
#3184 = CARTESIAN_POINT ( 'NONE',  ( 15.12500000000000355, -6.100000000000001421, -0.7012473179190117367 ) ) ;
#3185 = CARTESIAN_POINT ( 'NONE',  ( -9.099999999999999645, 28.10000000000000142, -0.7012473179190117367 ) ) ;
#3186 = DIRECTION ( 'NONE',  ( 0.000000000000000000, 0.000000000000000000, -1.000000000000000000 ) ) ;
#3187 = ORIENTED_EDGE ( 'NONE', *, *, #1210, .T. ) ;
#3188 = ORIENTED_EDGE ( 'NONE', *, *, #1058, .F. ) ;
#3189 = ORIENTED_EDGE ( 'NONE', *, *, #3775, .T. ) ;
#3190 = DIRECTION ( 'NONE',  ( 1.000000000000000000, 0.000000000000000000, 0.000000000000000000 ) ) ;
#3191 = VERTEX_POINT ( 'NONE', #3891 ) ;
#3192 = EDGE_CURVE ( 'NONE', #1702, #1390, #1424, .T. ) ;
#3193 = DIRECTION ( 'NONE',  ( -0.000000000000000000, 0.000000000000000000, 1.000000000000000000 ) ) ;
#3194 = EDGE_CURVE ( 'NONE', #721, #427, #2773, .T. ) ;
#3195 = CARTESIAN_POINT ( 'NONE',  ( -11.03355894091131795, 32.20000000000000284, 2.000000000000000000 ) ) ;
#3196 = ORIENTED_EDGE ( 'NONE', *, *, #1283, .F. ) ;
#3197 = LINE ( 'NONE', #3536, #2224 ) ;
#3198 = CARTESIAN_POINT ( 'NONE',  ( 20.82499999999999929, -6.100000000000001421, 2.000000000000000000 ) ) ;
#3199 = CARTESIAN_POINT ( 'NONE',  ( 6.575000000000001066, 28.10000000000000142, -0.7012473179190117367 ) ) ;
#3200 = EDGE_CURVE ( 'NONE', #155, #3769, #3522, .T. ) ;
#3201 = CARTESIAN_POINT ( 'NONE',  ( 27.19999999999998153, 33.12820323027550984, 2.000000000000000000 ) ) ;
#3202 = CARTESIAN_POINT ( 'NONE',  ( -8.800000000000002487, 0.000000000000000000, -94.64761499650464316 ) ) ;
#3203 = ORIENTED_EDGE ( 'NONE', *, *, #287, .T. ) ;
#3204 = CARTESIAN_POINT ( 'NONE',  ( -0.01422889507609436180, 30.20566191155180746, 0.000000000000000000 ) ) ;
#3205 = DIRECTION ( 'NONE',  ( 1.000000000000000000, 0.000000000000000000, 0.000000000000000000 ) ) ;
#3206 = DIRECTION ( 'NONE',  ( -0.000000000000000000, -0.000000000000000000, 1.000000000000000000 ) ) ;
#3207 = CARTESIAN_POINT ( 'NONE',  ( -26.43284812093929759, 32.19548011026432022, 2.000000000000000000 ) ) ;
#3208 = VERTEX_POINT ( 'NONE', #1778 ) ;
#3209 = VECTOR ( 'NONE', #1473, 1000.000000000000000 ) ;
#3210 = VERTEX_POINT ( 'NONE', #840 ) ;
#3211 = ORIENTED_EDGE ( 'NONE', *, *, #3535, .T. ) ;
#3212 = CARTESIAN_POINT ( 'NONE',  ( 19.40000000000000213, -28.10000000000000142, 2.000000000000000000 ) ) ;
#3213 = ORIENTED_EDGE ( 'NONE', *, *, #1283, .T. ) ;
#3214 = FACE_OUTER_BOUND ( 'NONE', #2966, .T. ) ;
#3215 = EDGE_CURVE ( 'NONE', #2857, #747, #1374, .T. ) ;
#3216 = EDGE_CURVE ( 'NONE', #3528, #2107, #3594, .T. ) ;
#3217 = ORIENTED_EDGE ( 'NONE', *, *, #1693, .F. ) ;
#3218 = VECTOR ( 'NONE', #1721, 1000.000000000000000 ) ;
#3219 = CARTESIAN_POINT ( 'NONE',  ( 26.20000000000000284, -26.19999999999999929, 2.000000000000000000 ) ) ;
#3220 = CARTESIAN_POINT ( 'NONE',  ( -1.975000000000000977, 28.10000000000000142, 2.000000000000000000 ) ) ;
#3221 = DIRECTION ( 'NONE',  ( 1.000000000000000000, -0.000000000000000000, 0.000000000000000000 ) ) ;
#3222 = CIRCLE ( 'NONE', #2150, 4.000000000000000000 ) ;
#3223 = EDGE_CURVE ( 'NONE', #3008, #2989, #1249, .T. ) ;
#3224 = DIRECTION ( 'NONE',  ( 0.000000000000000000, 0.000000000000000000, 1.000000000000000000 ) ) ;
#3225 = DIRECTION ( 'NONE',  ( 1.000000000000000000, 0.000000000000000000, -9.714451465470119729E-17 ) ) ;
#3226 = DIRECTION ( 'NONE',  ( -0.000000000000000000, 1.000000000000000000, -0.000000000000000000 ) ) ;
#3227 = FACE_OUTER_BOUND ( 'NONE', #347, .T. ) ;
#3228 = LINE ( 'NONE', #1741, #682 ) ;
#3229 = LINE ( 'NONE', #1064, #2433 ) ;
#3230 = CARTESIAN_POINT ( 'NONE',  ( -4.824999999999999289, 28.10000000000000142, 2.000000000000000000 ) ) ;
#3231 = ORIENTED_EDGE ( 'NONE', *, *, #2836, .F. ) ;
#3232 = VERTEX_POINT ( 'NONE', #2979 ) ;
#3233 = VECTOR ( 'NONE', #459, 1000.000000000000000 ) ;
#3234 = AXIS2_PLACEMENT_3D ( 'NONE', #939, #3030, #284 ) ;
#3235 = ORIENTED_EDGE ( 'NONE', *, *, #3888, .F. ) ;
#3236 = CARTESIAN_POINT ( 'NONE',  ( -32.20000000000000284, 0.000000000000000000, 2.000000000000000000 ) ) ;
#3237 = ORIENTED_EDGE ( 'NONE', *, *, #1932, .F. ) ;
#3238 = DIRECTION ( 'NONE',  ( -0.000000000000000000, 0.000000000000000000, 1.000000000000000000 ) ) ;
#3239 = AXIS2_PLACEMENT_3D ( 'NONE', #706, #3395, #1928 ) ;
#3240 = ORIENTED_EDGE ( 'NONE', *, *, #1184, .T. ) ;
#3241 = CARTESIAN_POINT ( 'NONE',  ( -27.62500000000000000, 6.100000000000001421, -0.7012473179190117367 ) ) ;
#3242 = DIRECTION ( 'NONE',  ( 1.000000000000000000, 0.000000000000000000, 0.000000000000000000 ) ) ;
#3243 = CYLINDRICAL_SURFACE ( 'NONE', #169, 1.424999999999999156 ) ;
#3244 = EDGE_CURVE ( 'NONE', #2278, #3210, #2374, .T. ) ;
#3245 = DIRECTION ( 'NONE',  ( 1.000000000000000000, 0.000000000000000000, 0.000000000000000000 ) ) ;
#3246 = DIRECTION ( 'NONE',  ( 1.000000000000000000, 0.000000000000000000, 0.000000000000000000 ) ) ;
#3247 = CARTESIAN_POINT ( 'NONE',  ( -30.19999999999999929, -26.19999999999997087, -94.64761499650464316 ) ) ;
#3248 = CARTESIAN_POINT ( 'NONE',  ( 26.19999999999998863, -33.12820323027552405, 2.000000000000001776 ) ) ;
#3249 = EDGE_CURVE ( 'NONE', #1049, #721, #1182, .T. ) ;
#3250 = ADVANCED_FACE ( 'NONE', ( #1739 ), #209, .F. ) ;
#3251 = CIRCLE ( 'NONE', #904, 1.424999999999999156 ) ;
#3252 = CARTESIAN_POINT ( 'NONE',  ( 26.52499999999999503, 28.10000000000000142, 0.000000000000000000 ) ) ;
#3253 = CARTESIAN_POINT ( 'NONE',  ( -19.07500000000000284, -28.10000000000000142, 2.000000000000000000 ) ) ;
#3254 = LINE ( 'NONE', #514, #1833 ) ;
#3255 = ORIENTED_EDGE ( 'NONE', *, *, #611, .F. ) ;
#3256 = ORIENTED_EDGE ( 'NONE', *, *, #2660, .F. ) ;
#3257 = AXIS2_PLACEMENT_3D ( 'NONE', #1086, #3206, #2614 ) ;
#3258 = VERTEX_POINT ( 'NONE', #229 ) ;
#3259 = CARTESIAN_POINT ( 'NONE',  ( -21.92500000000000071, 28.10000000000000142, 2.000000000000000000 ) ) ;
#3260 = ORIENTED_EDGE ( 'NONE', *, *, #3642, .F. ) ;
#3261 = ORIENTED_EDGE ( 'NONE', *, *, #1332, .T. ) ;
#3262 = DIRECTION ( 'NONE',  ( 0.000000000000000000, 0.000000000000000000, -1.000000000000000000 ) ) ;
#3263 = FACE_OUTER_BOUND ( 'NONE', #3753, .T. ) ;
#3264 = LINE ( 'NONE', #2332, #3937 ) ;
#3265 = PLANE ( 'NONE',  #2751 ) ;
#3266 = CARTESIAN_POINT ( 'NONE',  ( 26.52499999999999503, -28.10000000000000142, -0.7012473179190117367 ) ) ;
#3267 = DIRECTION ( 'NONE',  ( 0.000000000000000000, 0.000000000000000000, 1.000000000000000000 ) ) ;
#3268 = CARTESIAN_POINT ( 'NONE',  ( 26.52499999999999503, 28.10000000000000142, -0.7012473179190117367 ) ) ;
#3269 = CARTESIAN_POINT ( 'NONE',  ( -10.52500000000000036, -6.100000000000001421, -0.7012473179190117367 ) ) ;
#3270 = EDGE_CURVE ( 'NONE', #3388, #3900, #729, .T. ) ;
#3271 = ADVANCED_FACE ( 'NONE', ( #1463 ), #3602, .F. ) ;
#3272 = CARTESIAN_POINT ( 'NONE',  ( -24.77500000000000213, 28.10000000000000142, 0.000000000000000000 ) ) ;
#3273 = ORIENTED_EDGE ( 'NONE', *, *, #1723, .T. ) ;
#3274 = ORIENTED_EDGE ( 'NONE', *, *, #2004, .F. ) ;
#3275 = EDGE_CURVE ( 'NONE', #197, #3149, #268, .T. ) ;
#3276 = VECTOR ( 'NONE', #869, 1000.000000000000000 ) ;
#3277 = ORIENTED_EDGE ( 'NONE', *, *, #3779, .F. ) ;
#3278 = CARTESIAN_POINT ( 'NONE',  ( -9.800000000000002487, -33.20000000000000284, 2.000000000000000000 ) ) ;
#3279 = ORIENTED_EDGE ( 'NONE', *, *, #3094, .F. ) ;
#3280 = AXIS2_PLACEMENT_3D ( 'NONE', #3268, #1166, #799 ) ;
#3281 = VERTEX_POINT ( 'NONE', #3846 ) ;
#3282 = CARTESIAN_POINT ( 'NONE',  ( 20.82499999999999929, 28.10000000000000142, -0.7012473179190117367 ) ) ;
#3283 = EDGE_LOOP ( 'NONE', ( #108, #1850, #131, #764 ) ) ;
#3284 = CARTESIAN_POINT ( 'NONE',  ( 17.97500000000000142, -6.100000000000001421, 0.000000000000000000 ) ) ;
#3285 = DIRECTION ( 'NONE',  ( -1.734723475976805319E-15, 1.000000000000000000, 0.000000000000000000 ) ) ;
#3286 = PLANE ( 'NONE',  #507 ) ;
#3287 = DIRECTION ( 'NONE',  ( 9.714451465470119729E-17, -2.394758726656991011E-17, 1.000000000000000000 ) ) ;
#3288 = DIRECTION ( 'NONE',  ( 0.000000000000000000, 0.000000000000000000, 1.000000000000000000 ) ) ;
#3289 = CARTESIAN_POINT ( 'NONE',  ( 26.52499999999999503, -28.10000000000000142, 2.000000000000000000 ) ) ;
#3290 = DIRECTION ( 'NONE',  ( 0.000000000000000000, 0.000000000000000000, 1.000000000000000000 ) ) ;
#3291 = EDGE_LOOP ( 'NONE', ( #1492, #1747, #1223, #2766 ) ) ;
#3292 = APPLICATION_CONTEXT ( 'automotive_design' ) ;
#3293 = VERTEX_POINT ( 'NONE', #3542 ) ;
#3294 = EDGE_CURVE ( 'NONE', #2973, #3258, #1561, .T. ) ;
#3295 = EDGE_LOOP ( 'NONE', ( #3057, #1680, #1527, #3936 ) ) ;
#3296 = FACE_OUTER_BOUND ( 'NONE', #25, .T. ) ;
#3297 = EDGE_LOOP ( 'NONE', ( #114, #2365, #1664, #2026 ) ) ;
#3298 = AXIS2_PLACEMENT_3D ( 'NONE', #2013, #3221, #3374 ) ;
#3299 = VECTOR ( 'NONE', #3905, 1000.000000000000000 ) ;
#3300 = VERTEX_POINT ( 'NONE', #302 ) ;
#3301 = CIRCLE ( 'NONE', #3166, 1.424999999999999156 ) ;
#3302 = CARTESIAN_POINT ( 'NONE',  ( -26.43284812093929759, 32.19548011026432022, -0.7012473179189987471 ) ) ;
#3303 = ORIENTED_EDGE ( 'NONE', *, *, #3059, .T. ) ;
#3304 = DIRECTION ( 'NONE',  ( 9.714451465470119729E-17, -2.394758726656991011E-17, 1.000000000000000000 ) ) ;
#3305 = DIRECTION ( 'NONE',  ( 0.000000000000000000, -1.000000000000000000, 0.000000000000000000 ) ) ;
#3306 = CIRCLE ( 'NONE', #1591, 1.424999999999999156 ) ;
#3307 = DIRECTION ( 'NONE',  ( -0.000000000000000000, -0.000000000000000000, 1.000000000000000000 ) ) ;
#3308 = CARTESIAN_POINT ( 'NONE',  ( 26.19999999999998863, -33.12820323027552405, -0.7012473179189995243 ) ) ;
#3309 = CARTESIAN_POINT ( 'NONE',  ( -32.20000000000000284, 0.000000000000000000, 2.000000000000000000 ) ) ;
#3310 = DIRECTION ( 'NONE',  ( -0.000000000000000000, 0.000000000000000000, 1.000000000000000000 ) ) ;
#3311 = DIRECTION ( 'NONE',  ( 0.000000000000000000, -0.000000000000000000, -1.000000000000000000 ) ) ;
#3312 = EDGE_LOOP ( 'NONE', ( #63, #674, #2503, #926 ) ) ;
#3313 = DIRECTION ( 'NONE',  ( -0.000000000000000000, -0.000000000000000000, 1.000000000000000000 ) ) ;
#3314 = VECTOR ( 'NONE', #3647, 1000.000000000000000 ) ;
#3315 = VERTEX_POINT ( 'NONE', #1281 ) ;
#3316 = DIRECTION ( 'NONE',  ( -1.000000000000000000, 0.000000000000000000, 0.000000000000000000 ) ) ;
#3317 = ORIENTED_EDGE ( 'NONE', *, *, #564, .F. ) ;
#3318 = EDGE_LOOP ( 'NONE', ( #2536, #3469, #2824, #2683 ) ) ;
#3319 = EDGE_CURVE ( 'NONE', #3293, #3788, #2413, .T. ) ;
#3320 = DIRECTION ( 'NONE',  ( 1.000000000000000000, 0.000000000000000000, 0.000000000000000000 ) ) ;
#3321 = ORIENTED_EDGE ( 'NONE', *, *, #1352, .T. ) ;
#3322 = FACE_BOUND ( 'NONE', #1922, .T. ) ;
#3323 = LINE ( 'NONE', #2409, #1417 ) ;
#3324 = EDGE_CURVE ( 'NONE', #3687, #1314, #3301, .T. ) ;
#3325 = CARTESIAN_POINT ( 'NONE',  ( 23.67499999999999716, 28.10000000000000142, 2.000000000000000000 ) ) ;
#3326 = FACE_OUTER_BOUND ( 'NONE', #1157, .T. ) ;
#3327 = CIRCLE ( 'NONE', #3646, 5.999999999999998224 ) ;
#3328 = CARTESIAN_POINT ( 'NONE',  ( -7.800000000000002487, -34.20000000000000284, -0.7012473179189979700 ) ) ;
#3329 = VERTEX_POINT ( 'NONE', #645 ) ;
#3330 = VERTEX_POINT ( 'NONE', #1816 ) ;
#3331 = DIRECTION ( 'NONE',  ( -0.000000000000000000, 0.000000000000000000, 1.000000000000000000 ) ) ;
#3332 = ORIENTED_EDGE ( 'NONE', *, *, #1819, .F. ) ;
#3333 = DIRECTION ( 'NONE',  ( 1.000000000000000000, 0.000000000000000000, 0.000000000000000000 ) ) ;
#3334 = ORIENTED_EDGE ( 'NONE', *, *, #3223, .F. ) ;
#3335 = VERTEX_POINT ( 'NONE', #3664 ) ;
#3336 = DIRECTION ( 'NONE',  ( 0.000000000000000000, 1.000000000000000000, 0.000000000000000000 ) ) ;
#3337 = ORIENTED_EDGE ( 'NONE', *, *, #707, .F. ) ;
#3338 = DIRECTION ( 'NONE',  ( 1.000000000000000000, 0.000000000000000000, 0.000000000000000000 ) ) ;
#3339 = AXIS2_PLACEMENT_3D ( 'NONE', #732, #3159, #3492 ) ;
#3340 = AXIS2_PLACEMENT_3D ( 'NONE', #2109, #999, #2794 ) ;
#3341 = EDGE_CURVE ( 'NONE', #1126, #1091, #2098, .T. ) ;
#3342 = DIRECTION ( 'NONE',  ( 1.000000000000000000, 0.000000000000000000, 0.000000000000000000 ) ) ;
#3343 = CARTESIAN_POINT ( 'NONE',  ( 27.05714285714284273, 32.13845991166472515, -0.7012473179189986361 ) ) ;
#3344 = EDGE_CURVE ( 'NONE', #3510, #2877, #628, .T. ) ;
#3345 = CARTESIAN_POINT ( 'NONE',  ( 6.575000000000001066, 6.100000000000001421, -0.7012473179190117367 ) ) ;
#3346 = ORIENTED_EDGE ( 'NONE', *, *, #1687, .F. ) ;
#3347 = DIRECTION ( 'NONE',  ( 1.000000000000000000, 0.000000000000000000, 0.000000000000000000 ) ) ;
#3348 = AXIS2_PLACEMENT_3D ( 'NONE', #3158, #731, #2252 ) ;
#3349 = EDGE_CURVE ( 'NONE', #405, #2282, #2122, .T. ) ;
#3350 = CARTESIAN_POINT ( 'NONE',  ( 17.97500000000000142, 28.10000000000000142, 0.000000000000000000 ) ) ;
#3351 = ORIENTED_EDGE ( 'NONE', *, *, #1303, .T. ) ;
#3352 = VERTEX_POINT ( 'NONE', #3082 ) ;
#3353 = AXIS2_PLACEMENT_3D ( 'NONE', #3525, #1803, #3569 ) ;
#3354 = ORIENTED_EDGE ( 'NONE', *, *, #403, .T. ) ;
#3355 = FACE_OUTER_BOUND ( 'NONE', #2930, .T. ) ;
#3356 = ORIENTED_EDGE ( 'NONE', *, *, #634, .F. ) ;
#3357 = FACE_BOUND ( 'NONE', #586, .T. ) ;
#3358 = AXIS2_PLACEMENT_3D ( 'NONE', #207, #775, #3245 ) ;
#3359 = VECTOR ( 'NONE', #2885, 1000.000000000000000 ) ;
#3360 = LINE ( 'NONE', #338, #2223 ) ;
#3361 = CARTESIAN_POINT ( 'NONE',  ( 15.12500000000000355, 0.000000000000000000, 0.000000000000000000 ) ) ;
#3362 = DIRECTION ( 'NONE',  ( 1.000000000000000000, 0.000000000000000000, 0.000000000000000000 ) ) ;
#3363 = ADVANCED_FACE ( 'NONE', ( #1263 ), #3627, .F. ) ;
#3364 = AXIS2_PLACEMENT_3D ( 'NONE', #2466, #956, #2174 ) ;
#3365 = CARTESIAN_POINT ( 'NONE',  ( 2.299999999999999822, 6.100000000000001421, 2.000000000000000000 ) ) ;
#3366 = ORIENTED_EDGE ( 'NONE', *, *, #3585, .F. ) ;
#3367 = ADVANCED_FACE ( 'NONE', ( #3951 ), #3398, .F. ) ;
#3368 = EDGE_CURVE ( 'NONE', #913, #2426, #1966, .T. ) ;
#3369 = CARTESIAN_POINT ( 'NONE',  ( -14.80000000000000071, 6.100000000000001421, -0.7012473179190117367 ) ) ;
#3370 = DIRECTION ( 'NONE',  ( -0.000000000000000000, -0.000000000000000000, 1.000000000000000000 ) ) ;
#3371 = VERTEX_POINT ( 'NONE', #902 ) ;
#3372 = EDGE_CURVE ( 'NONE', #2384, #2656, #3923, .T. ) ;
#3373 = ORIENTED_EDGE ( 'NONE', *, *, #140, .T. ) ;
#3374 = DIRECTION ( 'NONE',  ( 0.000000000000000000, 0.000000000000000000, -1.000000000000000000 ) ) ;
#3375 = ORIENTED_EDGE ( 'NONE', *, *, #1559, .T. ) ;
#3376 = LINE ( 'NONE', #1868, #2476 ) ;
#3377 = ORIENTED_EDGE ( 'NONE', *, *, #198, .T. ) ;
#3378 = LINE ( 'NONE', #1885, #174 ) ;
#3379 = CARTESIAN_POINT ( 'NONE',  ( -13.37500000000000178, -6.100000000000001421, -0.7012473179190117367 ) ) ;
#3380 = DIRECTION ( 'NONE',  ( 0.000000000000000000, 0.000000000000000000, 1.000000000000000000 ) ) ;
#3381 = DIRECTION ( 'NONE',  ( -1.000000000000000000, 0.000000000000000000, -0.000000000000000000 ) ) ;
#3382 = CARTESIAN_POINT ( 'NONE',  ( -26.19999999999999929, -26.19999999999999929, 2.000000000000000000 ) ) ;
#3383 = ORIENTED_EDGE ( 'NONE', *, *, #1092, .T. ) ;
#3384 = ADVANCED_FACE ( 'NONE', ( #3326 ), #2454, .F. ) ;
#3385 = EDGE_CURVE ( 'NONE', #60, #1434, #1521, .T. ) ;
#3386 = DIRECTION ( 'NONE',  ( -1.387778780781444098E-14, 1.000000000000000000, 0.000000000000000000 ) ) ;
#3387 = LINE ( 'NONE', #966, #3036 ) ;
#3388 = VERTEX_POINT ( 'NONE', #363 ) ;
#3389 = ORIENTED_EDGE ( 'NONE', *, *, #2060, .T. ) ;
#3390 = CARTESIAN_POINT ( 'NONE',  ( -27.62500000000000000, 28.10000000000000142, 2.000000000000000000 ) ) ;
#3391 = EDGE_CURVE ( 'NONE', #2169, #405, #3549, .T. ) ;
#3392 = ORIENTED_EDGE ( 'NONE', *, *, #914, .T. ) ;
#3393 = CARTESIAN_POINT ( 'NONE',  ( 26.19999999999998863, -33.19999999999998863, -0.7012473179189995243 ) ) ;
#3394 = ORIENTED_EDGE ( 'NONE', *, *, #3319, .F. ) ;
#3395 = DIRECTION ( 'NONE',  ( 0.000000000000000000, 0.000000000000000000, 1.000000000000000000 ) ) ;
#3396 = LINE ( 'NONE', #3759, #1274 ) ;
#3397 = AXIS2_PLACEMENT_3D ( 'NONE', #1750, #830, #3190 ) ;
#3398 = CYLINDRICAL_SURFACE ( 'NONE', #884, 1.424999999999999156 ) ;
#3399 = VECTOR ( 'NONE', #3866, 1000.000000000000000 ) ;
#3400 = CARTESIAN_POINT ( 'NONE',  ( -19.07500000000000284, 28.10000000000000142, 2.000000000000000000 ) ) ;
#3401 = VERTEX_POINT ( 'NONE', #2157 ) ;
#3402 = CARTESIAN_POINT ( 'NONE',  ( -4.824999999999999289, -6.100000000000001421, 0.000000000000000000 ) ) ;
#3403 = AXIS2_PLACEMENT_3D ( 'NONE', #2654, #230, #2296 ) ;
#3404 = DIRECTION ( 'NONE',  ( 1.000000000000000000, -0.000000000000000000, 0.000000000000000000 ) ) ;
#3405 = ORIENTED_EDGE ( 'NONE', *, *, #2513, .T. ) ;
#3406 = ORIENTED_EDGE ( 'NONE', *, *, #383, .T. ) ;
#3407 = CARTESIAN_POINT ( 'NONE',  ( -19.07500000000000284, 6.100000000000001421, 0.000000000000000000 ) ) ;
#3408 = EDGE_CURVE ( 'NONE', #3479, #2278, #2140, .T. ) ;
#3409 = ORIENTED_EDGE ( 'NONE', *, *, #3636, .F. ) ;
#3410 = DIRECTION ( 'NONE',  ( 1.000000000000000000, -0.000000000000000000, 0.000000000000000000 ) ) ;
#3411 = VERTEX_POINT ( 'NONE', #3343 ) ;
#3412 = AXIS2_PLACEMENT_3D ( 'NONE', #3600, #3307, #572 ) ;
#3413 = DIRECTION ( 'NONE',  ( 0.000000000000000000, -1.000000000000000000, 0.000000000000000000 ) ) ;
#3414 = EDGE_CURVE ( 'NONE', #2720, #990, #51, .T. ) ;
#3415 = DIRECTION ( 'NONE',  ( 1.000000000000000000, 0.000000000000000000, -9.035018104045866996E-17 ) ) ;
#3416 = DIRECTION ( 'NONE',  ( 1.000000000000000000, 0.000000000000000000, 0.000000000000000000 ) ) ;
#3417 = DIRECTION ( 'NONE',  ( 1.000000000000000000, 0.000000000000000000, -1.084202172485504434E-16 ) ) ;
#3418 = AXIS2_PLACEMENT_3D ( 'NONE', #2886, #1119, #2311 ) ;
#3419 = CIRCLE ( 'NONE', #170, 1.424999999999999156 ) ;
#3420 = LINE ( 'NONE', #1993, #2297 ) ;
#3421 = VERTEX_POINT ( 'NONE', #976 ) ;
#3422 = DIRECTION ( 'NONE',  ( -0.000000000000000000, -0.000000000000000000, 1.000000000000000000 ) ) ;
#3423 = VECTOR ( 'NONE', #3413, 1000.000000000000000 ) ;
#3424 = VECTOR ( 'NONE', #1158, 1000.000000000000000 ) ;
#3425 = VECTOR ( 'NONE', #897, 1000.000000000000000 ) ;
#3426 = DIRECTION ( 'NONE',  ( 0.000000000000000000, 0.000000000000000000, -1.000000000000000000 ) ) ;
#3427 = LINE ( 'NONE', #1957, #1849 ) ;
#3428 = EDGE_LOOP ( 'NONE', ( #568, #3450, #1310, #3638 ) ) ;
#3429 = VERTEX_POINT ( 'NONE', #2190 ) ;
#3430 = CARTESIAN_POINT ( 'NONE',  ( 6.575000000000001066, -28.10000000000000142, -0.7012473179190117367 ) ) ;
#3431 = AXIS2_PLACEMENT_3D ( 'NONE', #1328, #3787, #2277 ) ;
#3432 = ORIENTED_EDGE ( 'NONE', *, *, #3344, .F. ) ;
#3433 = CARTESIAN_POINT ( 'NONE',  ( 3.724999999999999201, -28.10000000000000142, -0.7012473179190117367 ) ) ;
#3434 = ORIENTED_EDGE ( 'NONE', *, *, #532, .T. ) ;
#3435 = LINE ( 'NONE', #121, #3423 ) ;
#3436 = VECTOR ( 'NONE', #1873, 1000.000000000000000 ) ;
#3437 = EDGE_CURVE ( 'NONE', #2537, #1899, #3419, .T. ) ;
#3438 = EDGE_CURVE ( 'NONE', #2340, #18, #2290, .T. ) ;
#3439 = DIRECTION ( 'NONE',  ( -0.000000000000000000, -0.000000000000000000, 1.000000000000000000 ) ) ;
#3440 = CYLINDRICAL_SURFACE ( 'NONE', #2595, 1.424999999999999156 ) ;
#3441 = AXIS2_PLACEMENT_3D ( 'NONE', #3466, #739, #2120 ) ;
#3442 = DIRECTION ( 'NONE',  ( 0.000000000000000000, 1.000000000000000000, -0.000000000000000000 ) ) ;
#3443 = EDGE_CURVE ( 'NONE', #1230, #1822, #3737, .T. ) ;
#3444 = CARTESIAN_POINT ( 'NONE',  ( -24.77500000000000213, 28.10000000000000142, -0.7012473179190117367 ) ) ;
#3445 = ORIENTED_EDGE ( 'NONE', *, *, #2377, .F. ) ;
#3446 = CARTESIAN_POINT ( 'NONE',  ( -19.07500000000000284, -28.10000000000000142, -0.7012473179190117367 ) ) ;
#3447 = DIRECTION ( 'NONE',  ( 0.000000000000000000, 0.000000000000000000, 1.000000000000000000 ) ) ;
#3448 = CARTESIAN_POINT ( 'NONE',  ( -26.19999999999999929, 26.19999999999999929, -94.64761499650464316 ) ) ;
#3449 = EDGE_LOOP ( 'NONE', ( #132, #3855, #3117, #180 ) ) ;
#3450 = ORIENTED_EDGE ( 'NONE', *, *, #795, .F. ) ;
#3451 = FACE_OUTER_BOUND ( 'NONE', #3068, .T. ) ;
#3452 = CIRCLE ( 'NONE', #1427, 1.424999999999999156 ) ;
#3453 = VERTEX_POINT ( 'NONE', #3716 ) ;
#3454 = LINE ( 'NONE', #395, #24 ) ;
#3455 = ORIENTED_EDGE ( 'NONE', *, *, #3927, .F. ) ;
#3456 = CARTESIAN_POINT ( 'NONE',  ( -13.37500000000000178, -6.100000000000001421, 0.000000000000000000 ) ) ;
#3457 = CARTESIAN_POINT ( 'NONE',  ( 9.424999999999998934, -6.100000000000001421, 2.000000000000000000 ) ) ;
#3458 = DIRECTION ( 'NONE',  ( -1.000000000000000000, 0.000000000000000000, 0.000000000000000000 ) ) ;
#3459 = EDGE_CURVE ( 'NONE', #3611, #584, #2809, .T. ) ;
#3460 = AXIS2_PLACEMENT_3D ( 'NONE', #1650, #2863, #1277 ) ;
#3461 = CARTESIAN_POINT ( 'NONE',  ( -7.675000000000001599, 0.000000000000000000, 0.000000000000000000 ) ) ;
#3462 = ORIENTED_EDGE ( 'NONE', *, *, #3349, .F. ) ;
#3463 = DIRECTION ( 'NONE',  ( 0.000000000000000000, 1.000000000000000000, 0.000000000000000000 ) ) ;
#3464 = AXIS2_PLACEMENT_3D ( 'NONE', #78, #3770, #1388 ) ;
#3465 = ADVANCED_FACE ( 'NONE', ( #1019 ), #1375, .F. ) ;
#3466 = CARTESIAN_POINT ( 'NONE',  ( -9.099999999999999645, -28.10000000000000142, 0.000000000000000000 ) ) ;
#3467 = CYLINDRICAL_SURFACE ( 'NONE', #2547, 1.424999999999999156 ) ;
#3468 = EDGE_LOOP ( 'NONE', ( #741, #828, #866, #3455 ) ) ;
#3469 = ORIENTED_EDGE ( 'NONE', *, *, #2879, .F. ) ;
#3470 = EDGE_CURVE ( 'NONE', #1434, #1945, #48, .T. ) ;
#3471 = EDGE_LOOP ( 'NONE', ( #1879, #2946, #3086, #3096 ) ) ;
#3472 = FACE_OUTER_BOUND ( 'NONE', #1170, .T. ) ;
#3473 = EDGE_LOOP ( 'NONE', ( #275, #3151, #1766, #3092 ) ) ;
#3474 = FACE_BOUND ( 'NONE', #1551, .T. ) ;
#3475 = CARTESIAN_POINT ( 'NONE',  ( 6.575000000000001066, 0.000000000000000000, 0.000000000000000000 ) ) ;
#3476 = LINE ( 'NONE', #1673, #1590 ) ;
#3477 = EDGE_CURVE ( 'NONE', #3115, #787, #68, .T. ) ;
#3478 = LINE ( 'NONE', #1973, #1729 ) ;
#3479 = VERTEX_POINT ( 'NONE', #2208 ) ;
#3480 = LINE ( 'NONE', #1995, #1442 ) ;
#3481 = DIRECTION ( 'NONE',  ( -0.000000000000000000, -0.000000000000000000, 1.000000000000000000 ) ) ;
#3482 = CIRCLE ( 'NONE', #1780, 1.424999999999999156 ) ;
#3483 = CARTESIAN_POINT ( 'NONE',  ( -19.07500000000000284, 0.000000000000000000, 0.000000000000000000 ) ) ;
#3484 = EDGE_CURVE ( 'NONE', #203, #3453, #1990, .T. ) ;
#3485 = VECTOR ( 'NONE', #2270, 1000.000000000000000 ) ;
#3486 = EDGE_CURVE ( 'NONE', #2426, #722, #3476, .T. ) ;
#3487 = DIRECTION ( 'NONE',  ( 1.000000000000000000, 0.000000000000000000, 0.000000000000000000 ) ) ;
#3488 = ORIENTED_EDGE ( 'NONE', *, *, #2132, .T. ) ;
#3489 = ORIENTED_EDGE ( 'NONE', *, *, #3438, .F. ) ;
#3490 = AXIS2_PLACEMENT_3D ( 'NONE', #1297, #3730, #1630 ) ;
#3491 = EDGE_CURVE ( 'NONE', #427, #2145, #751, .T. ) ;
#3492 = DIRECTION ( 'NONE',  ( 0.000000000000000000, -0.000000000000000000, 1.000000000000000000 ) ) ;
#3493 = ORIENTED_EDGE ( 'NONE', *, *, #3785, .T. ) ;
#3494 = CYLINDRICAL_SURFACE ( 'NONE', #2075, 1.424999999999999156 ) ;
#3495 = ORIENTED_EDGE ( 'NONE', *, *, #2650, .F. ) ;
#3496 = VERTEX_POINT ( 'NONE', #142 ) ;
#3497 = FACE_OUTER_BOUND ( 'NONE', #1368, .T. ) ;
#3498 = CARTESIAN_POINT ( 'NONE',  ( -27.62500000000000000, -28.10000000000000142, 2.000000000000000000 ) ) ;
#3499 = CARTESIAN_POINT ( 'NONE',  ( 12.27500000000000391, -6.100000000000001421, 2.000000000000000000 ) ) ;
#3500 = AXIS2_PLACEMENT_3D ( 'NONE', #3903, #2609, #2632 ) ;
#3501 = DIRECTION ( 'NONE',  ( 0.000000000000000000, 0.000000000000000000, 1.000000000000000000 ) ) ;
#3502 = LINE ( 'NONE', #1676, #365 ) ;
#3503 = ORIENTED_EDGE ( 'NONE', *, *, #171, .F. ) ;
#3504 = DIRECTION ( 'NONE',  ( 9.714451465470119729E-17, -2.394758726656991011E-17, 1.000000000000000000 ) ) ;
#3505 = FACE_OUTER_BOUND ( 'NONE', #2344, .T. ) ;
#3506 = DIRECTION ( 'NONE',  ( 1.000000000000000000, 0.000000000000000000, 0.000000000000000000 ) ) ;
#3507 = DIRECTION ( 'NONE',  ( 0.000000000000000000, -0.000000000000000000, -1.000000000000000000 ) ) ;
#3508 = DIRECTION ( 'NONE',  ( 1.000000000000000000, 0.000000000000000000, 0.000000000000000000 ) ) ;
#3509 = EDGE_LOOP ( 'NONE', ( #2743, #745, #431, #2702 ) ) ;
#3510 = VERTEX_POINT ( 'NONE', #3797 ) ;
#3511 = EDGE_LOOP ( 'NONE', ( #1731, #2635, #1908, #2949 ) ) ;
#3512 = CARTESIAN_POINT ( 'NONE',  ( 6.575000000000001066, 28.10000000000000142, -0.7012473179190117367 ) ) ;
#3513 = ORIENTED_EDGE ( 'NONE', *, *, #171, .T. ) ;
#3514 = FACE_BOUND ( 'NONE', #1663, .T. ) ;
#3515 = ADVANCED_FACE ( 'NONE', ( #1039 ), #3440, .F. ) ;
#3516 = ORIENTED_EDGE ( 'NONE', *, *, #336, .F. ) ;
#3517 = DIRECTION ( 'NONE',  ( -0.000000000000000000, -0.000000000000000000, 1.000000000000000000 ) ) ;
#3518 = CYLINDRICAL_SURFACE ( 'NONE', #2990, 1.424999999999999156 ) ;
#3519 = CARTESIAN_POINT ( 'NONE',  ( -26.43284812093930114, 30.19321696788128762, 2.000000000000000000 ) ) ;
#3520 = CARTESIAN_POINT ( 'NONE',  ( -20.50000000000000000, -28.10000000000000142, 2.000000000000000000 ) ) ;
#3521 = DIRECTION ( 'NONE',  ( 0.000000000000000000, 1.000000000000000000, 0.000000000000000000 ) ) ;
#3522 = LINE ( 'NONE', #3583, #215 ) ;
#3523 = DIRECTION ( 'NONE',  ( -1.000000000000000000, 0.000000000000000000, 0.000000000000000000 ) ) ;
#3524 = LINE ( 'NONE', #2020, #375 ) ;
#3525 = CARTESIAN_POINT ( 'NONE',  ( -14.80000000000000071, -6.100000000000001421, 2.000000000000000000 ) ) ;
#3526 = ORIENTED_EDGE ( 'NONE', *, *, #3927, .T. ) ;
#3527 = CIRCLE ( 'NONE', #929, 1.424999999999999156 ) ;
#3528 = VERTEX_POINT ( 'NONE', #3137 ) ;
#3529 = VERTEX_POINT ( 'NONE', #1913 ) ;
#3530 = EDGE_CURVE ( 'NONE', #368, #515, #3807, .T. ) ;
#3531 = CARTESIAN_POINT ( 'NONE',  ( -7.675000000000001599, -28.10000000000000142, -0.7012473179190117367 ) ) ;
#3532 = ORIENTED_EDGE ( 'NONE', *, *, #2206, .T. ) ;
#3533 = VERTEX_POINT ( 'NONE', #3198 ) ;
#3534 = CIRCLE ( 'NONE', #2901, 1.424999999999999156 ) ;
#3535 = EDGE_CURVE ( 'NONE', #3132, #2838, #1075, .T. ) ;
#3536 = CARTESIAN_POINT ( 'NONE',  ( -13.37500000000000178, 0.000000000000000000, 0.000000000000000000 ) ) ;
#3537 = CARTESIAN_POINT ( 'NONE',  ( 9.424999999999998934, 6.100000000000001421, -0.7012473179190117367 ) ) ;
#3538 = CARTESIAN_POINT ( 'NONE',  ( -10.52500000000000036, 6.100000000000001421, 2.000000000000000000 ) ) ;
#3539 = AXIS2_PLACEMENT_3D ( 'NONE', #1483, #460, #164 ) ;
#3540 = CARTESIAN_POINT ( 'NONE',  ( 26.19999999999998863, -33.12820323027552405, -94.64761499650464316 ) ) ;
#3541 = DIRECTION ( 'NONE',  ( -1.000000000000000000, 0.000000000000000000, 0.000000000000000000 ) ) ;
#3542 = CARTESIAN_POINT ( 'NONE',  ( 15.12500000000000355, 6.100000000000001421, 0.000000000000000000 ) ) ;
#3543 = DIRECTION ( 'NONE',  ( -0.000000000000000000, 0.000000000000000000, 1.000000000000000000 ) ) ;
#3544 = AXIS2_PLACEMENT_3D ( 'NONE', #1784, #271, #3908 ) ;
#3545 = CARTESIAN_POINT ( 'NONE',  ( -9.099999999999999645, 6.100000000000001421, -0.7012473179190117367 ) ) ;
#3546 = FACE_OUTER_BOUND ( 'NONE', #1934, .T. ) ;
#3547 = ORIENTED_EDGE ( 'NONE', *, *, #1088, .T. ) ;
#3548 = ORIENTED_EDGE ( 'NONE', *, *, #914, .F. ) ;
#3549 = CIRCLE ( 'NONE', #235, 1.424999999999999156 ) ;
#3550 = ORIENTED_EDGE ( 'NONE', *, *, #2789, .F. ) ;
#3551 = FACE_OUTER_BOUND ( 'NONE', #2982, .T. ) ;
#3552 = VERTEX_POINT ( 'NONE', #104 ) ;
#3553 = CARTESIAN_POINT ( 'NONE',  ( -26.20000000000000284, 28.10000000000000142, 0.000000000000000000 ) ) ;
#3554 = AXIS2_PLACEMENT_3D ( 'NONE', #3553, #3238, #810 ) ;
#3555 = ORIENTED_EDGE ( 'NONE', *, *, #761, .F. ) ;
#3556 = DIRECTION ( 'NONE',  ( -0.000000000000000000, -0.000000000000000000, 1.000000000000000000 ) ) ;
#3557 = CARTESIAN_POINT ( 'NONE',  ( -11.03355894091131795, 31.19999999999999929, -0.7012473179190013006 ) ) ;
#3558 = DIRECTION ( 'NONE',  ( 0.000000000000000000, 0.000000000000000000, 1.000000000000000000 ) ) ;
#3559 = VECTOR ( 'NONE', #1898, 1000.000000000000000 ) ;
#3560 = EDGE_CURVE ( 'NONE', #3576, #971, #2847, .T. ) ;
#3561 = EDGE_CURVE ( 'NONE', #595, #3611, #124, .T. ) ;
#3562 = CARTESIAN_POINT ( 'NONE',  ( 26.19999999999996021, 32.20000000000000284, 2.000000000000001776 ) ) ;
#3563 = CARTESIAN_POINT ( 'NONE',  ( -14.80000000000000071, 6.100000000000001421, 2.000000000000000000 ) ) ;
#3564 = CARTESIAN_POINT ( 'NONE',  ( -26.19999999999999929, 26.19999999999999929, 0.000000000000000000 ) ) ;
#3565 = DIRECTION ( 'NONE',  ( 0.000000000000000000, 1.000000000000000000, 0.000000000000000000 ) ) ;
#3566 = LINE ( 'NONE', #2677, #92 ) ;
#3567 = ADVANCED_FACE ( 'NONE', ( #1930 ), #1341, .F. ) ;
#3568 = CARTESIAN_POINT ( 'NONE',  ( 17.97500000000000142, 6.100000000000001421, -0.7012473179190117367 ) ) ;
#3569 = DIRECTION ( 'NONE',  ( 1.000000000000000000, 0.000000000000000000, 0.000000000000000000 ) ) ;
#3570 = VERTEX_POINT ( 'NONE', #420 ) ;
#3571 = ORIENTED_EDGE ( 'NONE', *, *, #2226, .T. ) ;
#3572 = AXIS2_PLACEMENT_3D ( 'NONE', #1097, #2969, #2663 ) ;
#3573 = ORIENTED_EDGE ( 'NONE', *, *, #144, .F. ) ;
#3574 = CARTESIAN_POINT ( 'NONE',  ( 3.724999999999999201, 28.10000000000000142, 0.000000000000000000 ) ) ;
#3575 = ORIENTED_EDGE ( 'NONE', *, *, #2085, .F. ) ;
#3576 = VERTEX_POINT ( 'NONE', #1657 ) ;
#3577 = CARTESIAN_POINT ( 'NONE',  ( 32.20000000000000284, 26.19999999999997087, 2.000000000000000000 ) ) ;
#3578 = VERTEX_POINT ( 'NONE', #1359 ) ;
#3579 = DIRECTION ( 'NONE',  ( -0.000000000000000000, -0.000000000000000000, 1.000000000000000000 ) ) ;
#3580 = CARTESIAN_POINT ( 'NONE',  ( -24.77500000000000213, -28.10000000000000142, -0.7012473179190117367 ) ) ;
#3581 = FACE_OUTER_BOUND ( 'NONE', #943, .T. ) ;
#3582 = DIRECTION ( 'NONE',  ( -0.000000000000000000, -0.000000000000000000, 1.000000000000000000 ) ) ;
#3583 = CARTESIAN_POINT ( 'NONE',  ( -13.37500000000000178, 28.10000000000000142, 2.000000000000000000 ) ) ;
#3584 = CARTESIAN_POINT ( 'NONE',  ( 30.20000000000000284, 26.19999999999997087, -0.7012473179190029660 ) ) ;
#3585 = EDGE_CURVE ( 'NONE', #2501, #3401, #2012, .T. ) ;
#3586 = DIRECTION ( 'NONE',  ( 0.000000000000000000, 0.000000000000000000, 1.000000000000000000 ) ) ;
#3587 = ORIENTED_EDGE ( 'NONE', *, *, #3958, .F. ) ;
#3588 = EDGE_CURVE ( 'NONE', #1239, #848, #1207, .T. ) ;
#3589 = ORIENTED_EDGE ( 'NONE', *, *, #2621, .F. ) ;
#3590 = VECTOR ( 'NONE', #3592, 1000.000000000000000 ) ;
#3591 = EDGE_LOOP ( 'NONE', ( #2419, #3818, #472, #657 ) ) ;
#3592 = DIRECTION ( 'NONE',  ( 0.000000000000000000, 0.000000000000000000, 1.000000000000000000 ) ) ;
#3593 = ORIENTED_EDGE ( 'NONE', *, *, #1290, .T. ) ;
#3594 = CIRCLE ( 'NONE', #1876, 1.000000000000000888 ) ;
#3595 = EDGE_LOOP ( 'NONE', ( #1394, #2961, #1048, #705 ) ) ;
#3596 = CARTESIAN_POINT ( 'NONE',  ( 27.05714285714284628, -32.13845991166472515, 2.000000000000000000 ) ) ;
#3597 = VERTEX_POINT ( 'NONE', #1754 ) ;
#3598 = DIRECTION ( 'NONE',  ( 1.000000000000000000, 0.000000000000000000, 0.000000000000000000 ) ) ;
#3599 = LINE ( 'NONE', #2095, #2970 ) ;
#3600 = CARTESIAN_POINT ( 'NONE',  ( 2.299999999999999822, -28.10000000000000142, -0.7012473179190117367 ) ) ;
#3601 = DIRECTION ( 'NONE',  ( -0.000000000000000000, -0.000000000000000000, 1.000000000000000000 ) ) ;
#3602 = CYLINDRICAL_SURFACE ( 'NONE', #2797, 1.000000000000000888 ) ;
#3603 = DIRECTION ( 'NONE',  ( -0.000000000000000000, -0.000000000000000000, 1.000000000000000000 ) ) ;
#3604 = CIRCLE ( 'NONE', #1888, 1.000000000000000888 ) ;
#3605 = DIRECTION ( 'NONE',  ( -0.000000000000000000, -0.000000000000000000, 1.000000000000000000 ) ) ;
#3606 = EDGE_LOOP ( 'NONE', ( #3196, #917, #2064, #1450 ) ) ;
#3607 = VECTOR ( 'NONE', #1356, 1000.000000000000000 ) ;
#3608 = ORIENTED_EDGE ( 'NONE', *, *, #1307, .T. ) ;
#3609 = EDGE_CURVE ( 'NONE', #3293, #405, #3820, .T. ) ;
#3610 = EDGE_CURVE ( 'NONE', #1253, #932, #2073, .T. ) ;
#3611 = VERTEX_POINT ( 'NONE', #1735 ) ;
#3612 = LINE ( 'NONE', #276, #3590 ) ;
#3613 = ORIENTED_EDGE ( 'NONE', *, *, #1956, .F. ) ;
#3614 = AXIS2_PLACEMENT_3D ( 'NONE', #481, #2074, #2976 ) ;
#3615 = VECTOR ( 'NONE', #1635, 1000.000000000000000 ) ;
#3616 = EDGE_CURVE ( 'NONE', #443, #1612, #2932, .T. ) ;
#3617 = VECTOR ( 'NONE', #3031, 1000.000000000000000 ) ;
#3618 = VERTEX_POINT ( 'NONE', #3284 ) ;
#3619 = VECTOR ( 'NONE', #2154, 1000.000000000000000 ) ;
#3620 = DIRECTION ( 'NONE',  ( -0.000000000000000000, -0.000000000000000000, 1.000000000000000000 ) ) ;
#3621 = VERTEX_POINT ( 'NONE', #1178 ) ;
#3622 = DIRECTION ( 'NONE',  ( -0.000000000000000000, 0.000000000000000000, 1.000000000000000000 ) ) ;
#3623 = CIRCLE ( 'NONE', #496, 1.424999999999999156 ) ;
#3624 = DIRECTION ( 'NONE',  ( -0.000000000000000000, -0.000000000000000000, 1.000000000000000000 ) ) ;
#3625 = CIRCLE ( 'NONE', #2235, 1.424999999999999156 ) ;
#3626 = CARTESIAN_POINT ( 'NONE',  ( -10.52500000000000036, -28.10000000000000142, -0.7012473179190117367 ) ) ;
#3627 = CYLINDRICAL_SURFACE ( 'NONE', #1526, 1.000000000000000888 ) ;
#3628 = CARTESIAN_POINT ( 'NONE',  ( -26.19999999999995666, -32.20000000000000284, 2.000000000000000000 ) ) ;
#3629 = ORIENTED_EDGE ( 'NONE', *, *, #980, .T. ) ;
#3630 = DIRECTION ( 'NONE',  ( -0.000000000000000000, -0.000000000000000000, 1.000000000000000000 ) ) ;
#3631 = CIRCLE ( 'NONE', #2420, 1.424999999999999156 ) ;
#3632 = EDGE_LOOP ( 'NONE', ( #2244, #1701, #518, #3707 ) ) ;
#3633 = VECTOR ( 'NONE', #588, 1000.000000000000000 ) ;
#3634 = DIRECTION ( 'NONE',  ( 9.714451465470119729E-17, -2.394758726656991011E-17, 1.000000000000000000 ) ) ;
#3635 = ORIENTED_EDGE ( 'NONE', *, *, #408, .T. ) ;
#3636 = EDGE_CURVE ( 'NONE', #724, #827, #3875, .T. ) ;
#3637 = EDGE_CURVE ( 'NONE', #1049, #1588, #1138, .T. ) ;
#3638 = ORIENTED_EDGE ( 'NONE', *, *, #1553, .F. ) ;
#3639 = DIRECTION ( 'NONE',  ( 0.000000000000000000, -1.000000000000000000, 0.000000000000000000 ) ) ;
#3640 = ORIENTED_EDGE ( 'NONE', *, *, #1743, .F. ) ;
#3641 = CARTESIAN_POINT ( 'NONE',  ( -13.37500000000000178, 28.10000000000000142, 2.000000000000000000 ) ) ;
#3642 = EDGE_CURVE ( 'NONE', #633, #3655, #2667, .T. ) ;
#3643 = CARTESIAN_POINT ( 'NONE',  ( 27.05714285714284628, -32.13845991166472515, 2.000000000000000000 ) ) ;
#3644 = CARTESIAN_POINT ( 'NONE',  ( 25.19999999999998508, -33.20000000000000284, 2.000000000000001776 ) ) ;
#3645 = CARTESIAN_POINT ( 'NONE',  ( -7.675000000000001599, -6.100000000000001421, -0.7012473179190117367 ) ) ;
#3646 = AXIS2_PLACEMENT_3D ( 'NONE', #2980, #1489, #2697 ) ;
#3647 = DIRECTION ( 'NONE',  ( -0.000000000000000000, -0.000000000000000000, -1.000000000000000000 ) ) ;
#3648 = ORIENTED_EDGE ( 'NONE', *, *, #3414, .T. ) ;
#3649 = CARTESIAN_POINT ( 'NONE',  ( -10.52500000000000036, -28.10000000000000142, 0.000000000000000000 ) ) ;
#3650 = PLANE ( 'NONE',  #1518 ) ;
#3651 = ORIENTED_EDGE ( 'NONE', *, *, #2621, .T. ) ;
#3652 = VERTEX_POINT ( 'NONE', #3220 ) ;
#3653 = CIRCLE ( 'NONE', #861, 1.000000000000000888 ) ;
#3654 = EDGE_CURVE ( 'NONE', #1677, #1230, #1420, .T. ) ;
#3655 = VERTEX_POINT ( 'NONE', #2055 ) ;
#3656 = FACE_OUTER_BOUND ( 'NONE', #1436, .T. ) ;
#3657 = ORIENTED_EDGE ( 'NONE', *, *, #2446, .T. ) ;
#3658 = FACE_BOUND ( 'NONE', #79, .T. ) ;
#3659 = AXIS2_PLACEMENT_3D ( 'NONE', #2170, #548, #1797 ) ;
#3660 = VECTOR ( 'NONE', #2937, 1000.000000000000000 ) ;
#3661 = EDGE_CURVE ( 'NONE', #2814, #3900, #2369, .T. ) ;
#3662 = EDGE_CURVE ( 'NONE', #3894, #1677, #1078, .T. ) ;
#3663 = CARTESIAN_POINT ( 'NONE',  ( 19.40000000000000213, -28.10000000000000142, 0.000000000000000000 ) ) ;
#3664 = CARTESIAN_POINT ( 'NONE',  ( 12.27500000000000391, -28.10000000000000142, 2.000000000000000000 ) ) ;
#3665 = ADVANCED_FACE ( 'NONE', ( #3263 ), #3518, .F. ) ;
#3666 = FACE_OUTER_BOUND ( 'NONE', #2610, .T. ) ;
#3667 = ORIENTED_EDGE ( 'NONE', *, *, #612, .T. ) ;
#3668 = DIRECTION ( 'NONE',  ( -1.000000000000000000, 0.000000000000000000, -0.000000000000000000 ) ) ;
#3669 = DIRECTION ( 'NONE',  ( 1.000000000000000000, 0.000000000000000000, 0.000000000000000000 ) ) ;
#3670 = ORIENTED_EDGE ( 'NONE', *, *, #1648, .F. ) ;
#3671 = ORIENTED_EDGE ( 'NONE', *, *, #3200, .T. ) ;
#3672 = CARTESIAN_POINT ( 'NONE',  ( -16.22500000000000142, 28.10000000000000142, -0.7012473179190117367 ) ) ;
#3673 = ORIENTED_EDGE ( 'NONE', *, *, #2303, .T. ) ;
#3674 = DIRECTION ( 'NONE',  ( -0.000000000000000000, 0.000000000000000000, 1.000000000000000000 ) ) ;
#3675 = ORIENTED_EDGE ( 'NONE', *, *, #2035, .F. ) ;
#3676 = CARTESIAN_POINT ( 'NONE',  ( -14.80000000000000071, -6.100000000000001421, 0.000000000000000000 ) ) ;
#3677 = CIRCLE ( 'NONE', #557, 1.424999999999999156 ) ;
#3678 = AXIS2_PLACEMENT_3D ( 'NONE', #1118, #161, #3598 ) ;
#3679 = DIRECTION ( 'NONE',  ( -1.000000000000000000, 0.000000000000000000, 0.000000000000000000 ) ) ;
#3680 = AXIS2_PLACEMENT_3D ( 'NONE', #399, #2250, #1929 ) ;
#3681 = DIRECTION ( 'NONE',  ( 0.000000000000000000, 1.000000000000000000, -0.000000000000000000 ) ) ;
#3682 = CARTESIAN_POINT ( 'NONE',  ( 20.82499999999999929, -28.10000000000000142, 0.000000000000000000 ) ) ;
#3683 = AXIS2_PLACEMENT_3D ( 'NONE', #1536, #3918, #954 ) ;
#3684 = EDGE_CURVE ( 'NONE', #3168, #1668, #793, .T. ) ;
#3685 = EDGE_CURVE ( 'NONE', #3329, #3352, #547, .T. ) ;
#3686 = CARTESIAN_POINT ( 'NONE',  ( -24.77500000000000213, -28.10000000000000142, 0.000000000000000000 ) ) ;
#3687 = VERTEX_POINT ( 'NONE', #2993 ) ;
#3688 = EDGE_CURVE ( 'NONE', #3836, #2838, #1781, .T. ) ;
#3689 = CARTESIAN_POINT ( 'NONE',  ( 9.126374291708310679E-15, -30.19999999999999929, -0.7012473179189987471 ) ) ;
#3690 = VERTEX_POINT ( 'NONE', #1711 ) ;
#3691 = EDGE_LOOP ( 'NONE', ( #1525, #1187, #659, #3445 ) ) ;
#3692 = DIRECTION ( 'NONE',  ( 0.000000000000000000, 0.000000000000000000, 1.000000000000000000 ) ) ;
#3693 = ORIENTED_EDGE ( 'NONE', *, *, #1819, .T. ) ;
#3694 = DIRECTION ( 'NONE',  ( 0.000000000000000000, -1.000000000000000000, 0.000000000000000000 ) ) ;
#3695 = DIRECTION ( 'NONE',  ( -0.000000000000000000, -0.000000000000000000, 1.000000000000000000 ) ) ;
#3696 = ORIENTED_EDGE ( 'NONE', *, *, #1814, .F. ) ;
#3697 = DIRECTION ( 'NONE',  ( -0.000000000000000000, 0.000000000000000000, 1.000000000000000000 ) ) ;
#3698 = CARTESIAN_POINT ( 'NONE',  ( -8.800000000000002487, -33.20000000000000284, 2.000000000000001776 ) ) ;
#3699 = DIRECTION ( 'NONE',  ( -0.000000000000000000, -0.000000000000000000, 1.000000000000000000 ) ) ;
#3700 = EDGE_CURVE ( 'NONE', #2622, #3687, #1397, .T. ) ;
#3701 = DIRECTION ( 'NONE',  ( 0.000000000000000000, -1.000000000000000000, 0.000000000000000000 ) ) ;
#3702 = ORIENTED_EDGE ( 'NONE', *, *, #3275, .T. ) ;
#3703 = FACE_OUTER_BOUND ( 'NONE', #734, .T. ) ;
#3704 = EDGE_CURVE ( 'NONE', #3191, #2294, #3901, .T. ) ;
#3705 = DIRECTION ( 'NONE',  ( 1.000000000000000000, 0.000000000000000000, 0.000000000000000000 ) ) ;
#3706 = ORIENTED_EDGE ( 'NONE', *, *, #1842, .F. ) ;
#3707 = ORIENTED_EDGE ( 'NONE', *, *, #1936, .F. ) ;
#3708 = DIRECTION ( 'NONE',  ( -1.000000000000000000, 0.000000000000000000, 0.000000000000000000 ) ) ;
#3709 = VERTEX_POINT ( 'NONE', #2331 ) ;
#3710 = DIRECTION ( 'NONE',  ( 0.000000000000000000, 0.000000000000000000, -1.000000000000000000 ) ) ;
#3711 = ORIENTED_EDGE ( 'NONE', *, *, #358, .T. ) ;
#3712 = DIRECTION ( 'NONE',  ( -0.000000000000000000, -0.000000000000000000, 1.000000000000000000 ) ) ;
#3713 = CARTESIAN_POINT ( 'NONE',  ( 0.000000000000000000, -30.19999999999999929, -0.000000000000000000 ) ) ;
#3714 = CARTESIAN_POINT ( 'NONE',  ( 9.424999999999998934, 28.10000000000000142, -0.7012473179190117367 ) ) ;
#3715 = VECTOR ( 'NONE', #1071, 1000.000000000000000 ) ;
#3716 = CARTESIAN_POINT ( 'NONE',  ( 20.82499999999999929, 28.10000000000000142, 2.000000000000000000 ) ) ;
#3717 = DIRECTION ( 'NONE',  ( -0.000000000000000000, -0.000000000000000000, 1.000000000000000000 ) ) ;
#3718 = CARTESIAN_POINT ( 'NONE',  ( -19.07500000000000284, -28.10000000000000142, 0.000000000000000000 ) ) ;
#3719 = ORIENTED_EDGE ( 'NONE', *, *, #2959, .T. ) ;
#3720 = CARTESIAN_POINT ( 'NONE',  ( -9.800000000000002487, 33.20000000000000284, -0.7012473179189987471 ) ) ;
#3721 = CIRCLE ( 'NONE', #282, 1.424999999999999156 ) ;
#3722 = PLANE ( 'NONE',  #3431 ) ;
#3723 = VERTEX_POINT ( 'NONE', #205 ) ;
#3724 = ORIENTED_EDGE ( 'NONE', *, *, #1951, .F. ) ;
#3725 = CARTESIAN_POINT ( 'NONE',  ( -7.675000000000001599, 6.100000000000001421, 2.000000000000000000 ) ) ;
#3726 = AXIS2_PLACEMENT_3D ( 'NONE', #2674, #3889, #1164 ) ;
#3727 = ADVANCED_FACE ( 'NONE', ( #1438 ), #1853, .F. ) ;
#3728 = ADVANCED_FACE ( 'NONE', ( #3920, #643, #3658, #1224, #11, #2117, #936, #3357, #263, #3944, #2486, #899, #46, #1796, #3322, #281, #3011, #3078, #335, #1498, #1279 ), #587, .T. ) ;
#3729 = ORIENTED_EDGE ( 'NONE', *, *, #1425, .T. ) ;
#3730 = DIRECTION ( 'NONE',  ( -9.714451465470119729E-17, 2.394758726656991011E-17, -1.000000000000000000 ) ) ;
#3731 = VERTEX_POINT ( 'NONE', #1812 ) ;
#3732 = VECTOR ( 'NONE', #522, 1000.000000000000000 ) ;
#3733 = CARTESIAN_POINT ( 'NONE',  ( 0.000000000000000000, 30.19999999999999929, 0.000000000000000000 ) ) ;
#3734 = VECTOR ( 'NONE', #2061, 1000.000000000000000 ) ;
#3735 = ADVANCED_FACE ( 'NONE', ( #974 ), #2188, .F. ) ;
#3736 = LINE ( 'NONE', #3475, #1904 ) ;
#3737 = LINE ( 'NONE', #3498, #3359 ) ;
#3738 = DIRECTION ( 'NONE',  ( 0.000000000000000000, 1.000000000000000000, 0.000000000000000000 ) ) ;
#3739 = VECTOR ( 'NONE', #1599, 1000.000000000000000 ) ;
#3740 = DIRECTION ( 'NONE',  ( -0.000000000000000000, -0.000000000000000000, 1.000000000000000000 ) ) ;
#3741 = ORIENTED_EDGE ( 'NONE', *, *, #1111, .T. ) ;
#3742 = CYLINDRICAL_SURFACE ( 'NONE', #2392, 5.999999999999998224 ) ;
#3743 = AXIS2_PLACEMENT_3D ( 'NONE', #2204, #100, #3155 ) ;
#3744 = VECTOR ( 'NONE', #1989, 1000.000000000000000 ) ;
#3745 = DIRECTION ( 'NONE',  ( -0.000000000000000000, -0.000000000000000000, 1.000000000000000000 ) ) ;
#3746 = CARTESIAN_POINT ( 'NONE',  ( 19.40000000000000213, 28.10000000000000142, 0.000000000000000000 ) ) ;
#3747 = ORIENTED_EDGE ( 'NONE', *, *, #589, .F. ) ;
#3748 = ORIENTED_EDGE ( 'NONE', *, *, #3341, .F. ) ;
#3749 = VECTOR ( 'NONE', #2442, 1000.000000000000000 ) ;
#3750 = ORIENTED_EDGE ( 'NONE', *, *, #308, .F. ) ;
#3751 = EDGE_CURVE ( 'NONE', #523, #671, #1198, .T. ) ;
#3752 = LINE ( 'NONE', #2841, #3109 ) ;
#3753 = EDGE_LOOP ( 'NONE', ( #1582, #2801, #2192, #3317 ) ) ;
#3754 = PLANE ( 'NONE',  #3050 ) ;
#3755 = DIRECTION ( 'NONE',  ( -0.000000000000000000, -0.000000000000000000, 1.000000000000000000 ) ) ;
#3756 = AXIS2_PLACEMENT_3D ( 'NONE', #146, #70, #425 ) ;
#3757 = LINE ( 'NONE', #3713, #3607 ) ;
#3758 = ADVANCED_FACE ( 'NONE', ( #3026 ), #3063, .F. ) ;
#3759 = CARTESIAN_POINT ( 'NONE',  ( 0.8750000000000007772, -28.10000000000000142, -0.7012473179190117367 ) ) ;
#3760 = DIRECTION ( 'NONE',  ( 1.000000000000000000, 0.000000000000000000, 0.000000000000000000 ) ) ;
#3761 = VECTOR ( 'NONE', #1499, 1000.000000000000000 ) ;
#3762 = PLANE ( 'NONE',  #3339 ) ;
#3763 = CYLINDRICAL_SURFACE ( 'NONE', #2106, 1.424999999999999156 ) ;
#3764 = ORIENTED_EDGE ( 'NONE', *, *, #3094, .T. ) ;
#3765 = PLANE ( 'NONE',  #1313 ) ;
#3766 = DIRECTION ( 'NONE',  ( 1.000000000000000000, 0.000000000000000000, 0.000000000000000000 ) ) ;
#3767 = CARTESIAN_POINT ( 'NONE',  ( -7.675000000000001599, 28.10000000000000142, -0.7012473179190117367 ) ) ;
#3768 = ORIENTED_EDGE ( 'NONE', *, *, #3194, .T. ) ;
#3769 = VERTEX_POINT ( 'NONE', #3641 ) ;
#3770 = DIRECTION ( 'NONE',  ( -1.000000000000000000, 0.000000000000000000, 0.000000000000000000 ) ) ;
#3771 = ORIENTED_EDGE ( 'NONE', *, *, #2696, .T. ) ;
#3772 = PLANE ( 'NONE',  #274 ) ;
#3773 = ORIENTED_EDGE ( 'NONE', *, *, #2963, .F. ) ;
#3774 = LINE ( 'NONE', #82, #2926 ) ;
#3775 = EDGE_CURVE ( 'NONE', #3815, #1564, #1903, .T. ) ;
#3776 = PLANE ( 'NONE',  #2164 ) ;
#3777 = CARTESIAN_POINT ( 'NONE',  ( 0.000000000000000000, -32.20000000000000284, 2.000000000000000000 ) ) ;
#3778 = DIRECTION ( 'NONE',  ( 1.000000000000000000, 0.000000000000000000, 0.000000000000000000 ) ) ;
#3779 = EDGE_CURVE ( 'NONE', #2110, #973, #605, .T. ) ;
#3780 = EDGE_CURVE ( 'NONE', #1189, #59, #626, .T. ) ;
#3781 = PLANE ( 'NONE',  #3822 ) ;
#3782 = VERTEX_POINT ( 'NONE', #1870 ) ;
#3783 = DIRECTION ( 'NONE',  ( -0.000000000000000000, -0.000000000000000000, 1.000000000000000000 ) ) ;
#3784 = AXIS2_PLACEMENT_3D ( 'NONE', #148, #759, #1975 ) ;
#3785 = EDGE_CURVE ( 'NONE', #3232, #633, #1240, .T. ) ;
#3786 = CARTESIAN_POINT ( 'NONE',  ( 9.424999999999998934, 28.10000000000000142, 2.000000000000000000 ) ) ;
#3787 = DIRECTION ( 'NONE',  ( 0.000000000000000000, -1.000000000000000000, 0.000000000000000000 ) ) ;
#3788 = VERTEX_POINT ( 'NONE', #2767 ) ;
#3789 = ORIENTED_EDGE ( 'NONE', *, *, #3486, .T. ) ;
#3790 = ORIENTED_EDGE ( 'NONE', *, *, #2258, .T. ) ;
#3791 = CARTESIAN_POINT ( 'NONE',  ( -27.62500000000000000, -28.10000000000000142, 0.000000000000000000 ) ) ;
#3792 = ORIENTED_EDGE ( 'NONE', *, *, #3833, .T. ) ;
#3793 = FACE_BOUND ( 'NONE', #803, .T. ) ;
#3794 = CARTESIAN_POINT ( 'NONE',  ( 26.20000000000000284, 26.19999999999999929, 0.000000000000000000 ) ) ;
#3795 = EDGE_LOOP ( 'NONE', ( #3235, #2, #3555, #3503 ) ) ;
#3796 = DIRECTION ( 'NONE',  ( 0.000000000000000000, 1.000000000000000000, 0.000000000000000000 ) ) ;
#3797 = CARTESIAN_POINT ( 'NONE',  ( 12.27500000000000391, 28.10000000000000142, 0.000000000000000000 ) ) ;
#3798 = CARTESIAN_POINT ( 'NONE',  ( -3.400000000000000355, -6.100000000000001421, 0.000000000000000000 ) ) ;
#3799 = CARTESIAN_POINT ( 'NONE',  ( 2.299999999999999822, 6.100000000000001421, -0.7012473179190117367 ) ) ;
#3800 = ORIENTED_EDGE ( 'NONE', *, *, #2836, .T. ) ;
#3801 = ADVANCED_FACE ( 'NONE', ( #30 ), #1259, .F. ) ;
#3802 = CARTESIAN_POINT ( 'NONE',  ( -11.03355894091131795, 32.20000000000000284, 2.000000000000000000 ) ) ;
#3803 = PLANE ( 'NONE',  #1699 ) ;
#3804 = EDGE_CURVE ( 'NONE', #2093, #584, #3378, .T. ) ;
#3805 = CIRCLE ( 'NONE', #2921, 1.424999999999999156 ) ;
#3806 = DIRECTION ( 'NONE',  ( -0.000000000000000000, -0.000000000000000000, 1.000000000000000000 ) ) ;
#3807 = CIRCLE ( 'NONE', #106, 1.424999999999999156 ) ;
#3808 = FACE_OUTER_BOUND ( 'NONE', #2800, .T. ) ;
#3809 = ORIENTED_EDGE ( 'NONE', *, *, #1911, .T. ) ;
#3810 = ADVANCED_FACE ( 'NONE', ( #137 ), #3097, .F. ) ;
#3811 = AXIS2_PLACEMENT_3D ( 'NONE', #1970, #992, #1300 ) ;
#3812 = ORIENTED_EDGE ( 'NONE', *, *, #1036, .T. ) ;
#3813 = CARTESIAN_POINT ( 'NONE',  ( 32.20000000000000284, 26.19999999999997087, 2.000000000000000000 ) ) ;
#3814 = AXIS2_PLACEMENT_3D ( 'NONE', #3282, #1734, #3262 ) ;
#3815 = VERTEX_POINT ( 'NONE', #3456 ) ;
#3816 = LINE ( 'NONE', #2049, #1440 ) ;
#3817 = ORIENTED_EDGE ( 'NONE', *, *, #2495, .T. ) ;
#3818 = ORIENTED_EDGE ( 'NONE', *, *, #3933, .T. ) ;
#3819 = CARTESIAN_POINT ( 'NONE',  ( 15.12500000000000355, 28.10000000000000142, 2.000000000000000000 ) ) ;
#3820 = LINE ( 'NONE', #2648, #1146 ) ;
#3821 = CARTESIAN_POINT ( 'NONE',  ( 15.12500000000000355, 6.100000000000001421, 2.000000000000000000 ) ) ;
#3822 = AXIS2_PLACEMENT_3D ( 'NONE', #1659, #2509, #442 ) ;
#3823 = DIRECTION ( 'NONE',  ( 1.000000000000000000, 0.000000000000000000, 0.000000000000000000 ) ) ;
#3824 = DIRECTION ( 'NONE',  ( -1.000000000000000000, 0.000000000000000000, 0.000000000000000000 ) ) ;
#3825 = ORIENTED_EDGE ( 'NONE', *, *, #3780, .F. ) ;
#3826 = CARTESIAN_POINT ( 'NONE',  ( -19.07500000000000284, -6.100000000000001421, -0.7012473179190117367 ) ) ;
#3827 = CARTESIAN_POINT ( 'NONE',  ( -7.675000000000001599, 6.100000000000001421, 0.000000000000000000 ) ) ;
#3828 = EDGE_CURVE ( 'NONE', #3731, #969, #683, .T. ) ;
#3829 = CARTESIAN_POINT ( 'NONE',  ( -20.50000000000000000, -6.100000000000001421, 2.000000000000000000 ) ) ;
#3830 = VERTEX_POINT ( 'NONE', #2544 ) ;
#3831 = ORIENTED_EDGE ( 'NONE', *, *, #1910, .T. ) ;
#3832 = CARTESIAN_POINT ( 'NONE',  ( -8.800000000000002487, 33.20000000000000284, 2.000000000000001776 ) ) ;
#3833 = EDGE_CURVE ( 'NONE', #2818, #2403, #1613, .T. ) ;
#3834 = ORIENTED_EDGE ( 'NONE', *, *, #409, .T. ) ;
#3835 = DIRECTION ( 'NONE',  ( -0.000000000000000000, -0.000000000000000000, 1.000000000000000000 ) ) ;
#3836 = VERTEX_POINT ( 'NONE', #1299 ) ;
#3837 = DIRECTION ( 'NONE',  ( 0.000000000000000000, 0.000000000000000000, 1.000000000000000000 ) ) ;
#3838 = AXIS2_PLACEMENT_3D ( 'NONE', #17, #3104, #37 ) ;
#3839 = EDGE_CURVE ( 'NONE', #386, #2656, #397, .T. ) ;
#3840 = ORIENTED_EDGE ( 'NONE', *, *, #766, .F. ) ;
#3841 = DIRECTION ( 'NONE',  ( -1.000000000000000000, 0.000000000000000000, 0.000000000000000000 ) ) ;
#3842 = DIRECTION ( 'NONE',  ( 0.000000000000000000, 1.000000000000000000, -0.000000000000000000 ) ) ;
#3843 = DIRECTION ( 'NONE',  ( -0.000000000000000000, -0.000000000000000000, 1.000000000000000000 ) ) ;
#3844 = CARTESIAN_POINT ( 'NONE',  ( 32.20000000000000284, -26.19999999999995666, 2.000000000000000000 ) ) ;
#3845 = DIRECTION ( 'NONE',  ( 0.000000000000000000, 0.000000000000000000, -1.000000000000000000 ) ) ;
#3846 = CARTESIAN_POINT ( 'NONE',  ( 26.19999999999998153, 33.19999999999998153, -0.7012473179189979700 ) ) ;
#3847 = LINE ( 'NONE', #1977, #702 ) ;
#3848 = DIRECTION ( 'NONE',  ( 1.000000000000000000, 0.000000000000000000, 0.000000000000000000 ) ) ;
#3849 = ORIENTED_EDGE ( 'NONE', *, *, #3610, .T. ) ;
#3850 = CIRCLE ( 'NONE', #928, 1.424999999999999156 ) ;
#3851 = AXIS2_PLACEMENT_3D ( 'NONE', #891, #3316, #1788 ) ;
#3852 = ORIENTED_EDGE ( 'NONE', *, *, #1037, .T. ) ;
#3853 = ORIENTED_EDGE ( 'NONE', *, *, #2543, .T. ) ;
#3854 = CARTESIAN_POINT ( 'NONE',  ( -20.50000000000000000, 6.100000000000001421, 0.000000000000000000 ) ) ;
#3855 = ORIENTED_EDGE ( 'NONE', *, *, #738, .T. ) ;
#3856 = EDGE_CURVE ( 'NONE', #3315, #1126, #3774, .T. ) ;
#3857 = EDGE_CURVE ( 'NONE', #3919, #3955, #1965, .T. ) ;
#3858 = EDGE_LOOP ( 'NONE', ( #3025, #517, #2803, #313 ) ) ;
#3859 = PLANE ( 'NONE',  #1021 ) ;
#3860 = DIRECTION ( 'NONE',  ( 1.000000000000000000, 0.000000000000000000, 0.000000000000000000 ) ) ;
#3861 = CARTESIAN_POINT ( 'NONE',  ( 26.19999999999997442, 30.19999999999999929, 0.000000000000000000 ) ) ;
#3862 = EDGE_CURVE ( 'NONE', #2981, #1869, #3435, .T. ) ;
#3863 = AXIS2_PLACEMENT_3D ( 'NONE', #421, #1282, #1658 ) ;
#3864 = DIRECTION ( 'NONE',  ( -1.000000000000000000, 0.000000000000000000, 0.000000000000000000 ) ) ;
#3865 = DIRECTION ( 'NONE',  ( 0.000000000000000000, 0.000000000000000000, -1.000000000000000000 ) ) ;
#3866 = DIRECTION ( 'NONE',  ( 0.000000000000000000, -1.000000000000000000, 0.000000000000000000 ) ) ;
#3867 = DIRECTION ( 'NONE',  ( -0.000000000000000000, -0.000000000000000000, 1.000000000000000000 ) ) ;
#3868 = CIRCLE ( 'NONE', #2658, 1.424999999999999156 ) ;
#3869 = LINE ( 'NONE', #1148, #1713 ) ;
#3870 = CARTESIAN_POINT ( 'NONE',  ( -0.01422889507609436180, 30.20566191155180746, 2.000000000000000000 ) ) ;
#3871 = DIRECTION ( 'NONE',  ( 0.000000000000000000, -1.000000000000000000, 0.000000000000000000 ) ) ;
#3872 = EDGE_LOOP ( 'NONE', ( #449, #2793, #3741, #1575 ) ) ;
#3873 = ORIENTED_EDGE ( 'NONE', *, *, #3486, .F. ) ;
#3874 = AXIS2_PLACEMENT_3D ( 'NONE', #3266, #2692, #1737 ) ;
#3875 = CIRCLE ( 'NONE', #2286, 4.000000000000000000 ) ;
#3876 = AXIS2_PLACEMENT_3D ( 'NONE', #2099, #2786, #3679 ) ;
#3877 = VERTEX_POINT ( 'NONE', #2561 ) ;
#3878 = DIRECTION ( 'NONE',  ( -0.000000000000000000, 0.000000000000000000, 1.000000000000000000 ) ) ;
#3879 = ORIENTED_EDGE ( 'NONE', *, *, #3372, .F. ) ;
#3880 = VECTOR ( 'NONE', #1477, 1000.000000000000000 ) ;
#3881 = VECTOR ( 'NONE', #354, 1000.000000000000000 ) ;
#3882 = CARTESIAN_POINT ( 'NONE',  ( 20.82499999999999929, 6.100000000000001421, 0.000000000000000000 ) ) ;
#3883 = EDGE_CURVE ( 'NONE', #378, #3132, #2539, .T. ) ;
#3884 = ORIENTED_EDGE ( 'NONE', *, *, #2939, .T. ) ;
#3885 = CARTESIAN_POINT ( 'NONE',  ( 25.09999999999999787, 6.100000000000001421, -0.7012473179190117367 ) ) ;
#3886 = CARTESIAN_POINT ( 'NONE',  ( -27.62500000000000000, 28.10000000000000142, 2.000000000000000000 ) ) ;
#3887 = LINE ( 'NONE', #506, #3102 ) ;
#3888 = EDGE_CURVE ( 'NONE', #2379, #3578, #3107, .T. ) ;
#3889 = DIRECTION ( 'NONE',  ( -1.000000000000000000, 0.000000000000000000, 0.000000000000000000 ) ) ;
#3890 = CARTESIAN_POINT ( 'NONE',  ( -11.03355894091131795, 31.19999999999999929, 2.000000000000000000 ) ) ;
#3891 = CARTESIAN_POINT ( 'NONE',  ( 32.20000000000000284, -26.19999999999995666, 2.000000000000000000 ) ) ;
#3892 = DIRECTION ( 'NONE',  ( 0.000000000000000000, 0.000000000000000000, 1.000000000000000000 ) ) ;
#3893 = ORIENTED_EDGE ( 'NONE', *, *, #3056, .T. ) ;
#3894 = VERTEX_POINT ( 'NONE', #3135 ) ;
#3895 = VERTEX_POINT ( 'NONE', #2504 ) ;
#3896 = CARTESIAN_POINT ( 'NONE',  ( -16.22500000000000142, 28.10000000000000142, 2.000000000000000000 ) ) ;
#3897 = ORIENTED_EDGE ( 'NONE', *, *, #139, .F. ) ;
#3898 = EDGE_LOOP ( 'NONE', ( #535, #2091, #2445, #3356 ) ) ;
#3899 = CARTESIAN_POINT ( 'NONE',  ( -24.77500000000000213, 0.000000000000000000, 0.000000000000000000 ) ) ;
#3900 = VERTEX_POINT ( 'NONE', #1073 ) ;
#3901 = LINE ( 'NONE', #2606, #623 ) ;
#3902 = CARTESIAN_POINT ( 'NONE',  ( -7.800000000000002487, -33.20000000000000284, -94.64761499650464316 ) ) ;
#3903 = CARTESIAN_POINT ( 'NONE',  ( 8.000000000000000000, 28.10000000000000142, 0.000000000000000000 ) ) ;
#3904 = DIRECTION ( 'NONE',  ( -0.000000000000000000, -0.000000000000000000, 1.000000000000000000 ) ) ;
#3905 = DIRECTION ( 'NONE',  ( -0.000000000000000000, -0.000000000000000000, 1.000000000000000000 ) ) ;
#3906 = ADVANCED_FACE ( 'NONE', ( #1946 ), #991, .F. ) ;
#3907 = EDGE_CURVE ( 'NONE', #868, #2857, #1371, .T. ) ;
#3908 = DIRECTION ( 'NONE',  ( 1.000000000000000000, 0.000000000000000000, 0.000000000000000000 ) ) ;
#3909 = ORIENTED_EDGE ( 'NONE', *, *, #1881, .T. ) ;
#3910 = PLANE ( 'NONE',  #1465 ) ;
#3911 = ADVANCED_FACE ( 'NONE', ( #1336 ), #3754, .F. ) ;
#3912 = CIRCLE ( 'NONE', #461, 1.000000000000000888 ) ;
#3913 = ORIENTED_EDGE ( 'NONE', *, *, #2471, .T. ) ;
#3914 = LINE ( 'NONE', #668, #2575 ) ;
#3915 = ORIENTED_EDGE ( 'NONE', *, *, #1460, .T. ) ;
#3916 = AXIS2_PLACEMENT_3D ( 'NONE', #1346, #1025, #736 ) ;
#3917 = ORIENTED_EDGE ( 'NONE', *, *, #3857, .F. ) ;
#3918 = DIRECTION ( 'NONE',  ( 0.000000000000000000, -0.000000000000000000, -1.000000000000000000 ) ) ;
#3919 = VERTEX_POINT ( 'NONE', #2581 ) ;
#3920 = FACE_BOUND ( 'NONE', #3428, .T. ) ;
#3921 = CARTESIAN_POINT ( 'NONE',  ( 15.12500000000000355, 0.000000000000000000, 0.000000000000000000 ) ) ;
#3922 = DIRECTION ( 'NONE',  ( -0.000000000000000000, -0.000000000000000000, 1.000000000000000000 ) ) ;
#3923 = LINE ( 'NONE', #2176, #2031 ) ;
#3924 = DIRECTION ( 'NONE',  ( -0.000000000000000000, -0.000000000000000000, 1.000000000000000000 ) ) ;
#3925 = VECTOR ( 'NONE', #710, 1000.000000000000000 ) ;
#3926 = ADVANCED_FACE ( 'NONE', ( #3177, #417, #1652, #2865, #2268, #3474, #3793, #748, #437, #1670, #2882, #660, #2307, #789, #833, #1986, #454, #1685, #2007, #3514, #3214 ), #221, .F. ) ;
#3927 = EDGE_CURVE ( 'NONE', #1516, #1706, #1339, .T. ) ;
#3928 = LINE ( 'NONE', #3289, #2913 ) ;
#3929 = CYLINDRICAL_SURFACE ( 'NONE', #1045, 6.000000000000001776 ) ;
#3930 = ORIENTED_EDGE ( 'NONE', *, *, #2254, .T. ) ;
#3931 = VECTOR ( 'NONE', #2645, 1000.000000000000000 ) ;
#3932 = FACE_OUTER_BOUND ( 'NONE', #113, .T. ) ;
#3933 = EDGE_CURVE ( 'NONE', #2387, #1569, #1844, .T. ) ;
#3934 = ORIENTED_EDGE ( 'NONE', *, *, #2248, .F. ) ;
#3935 = CARTESIAN_POINT ( 'NONE',  ( -21.92500000000000071, 28.10000000000000142, 2.000000000000000000 ) ) ;
#3936 = ORIENTED_EDGE ( 'NONE', *, *, #1430, .F. ) ;
#3937 = VECTOR ( 'NONE', #2671, 1000.000000000000000 ) ;
#3938 = VECTOR ( 'NONE', #339, 1000.000000000000000 ) ;
#3939 = AXIS2_PLACEMENT_3D ( 'NONE', #322, #3603, #2733 ) ;
#3940 = ORIENTED_EDGE ( 'NONE', *, *, #2159, .F. ) ;
#3941 = VECTOR ( 'NONE', #1832, 1000.000000000000000 ) ;
#3942 = CARTESIAN_POINT ( 'NONE',  ( 0.8750000000000007772, -28.10000000000000142, 2.000000000000000000 ) ) ;
#3943 = ORIENTED_EDGE ( 'NONE', *, *, #1687, .T. ) ;
#3944 = FACE_BOUND ( 'NONE', #2597, .T. ) ;
#3945 = CIRCLE ( 'NONE', #236, 1.424999999999999156 ) ;
#3946 = CIRCLE ( 'NONE', #3683, 1.000000000000000888 ) ;
#3947 = DIRECTION ( 'NONE',  ( 0.000000000000000000, 0.000000000000000000, -1.000000000000000000 ) ) ;
#3948 = VECTOR ( 'NONE', #528, 1000.000000000000000 ) ;
#3949 = DIRECTION ( 'NONE',  ( 2.081668171172166620E-14, 1.000000000000000000, 0.000000000000000000 ) ) ;
#3950 = DIRECTION ( 'NONE',  ( -0.000000000000000000, -0.000000000000000000, 1.000000000000000000 ) ) ;
#3951 = FACE_OUTER_BOUND ( 'NONE', #3632, .T. ) ;
#3952 = CYLINDRICAL_SURFACE ( 'NONE', #3939, 1.424999999999999156 ) ;
#3953 = VECTOR ( 'NONE', #2573, 1000.000000000000000 ) ;
#3954 = DIRECTION ( 'NONE',  ( 0.000000000000000000, -1.000000000000000000, -2.394758726656990703E-17 ) ) ;
#3955 = VERTEX_POINT ( 'NONE', #2925 ) ;
#3956 = DIRECTION ( 'NONE',  ( 1.000000000000000000, 0.000000000000000000, 0.000000000000000000 ) ) ;
#3957 = AXIS2_PLACEMENT_3D ( 'NONE', #3124, #385, #1618 ) ;
#3958 = EDGE_CURVE ( 'NONE', #3769, #2981, #2353, .T. ) ;
ENDSEC;
END-ISO-10303-21;
